country,iso_code,year,agri_withdrawal_pct,domestic_withdrawal_pct,indus_withdrawal_pct,water_stress_pct,withdrawal_bcm,withdrawal_yoy_chg_bcm
Afghanistan,AFG,1990,98.914856,0.96421164,0.12093428,52.007095,24.521345,
Afghanistan,AFG,1991,98.88395,0.951243,0.164809,50.881172,23.990473,-0.5309
Afghanistan,AFG,1992,98.85165,0.9376882,0.2106667,49.75677,23.460318,-0.5302
Afghanistan,AFG,1993,98.81785,0.92350656,0.2586449,48.632366,22.93016,-0.5302
Afghanistan,AFG,1994,98.782455,0.9086537,0.3088942,47.50796,22.400003,-0.5302
Afghanistan,AFG,1995,98.74534,0.8930807,0.3615797,46.383556,21.869846,-0.5302
Afghanistan,AFG,1996,98.70638,0.87673396,0.416883,45.25915,21.339691,-0.5302
Afghanistan,AFG,1997,98.66544,0.85955423,0.47500417,44.134747,20.809534,-0.5302
Afghanistan,AFG,1998,98.62236,0.8414763,0.5361642,43.015907,20.282,-0.5275
Afghanistan,AFG,1999,98.61428,0.8008617,0.58485854,43.015907,20.282,0
Afghanistan,AFG,2000,98.6062,0.7602538,0.63354486,43.015907,20.282,0
Afghanistan,AFG,2001,98.51858,0.8080494,0.6733745,43.015907,20.282,0
Afghanistan,AFG,2002,98.43111,0.85576004,0.7131334,43.015907,20.282,0
Afghanistan,AFG,2003,98.343796,0.90338606,0.75282174,43.015907,20.282,0
Afghanistan,AFG,2004,98.25663,0.9509277,0.79243976,43.015907,20.282,0
Afghanistan,AFG,2005,98.169624,0.99838513,0.8319876,43.015907,20.282,0
Afghanistan,AFG,2006,98.169624,0.99838513,0.8319876,43.015907,20.282,0
Afghanistan,AFG,2007,98.169624,0.99838513,0.8319876,43.015907,20.282,0
Afghanistan,AFG,2008,98.169624,0.99838513,0.8319876,43.015907,20.282,0
Afghanistan,AFG,2009,98.169624,0.99838513,0.8319876,43.015907,20.282,0
Afghanistan,AFG,2010,98.169624,0.99838513,0.8319876,43.015907,20.282,0
Afghanistan,AFG,2011,98.169624,0.99838513,0.8319876,43.015907,20.282,0
Afghanistan,AFG,2012,98.169624,0.99838513,0.8319876,43.015907,20.282,0
Afghanistan,AFG,2013,98.169624,0.99838513,0.8319876,43.015907,20.282,0
Afghanistan,AFG,2014,98.169624,0.99838513,0.8319876,43.015907,20.282,0
Afghanistan,AFG,2015,98.169624,0.99838513,0.8319876,43.015907,20.282,0
Afghanistan,AFG,2016,98.169624,0.99838513,0.8319876,43.015907,20.282,0
Afghanistan,AFG,2017,98.169624,0.99838513,0.8319876,43.015907,20.282,0
Afghanistan,AFG,2018,98.169624,0.99838513,0.8319876,43.015907,20.282,0
Afghanistan,AFG,2019,98.169624,0.99838513,0.8319876,43.015907,20.282,0
Afghanistan,AFG,2020,98.169624,0.99838513,0.8319876,43.015907,20.282,0
Afghanistan,AFG,2021,98.169624,0.99838513,0.8319876,43.015907,20.282,0
Afghanistan,AFG,2022,98.169624,0.99838513,0.8319876,43.015907,20.282,0
Africa Eastern and Southern,AFE,1990,84.91391,9.797775,5.192929,,37.10642,
Africa Eastern and Southern,AFE,1991,84.414536,10.505863,5.079936,,37.29009,0.1837
Africa Eastern and Southern,AFE,1992,83.50807,11.415188,5.077208,,39.208553,1.9185
Africa Eastern and Southern,AFE,1993,83.062645,11.934563,5.003411,,39.373356,0.1648
Africa Eastern and Southern,AFE,1994,82.259705,12.960109,4.7809095,,41.95388,2.5805
Africa Eastern and Southern,AFE,1995,81.2753,13.916354,4.8091803,2.3680212,43.10539,1.1515
Africa Eastern and Southern,AFE,1996,80.88136,14.29823,4.820277,2.4083462,43.839188,0.7338
Africa Eastern and Southern,AFE,1997,80.49731,14.671661,4.831032,2.4494293,44.586784,0.7476
Africa Eastern and Southern,AFE,1998,80.12597,15.032722,4.8413105,2.4905126,45.33438,0.7476
Africa Eastern and Southern,AFE,1999,79.75855,15.390221,4.851226,2.5308115,46.098076,0.7637
Africa Eastern and Southern,AFE,2000,79.30584,15.73751,4.956719,2.5825925,47.358635,1.2606
Africa Eastern and Southern,AFE,2001,79.36484,15.691884,4.9434543,2.6569974,48.72267,1.364
Africa Eastern and Southern,AFE,2002,80.84503,14.680345,4.475001,2.8459423,55.65864,6.936
Africa Eastern and Southern,AFE,2003,80.73627,14.813785,4.4499474,2.9157646,57.023853,1.3652
Africa Eastern and Southern,AFE,2004,80.459015,15.092387,4.4486995,2.9762225,58.205997,1.1821
Africa Eastern and Southern,AFE,2005,80.13995,15.3836775,4.4763694,3.0345247,59.345993,1.14
Africa Eastern and Southern,AFE,2006,79.87732,15.637552,4.485129,3.0631764,59.906223,0.5602
Africa Eastern and Southern,AFE,2007,79.80546,15.709996,4.483974,3.0896466,60.4238,0.5176
Africa Eastern and Southern,AFE,2008,79.627106,15.8977585,4.474289,3.131099,61.23433,0.8105
Africa Eastern and Southern,AFE,2009,79.4897,16.020365,4.4899364,3.1563597,61.72826,0.4939
Africa Eastern and Southern,AFE,2010,79.35937,16.150436,4.490197,3.1887693,62.36197,0.6337
Africa Eastern and Southern,AFE,2011,79.38283,16.117662,4.499511,3.2109983,62.79662,0.4347
Africa Eastern and Southern,AFE,2012,84.063095,12.464842,3.4720638,4.577922,90.897736,28.1011
Africa Eastern and Southern,AFE,2013,84.31722,12.297218,3.3855598,4.5431175,90.20676,-0.691
Africa Eastern and Southern,AFE,2014,83.63327,12.008464,4.369645,4.6681943,92.68993,2.4832
Africa Eastern and Southern,AFE,2015,82.96475,11.677217,5.368647,4.7924275,95.15636,2.4664
Africa Eastern and Southern,AFE,2016,83.35975,10.818819,5.8194695,4.868129,96.65928,1.5029
Africa Eastern and Southern,AFE,2017,83.22652,10.806661,5.9668202,4.881813,96.930954,0.2717
Africa Eastern and Southern,AFE,2018,82.85207,9.976818,5.8507323,4.9175377,97.640205,0.7093
Africa Eastern and Southern,AFE,2019,83.51785,10.195597,6.276396,4.960944,98.50196,0.8618
Africa Eastern and Southern,AFE,2020,83.899025,10.057181,6.0440125,5.012011,99.5158,1.0138
Africa Eastern and Southern,AFE,2021,83.51271,10.364225,6.1140757,5.041739,100.105995,0.5902
Africa Western and Central,AFW,1990,74.01866,18.177284,7.804,0.8961887,16.867525,
Africa Western and Central,AFW,1991,73.18848,18.583832,8.227608,0.92933065,17.639996,0.7725
Africa Western and Central,AFW,1992,72.4862,18.900328,8.613363,0.97082126,18.427547,0.7876
Africa Western and Central,AFW,1993,72.03776,19.056355,8.90576,1.0193506,19.348701,0.9212
Africa Western and Central,AFW,1994,71.63027,19.198017,9.171567,1.06788,20.269857,0.9212
Africa Western and Central,AFW,1995,71.023,19.73355,9.243292,1.115791,21.179276,0.9094
Africa Western and Central,AFW,1996,70.46592,20.224827,9.30909,1.1637039,22.08873,0.9095
Africa Western and Central,AFW,1997,69.9101,20.70755,9.382165,1.2092283,22.952845,0.8641
Africa Western and Central,AFW,1998,69.42597,21.154667,9.419169,1.2593439,23.90411,0.9513
Africa Western and Central,AFW,1999,68.674484,21.83477,9.490549,1.3056213,24.782518,0.8784
Africa Western and Central,AFW,2000,68.030205,22.415302,9.554289,1.3518091,25.659231,0.8767
Africa Western and Central,AFW,2001,67.75482,22.619024,9.626053,1.4020307,26.616713,0.9575
Africa Western and Central,AFW,2002,67.21884,23.025143,9.756012,1.4406193,27.349295,0.7326
Africa Western and Central,AFW,2003,66.24013,23.76867,9.991203,1.4625837,27.766273,0.417
Africa Western and Central,AFW,2004,65.292816,24.488276,10.218911,1.484548,28.183252,0.417
Africa Western and Central,AFW,2005,64.46119,25.125025,10.413787,1.5103208,28.672535,0.4893
Africa Western and Central,AFW,2006,64.36861,25.372667,10.256921,1.5257,28.964499,0.292
Africa Western and Central,AFW,2007,64.275085,25.612633,10.112281,1.5399346,29.234735,0.2702
Africa Western and Central,AFW,2008,64.18959,25.840736,9.969676,1.5542396,29.506308,0.2716
Africa Western and Central,AFW,2009,64.111916,26.058683,9.829402,1.5685502,29.777985,0.2717
Africa Western and Central,AFW,2010,64.04095,26.267572,9.691479,1.5828607,30.049662,0.2717
Africa Western and Central,AFW,2011,64.35202,26.035976,9.612003,1.5878373,30.144138,0.0945
Africa Western and Central,AFW,2012,64.66008,25.80613,9.532064,1.5929468,30.241138,0.097
Africa Western and Central,AFW,2013,64.68385,25.821012,9.494271,1.5974882,30.327354,0.0862
Africa Western and Central,AFW,2014,64.721985,25.824236,9.453783,1.6020929,30.41477,0.0874
Africa Western and Central,AFW,2015,64.854195,25.802177,9.343625,1.6197907,30.750753,0.336
Africa Western and Central,AFW,2016,64.87557,25.812395,9.312029,1.6242303,30.835037,0.0843
Africa Western and Central,AFW,2017,64.68037,25.975716,9.343917,1.6179364,30.715551,-0.1195
Africa Western and Central,AFW,2018,66.221504,24.845524,8.932971,1.6934103,32.148376,1.4328
Africa Western and Central,AFW,2019,66.382385,24.735579,8.88203,1.7040138,32.34968,0.2013
Africa Western and Central,AFW,2020,66.34563,24.782898,8.871465,1.7071722,32.409637,0.06
Africa Western and Central,AFW,2021,66.39644,24.722233,8.881321,1.7053128,32.37434,-0.0353
Albania,ALB,1990,83.333336,8.333333,8.333333,4.4609666,1.2,
Albania,ALB,1991,78.37017,12.170032,9.4598,4.430409,1.19178,-0.0082
Albania,ALB,1992,73.338066,16.060022,10.6019125,4.3998513,1.18356,-0.0082
Albania,ALB,1993,68.23557,20.004425,11.760001,4.3692937,1.17534,-0.0082
Albania,ALB,1994,63.06121,24.004387,12.934402,4.338736,1.16712,-0.0082
Albania,ALB,1995,57.813442,28.061092,14.1254635,4.3081784,1.1589,-0.0082
Albania,ALB,1996,57.774895,28.597029,13.6280775,4.812937,1.29468,0.1358
Albania,ALB,1997,57.743664,29.031221,13.225117,5.317695,1.43046,0.1358
Albania,ALB,1998,57.717846,29.390131,12.892022,5.8224535,1.56624,0.1358
Albania,ALB,1999,57.696148,29.691778,12.612073,6.327212,1.70202,0.1358
Albania,ALB,2000,57.677658,29.948853,12.37349,6.83197,1.8378,0.1358
Albania,ALB,2001,55.391155,31.567701,13.041143,6.507286,1.75046,-0.0873
Albania,ALB,2002,52.864494,33.356583,13.778921,6.1826024,1.66312,-0.0873
Albania,ALB,2003,50.05775,35.343765,14.598485,5.8579183,1.57578,-0.0873
Albania,ALB,2004,46.921608,37.56416,15.51423,5.533234,1.48844,-0.0873
Albania,ALB,2005,43.394474,40.06138,16.544144,5.20855,1.4011,-0.0873
Albania,ALB,2006,40.67839,41.902046,17.419563,4.730186,1.27242,-0.1287
Albania,ALB,2007,42.57297,40.47638,16.950647,4.6384387,1.24774,-0.0247
Albania,ALB,2008,44.544014,38.99318,16.462807,4.5466914,1.22306,-0.0247
Albania,ALB,2009,46.596237,37.44889,15.954872,4.454944,1.19838,-0.0247
Albania,ALB,2010,48.73477,35.839653,15.425577,4.363197,1.1737,-0.0247
Albania,ALB,2011,50.96517,34.161285,14.873545,4.27145,1.14902,-0.0247
Albania,ALB,2012,53.293488,32.409237,14.2972765,4.1797028,1.12434,-0.0247
Albania,ALB,2013,55.726315,30.578543,13.695142,4.0879555,1.09966,-0.0247
Albania,ALB,2014,58.27085,28.66379,13.065359,3.9962082,1.07498,-0.0247
Albania,ALB,2015,69.565216,30.434782,14.163043,3.4200745,0.92,-0.155
Albania,ALB,2016,70.26432,29.735683,13.232379,4.0594797,1.092,0.172
Albania,ALB,2017,64.01099,25.91575,10.07326,4.0557623,1.091,-0.001
Albania,ALB,2018,68.16284,21.607515,10.229645,3.5613382,0.958,-0.133
Albania,ALB,2019,61.18479,21.043325,17.771883,4.204461,1.131,0.173
Albania,ALB,2020,69.338425,28.625954,2.0356233,2.9219332,0.786,-0.345
Albania,ALB,2021,70.85427,27.889448,1.2562814,2.9591079,0.796,0.01
Albania,ALB,2022,70.89084,27.728983,1.3801757,2.9628253,0.797,0.001
Algeria,DZA,1990,60,24.88889,15.111111,39.441628,4.436,
Algeria,DZA,1991,60.084587,25.570913,14.344501,40.505993,4.555709,0.1197
Algeria,DZA,1992,60.16506,26.219772,13.61517,41.57036,4.6754184,0.1197
Algeria,DZA,1993,60.24171,26.837826,12.920464,42.634724,4.7951274,0.1197
Algeria,DZA,1994,60.314808,27.427217,12.257975,43.69909,4.9148364,0.1197
Algeria,DZA,1995,60.38459,27.989897,11.625511,44.76345,5.0345454,0.1197
Algeria,DZA,1996,60.451283,28.52764,11.021079,45.827816,5.1542544,0.1197
Algeria,DZA,1997,60.515083,29.042065,10.442853,46.89218,5.2739635,0.1197
Algeria,DZA,1998,60.576176,29.534658,9.889166,47.956547,5.393673,0.1197
Algeria,DZA,1999,60.634727,30.006783,9.358489,49.020912,5.513382,0.1197
Algeria,DZA,2000,60.6909,30.459686,8.849415,50.085274,5.633091,0.1197
Algeria,DZA,2001,60.128773,31.407927,8.4633,51.63303,5.8071666,0.1741
Algeria,DZA,2002,60.015,31.96875,8.01625,53.73527,6.0436063,0.2364
Algeria,DZA,2003,59.90977,32.487457,7.6027718,55.30582,6.2202454,0.1766
Algeria,DZA,2004,59.812157,32.968624,7.21922,56.876366,6.396885,0.1766
Algeria,DZA,2005,59.721363,33.41618,6.8624597,58.44691,6.5735245,0.1766
Algeria,DZA,2006,59.636692,33.833527,6.529778,60.01746,6.7501636,0.1766
Algeria,DZA,2007,59.557556,34.22363,6.218817,61.588005,6.926803,0.1766
Algeria,DZA,2008,59.483418,34.589066,5.9275165,63.158554,7.103442,0.1766
Algeria,DZA,2009,59.413826,34.932102,5.6540694,64.7291,7.2800817,0.1766
Algeria,DZA,2010,59.348373,35.254745,5.396883,66.299644,7.4567213,0.1766
Algeria,DZA,2011,59.286697,35.558754,5.1545486,67.87019,7.6333604,0.1766
Algeria,DZA,2012,59.228485,35.845695,4.925816,69.35183,7.8,0.1666
Algeria,DZA,2013,61.60402,34.774006,3.6219754,72.771996,8.184667,0.3847
Algeria,DZA,2014,63.803905,33.781555,2.4145386,76.19217,8.569333,0.3847
Algeria,DZA,2015,65.84694,32.859867,1.2931948,79.61234,8.954,0.3847
Algeria,DZA,2016,64.14111,33.974743,1.8841451,82.06633,9.23,0.276
Algeria,DZA,2017,63.7641,34.410248,1.8256547,87.15213,9.802,0.572
Algeria,DZA,2018,64.45536,33.694977,1.8496642,89.60316,10.077666,0.2757
Algeria,DZA,2019,65.11381,33.013657,1.8725342,92.05418,10.353333,0.2757
Algeria,DZA,2020,65.74173,32.363926,1.8943436,94.5052,10.629,0.2757
Algeria,DZA,2021,67.14999,30.91046,1.9395537,88.84147,9.992,-0.637
Algeria,DZA,2022,67.42998,30.918713,1.6513091,91.50885,10.292,0.3
Angola,AGO,1990,63.67626,20.947704,15.376032,0.34933472,0.5170154,
Angola,AGO,1991,59.938972,23.060158,17.000872,0.35767153,0.52935386,0.0123
Angola,AGO,1992,56.37203,25.076323,18.551651,0.3660083,0.5416923,0.0123
Angola,AGO,1993,52.964043,27.002638,20.03332,0.37434512,0.5540308,0.0123
Angola,AGO,1994,49.704624,28.844978,21.450397,0.3826819,0.56636924,0.0123
Angola,AGO,1995,46.584263,30.608719,22.807018,0.39101872,0.5787077,0.0123
Angola,AGO,1996,43.59425,32.298782,24.106968,0.3993555,0.59104615,0.0123
Angola,AGO,1997,40.726578,33.919693,25.35373,0.4076923,0.6033846,0.0123
Angola,AGO,1998,37.973892,35.47561,26.550497,0.4160291,0.6157231,0.0123
Angola,AGO,1999,35.329414,36.970364,27.70022,0.4243659,0.62806153,0.0123
Angola,AGO,2000,32.786884,38.407494,28.80562,0.4327027,0.6404,0.0123
Angola,AGO,2001,30.194626,39.88922,29.916151,0.44152704,0.65346,0.0131
Angola,AGO,2002,27.70394,41.312893,30.98317,0.45035136,0.66652,0.0131
Angola,AGO,2003,25.30897,42.68185,32.009182,0.45917568,0.67958,0.0131
Angola,AGO,2004,23.004301,43.99919,32.996506,0.468,0.69264,0.0131
Angola,AGO,2005,20.784925,45.26778,33.947292,0.4768243,0.7057,0.0131
Angola,AGO,2006,20.784925,45.26778,33.947292,0.4768243,0.7057,0
Angola,AGO,2007,20.784925,45.26778,33.947292,0.4768243,0.7057,0
Angola,AGO,2008,20.784925,45.26778,33.947292,0.4768243,0.7057,0
Angola,AGO,2009,20.784925,45.26778,33.947292,0.4768243,0.7057,0
Angola,AGO,2010,20.784925,45.26778,33.947292,0.4768243,0.7057,0
Angola,AGO,2011,20.784925,45.26778,33.947292,0.4768243,0.7057,0
Angola,AGO,2012,20.784925,45.26778,33.947292,0.4768243,0.7057,0
Angola,AGO,2013,20.784925,45.26778,33.947292,0.4768243,0.7057,0
Angola,AGO,2014,20.784925,45.26778,33.947292,0.4768243,0.7057,0
Angola,AGO,2015,20.784925,45.26778,33.947292,0.4768243,0.7057,0
Angola,AGO,2016,20.784925,45.26778,33.947292,0.4768243,0.7057,0
Angola,AGO,2017,20.784925,45.26778,33.947292,0.4768243,0.7057,0
Angola,AGO,2018,20.784925,45.26778,33.947292,0.4768243,0.7057,0
Angola,AGO,2019,20.784925,45.26778,33.947292,0.4768243,0.7057,0
Angola,AGO,2020,20.784925,45.26778,33.947292,0.4768243,0.7057,0
Angola,AGO,2021,20.784925,45.26778,33.947292,0.4768243,0.7057,0
Angola,AGO,2022,20.784925,45.26778,33.947292,0.4768243,0.7057,0
Antigua and Barbuda,ATG,1990,20,60,20,3.2692308,0.0017,
Antigua and Barbuda,ATG,1991,19.952623,60.331635,20.15306,3.705129,0.001926667,0.0002
Antigua and Barbuda,ATG,1992,19.909185,60.635696,20.293398,4.141025,0.002153333,0.0002
Antigua and Barbuda,ATG,1993,19.869215,60.915493,20.422535,4.576923,0.00238,0.0002
Antigua and Barbuda,ATG,1994,19.832312,61.173817,20.541761,5.012821,0.002606667,0.0002
Antigua and Barbuda,ATG,1995,19.798136,61.413044,20.652174,5.448717,0.002833333,0.0002
Antigua and Barbuda,ATG,1996,19.766397,61.63522,20.754717,5.8846154,0.00306,0.0002
Antigua and Barbuda,ATG,1997,19.736841,61.842106,20.850203,6.3205132,0.003286667,0.0002
Antigua and Barbuda,ATG,1998,19.080235,62.035225,20.939335,6.7564096,0.003513333,0.0002
Antigua and Barbuda,ATG,1999,18.46591,62.215908,21.022728,7.1923075,0.00374,0.0002
Antigua and Barbuda,ATG,2000,17.889908,62.385323,21.100918,7.628206,0.003966667,0.0002
Antigua and Barbuda,ATG,2001,17.165493,61.883804,20.950705,8.064102,0.004193333,0.0002
Antigua and Barbuda,ATG,2002,16.839378,62.6943,21.243523,8.5,0.00442,0.0002
Antigua and Barbuda,ATG,2003,16.35906,62.83557,21.308725,8.935898,0.004646667,0.0002
Antigua and Barbuda,ATG,2004,15.905383,62.969006,21.37031,9.371795,0.004873333,0.0002
Antigua and Barbuda,ATG,2005,15.476191,63.095238,21.428572,9.807693,0.0051,0.0002
Antigua and Barbuda,ATG,2006,15.508885,63.004845,21.486269,9.615385,0.005,-1.00E-04
Antigua and Barbuda,ATG,2007,15.538462,62.923077,21.538462,9.423077,0.0049,-1.00E-04
Antigua and Barbuda,ATG,2008,15.565345,62.84875,21.585903,9.230769,0.0048,-1.00E-04
Antigua and Barbuda,ATG,2009,15.589888,62.7809,21.629213,9.038462,0.0047,-1.00E-04
Antigua and Barbuda,ATG,2010,15.612382,62.718708,21.66891,8.846154,0.0046,-1.00E-04
Antigua and Barbuda,ATG,2011,15.633075,62.6615,21.705427,8.653846,0.0045,-1.00E-04
Antigua and Barbuda,ATG,2012,15.652174,62.608696,21.73913,8.461538,0.0044,-1.00E-04
Antigua and Barbuda,ATG,2013,15.652174,62.608696,21.73913,8.461538,0.0044,0
Antigua and Barbuda,ATG,2014,15.652174,62.608696,21.73913,8.461538,0.0044,0
Antigua and Barbuda,ATG,2015,15.652174,62.608696,21.73913,8.461538,0.0044,0
Antigua and Barbuda,ATG,2016,15.652174,62.608696,21.73913,8.461538,0.0044,0
Antigua and Barbuda,ATG,2017,15.652174,62.608696,21.73913,8.461538,0.0044,0
Antigua and Barbuda,ATG,2018,15.652174,62.608696,21.73913,8.461538,0.0044,0
Antigua and Barbuda,ATG,2019,15.652174,62.608696,21.73913,8.461538,0.0044,0
Antigua and Barbuda,ATG,2020,15.652174,62.608696,21.73913,8.461538,0.0044,0
Antigua and Barbuda,ATG,2021,15.652174,62.608696,21.73913,8.461538,0.0044,0
Antigua and Barbuda,ATG,2022,15.652174,62.608696,21.73913,8.461538,0.0044,0
Arab World,ARB,2014,86.00638,10.856495,3.1371276,183.81273,207.95976,
Arab World,ARB,2015,85.69701,11.210716,3.0840416,181.01656,204.82664,-3.1331
Arab World,ARB,2016,85.52114,11.297959,3.1813197,183.91327,208.1287,3.302
Arab World,ARB,2017,82.94724,11.36233,5.9553747,203.72556,230.5277,22.399
Arab World,ARB,2018,83.25358,11.823189,6.607934,195.99046,221.80421,-8.7235
Arab World,ARB,2019,80.9165,13.051026,6.03164,216.43507,244.86124,23.057
Arab World,ARB,2020,79.96967,14.40774,5.6225934,206.21098,233.33072,-11.5305
Arab World,ARB,2021,80.22728,13.809447,5.9844,203.7754,230.58392,-2.7468
Argentina,ARG,1990,,,,9.699111,28.321405,
Argentina,ARG,1991,,,,9.7168255,28.37313,0.0517
Argentina,ARG,1992,,,,9.734477,28.424673,0.0515
Argentina,ARG,1993,,,,9.752129,28.476215,0.0515
Argentina,ARG,1994,,,,9.76978,28.527758,0.0515
Argentina,ARG,1995,75.29741,15.955214,8.7473755,9.787432,28.5793,0.0515
Argentina,ARG,1996,74.32062,16.026678,9.652701,9.909858,28.936785,0.3575
Argentina,ARG,1997,73.36885,16.096313,10.534839,10.032284,29.29427,0.3575
Argentina,ARG,1998,72.44115,16.164188,11.394669,10.154711,29.651754,0.3575
Argentina,ARG,1999,71.536606,16.230366,12.233026,10.277137,30.00924,0.3575
Argentina,ARG,2000,70.65438,16.294912,13.050705,10.399564,30.366726,0.3575
Argentina,ARG,2001,71.01563,16.205471,12.778899,10.627508,31.032322,0.6656
Argentina,ARG,2002,71.36175,16.119772,12.5184765,10.855453,31.69792,0.6656
Argentina,ARG,2003,71.69367,16.03759,12.268736,11.083397,32.363518,0.6656
Argentina,ARG,2004,72.01225,15.958712,12.029033,11.311341,33.029118,0.6656
Argentina,ARG,2005,72.31828,15.88294,11.798775,11.539286,33.694714,0.6656
Argentina,ARG,2006,72.61249,15.810098,11.5774145,11.76723,34.36031,0.6656
Argentina,ARG,2007,72.89554,15.740016,11.364446,11.995174,35.02591,0.6656
Argentina,ARG,2008,73.16806,15.672542,11.159399,12.223119,35.691505,0.6656
Argentina,ARG,2009,73.430626,15.607532,10.961843,12.451063,36.357105,0.6656
Argentina,ARG,2010,73.68378,15.544853,10.771372,12.679008,37.0227,0.6656
Argentina,ARG,2011,73.928,15.484384,10.587612,12.907535,37.69,0.6673
Argentina,ARG,2012,73.928,15.484384,10.587612,12.907535,37.69,0
Argentina,ARG,2013,73.928,15.484384,10.587612,12.907535,37.69,0
Argentina,ARG,2014,73.928,15.484384,10.587612,12.907535,37.69,0
Argentina,ARG,2015,73.928,15.484384,10.587612,12.907535,37.69,0
Argentina,ARG,2016,73.928,15.484384,10.587612,12.907535,37.69,0
Argentina,ARG,2017,73.928,15.484384,10.587612,12.907535,37.69,0
Argentina,ARG,2018,73.928,15.484384,10.587612,12.907535,37.69,0
Argentina,ARG,2019,73.928,15.484384,10.587612,12.907535,37.69,0
Argentina,ARG,2020,73.928,15.484384,10.587612,12.907535,37.69,0
Argentina,ARG,2021,73.928,15.484384,10.587612,12.907535,37.69,0
Argentina,ARG,2022,73.928,15.484384,10.587612,12.907535,37.69,0
Armenia,ARM,1993,,,,46.624874,3.198,
Armenia,ARM,1994,,,,43.490303,2.983,-0.215
Armenia,ARM,1995,66.32478,29.572649,4.1025643,36.90042,2.531,-0.452
Armenia,ARM,1996,66.2756,29.59352,4.1308813,33.197258,2.277,-0.254
Armenia,ARM,1997,66.21994,29.617134,4.1629267,26.97186,1.85,-0.427
Armenia,ARM,1998,66.15643,29.64408,4.199488,29.071293,1.994,0.144
Armenia,ARM,1999,66.0833,29.675108,4.2415924,28.66307,1.966,-0.028
Armenia,ARM,2000,65.99817,29.711227,4.290604,27.278028,1.871,-0.095
Armenia,ARM,2001,65.8928,29.758121,4.349082,25.164019,1.726,-0.145
Armenia,ARM,2002,65.7667,29.814238,4.4190607,25.266073,1.733,0.007
Armenia,ARM,2003,65.752174,29.82385,4.4239726,28.808865,1.976,0.243
Armenia,ARM,2004,65.75802,29.821243,4.4207373,36.4922,2.503,0.527
Armenia,ARM,2005,65.75577,29.820665,4.4235697,40.399475,2.771,0.268
Armenia,ARM,2006,65.75876,29.819597,4.4216485,41.21592,2.827,0.056
Armenia,ARM,2007,66.95005,28.160822,4.889125,43.913105,3.012,0.185
Armenia,ARM,2008,64.678116,29.380884,5.940999,41.886574,2.873,-0.139
Armenia,ARM,2009,61.8423,30.903759,7.2539425,35.923603,2.464,-0.409
Armenia,ARM,2010,58.202927,32.858154,8.93892,31.010351,2.127,-0.337
Armenia,ARM,2011,67.473335,24.729286,7.7973747,35.54454,2.438,0.311
Armenia,ARM,2012,71.6763,20.418224,7.8952737,42.87797,2.941,0.503
Armenia,ARM,2013,77.50889,18.314436,4.1766796,43.08208,2.955,0.014
Armenia,ARM,2014,74.9082,19.059277,6.032523,41.69704,2.86,-0.095
Armenia,ARM,2015,81.74312,14.954128,3.3455658,47.689167,3.271,0.411
Armenia,ARM,2016,80,16.672956,3.4339623,46.37702,3.181,-0.09
Armenia,ARM,2017,73.17073,23.344948,4.264808,41.842834,2.87,-0.311
Armenia,ARM,2018,69.34414,25.865881,4.789978,39.56845,2.714,-0.156
Armenia,ARM,2019,74.48517,21.46597,4.048866,41.769936,2.865,0.151
Armenia,ARM,2020,70.34288,23.082361,6.5747614,41.25966,2.83,-0.035
Armenia,ARM,2021,76.0364,20.256151,3.7074485,43.257034,2.967,0.137
Armenia,ARM,2022,77.47396,17.643229,4.8828125,44.78787,3.072,0.105
Australia,AUS,1993,65.44672,,,3.770366,18.5502,
Australia,AUS,1994,69.48912,,,4.290691,21.1102,2.56
Australia,AUS,1995,66.95171,,,4.0345936,19.8502,-1.26
Australia,AUS,1996,69.85129,,,4.5041056,22.1602,2.31
Australia,AUS,1997,69.73565,,,4.456951,21.9282,-0.232
Australia,AUS,1998,69.61899,,,4.4354067,21.8222,-0.106
Australia,AUS,1999,69.50128,,,4.4138618,21.7162,-0.106
Australia,AUS,2000,69.382515,,,4.4022846,21.65924,-0.057
Australia,AUS,2001,69.26267,20.474655,10.262672,4.376829,21.534,-0.1252
Australia,AUS,2002,68.361496,20.891216,10.747291,4.2345123,20.8338,-0.7002
Australia,AUS,2003,67.394905,21.338013,11.267083,4.092195,20.1336,-0.7002
Australia,AUS,2004,66.355515,21.818462,11.826027,3.949878,19.4334,-0.7002
Australia,AUS,2005,65.23477,22.336514,12.428716,3.807561,18.7332,-0.7002
Australia,AUS,2006,62.59364,23.74021,13.66615,3.5684247,17.55665,-1.1765
Australia,AUS,2007,59.574078,25.345032,15.080889,3.3292887,16.3801,-1.1765
Australia,AUS,2008,56.088474,27.197546,16.713978,3.0901525,15.20355,-1.1765
Australia,AUS,2009,52.019917,29.359886,18.6202,2.8510163,14.027,-1.1765
Australia,AUS,2010,53.83321,27.34455,18.822239,2.6778455,13.175,-0.852
Australia,AUS,2011,55.113976,24.44511,20.440912,2.6859756,13.215,0.04
Australia,AUS,2012,59.84768,23.372246,16.780073,3.2252033,15.868,2.653
Australia,AUS,2013,65.677536,21.56674,12.755722,3.89187,19.148,3.28
Australia,AUS,2014,63.358368,22.35515,14.286481,3.7526424,18.463,-0.685
Australia,AUS,2015,54.2412,23.167917,15.972302,1.8739837,9.22,-9.243
Australia,AUS,2016,65.53727,22.999762,20.924904,2.1591463,10.623,1.403
Australia,AUS,2017,69.41419,14.992755,15.593055,2.4509435,12.058641,1.4356
Australia,AUS,2018,70.6583,12.854635,16.487062,2.5060976,12.33,0.2714
Australia,AUS,2019,66.64541,15.880102,17.47449,2.1463416,10.56,-1.77
Australia,AUS,2020,62.324203,15.618061,22.057735,1.7032521,8.38,-2.18
Australia,AUS,2021,66.137886,14.399024,19.463087,2.2479675,11.06,2.68
Australia,AUS,2022,66.88583,14.524806,18.589361,2.3617885,11.62,0.56
Austria,AUT,1990,2.6266713,17.995325,79.378006,6.918182,3.805,
Austria,AUT,1991,2.6770177,18.377728,78.94525,6.788,3.7334,-0.0716
Austria,AUT,1992,2.7293322,18.775076,78.49559,6.6578183,3.6618,-0.0716
Austria,AUT,1993,2.783732,19.188263,78.02801,6.5276365,3.5902,-0.0716
Austria,AUT,1994,2.8403442,19.618258,77.5414,6.3974547,3.5186,-0.0716
Austria,AUT,1995,2.899307,20.066105,77.03459,6.267273,3.447,-0.0716
Austria,AUT,1996,2.8196018,19.443975,77.73643,6.4445453,3.5445,0.0975
Austria,AUT,1997,2.7441618,18.855135,78.4007,6.621818,3.642,0.0975
Austria,AUT,1998,2.735333,18.54263,78.72207,6.643636,3.654,0.012
Austria,AUT,1999,2.7265043,18.232134,79.04136,6.6654544,3.666,0.012
Austria,AUT,2000,2.7485533,18.193895,79.05755,6.610909,3.636,-0.03
Austria,AUT,2001,2.7709615,18.155033,79.074005,6.558182,3.607,-0.029
Austria,AUT,2002,2.7937384,18.11553,79.09073,6.5036364,3.577,-0.03
Austria,AUT,2003,2.7384672,18.08996,79.17157,6.483864,3.566125,-0.0109
Austria,AUT,2004,2.6821806,18.063921,79.2539,6.464091,3.55525,-0.0109
Austria,AUT,2005,2.6248505,18.037397,79.33775,6.4443183,3.544375,-0.0109
Austria,AUT,2006,2.5664477,18.01038,79.42317,6.4245453,3.5335,-0.0109
Austria,AUT,2007,2.5069413,17.98285,79.51021,6.4047728,3.522625,-0.0109
Austria,AUT,2008,2.4463003,17.954796,79.59891,6.385,3.51175,-0.0109
Austria,AUT,2009,2.3554256,19.55773,78.086845,6.365227,3.500875,-0.0109
Austria,AUT,2010,2.2650368,21.152094,76.58287,6.3454547,3.49,-0.0109
Austria,AUT,2011,2.4391413,21.619062,75.941795,6.2747474,3.451111,-0.0389
Austria,AUT,2012,2.616298,22.094215,75.28949,6.2040405,3.4122221,-0.0389
Austria,AUT,2013,2.796588,22.577774,74.62564,6.133333,3.3733332,-0.0389
Austria,AUT,2014,2.9800954,23.069962,73.94994,6.0626264,3.3344445,-0.0389
Austria,AUT,2015,3.1669066,23.571009,73.262085,5.991919,3.2955556,-0.0389
Austria,AUT,2016,3.3571122,24.081161,72.56173,5.921212,3.2566667,-0.0389
Austria,AUT,2017,3.5508053,24.600668,71.848526,5.850505,3.2177777,-0.0389
Austria,AUT,2018,3.7480826,25.129787,71.12213,5.779798,3.1788888,-0.0389
Austria,AUT,2019,3.9490447,25.668789,70.382164,5.7090907,3.14,-0.0389
Austria,AUT,2020,4.502558,15.2502365,80.24721,5.7090907,3.14,0
Austria,AUT,2021,5.236531,1.4349784,93.32849,5.7090907,3.14,0
Austria,AUT,2022,5.2356906,1.4507929,93.313515,5.7090907,3.14,0
Azerbaijan,AZE,1992,67.46081,6.2523146,26.286879,199.65495,16.202,
Azerbaijan,AZE,1993,70.12777,5.2357173,24.63651,201.33087,16.338,0.136
Azerbaijan,AZE,1994,75.04203,4.8169055,20.141062,180.32039,14.633,-1.705
Azerbaijan,AZE,1995,75.53735,4.285939,20.176708,172.15034,13.97,-0.663
Azerbaijan,AZE,1996,74.809814,3.252407,21.937775,165.8287,13.457,-0.513
Azerbaijan,AZE,1997,73.94977,2.8440375,23.206194,154.25755,12.518,-0.939
Azerbaijan,AZE,1998,64.94192,3.9891357,31.068947,126.12446,10.235,-2.283
Azerbaijan,AZE,1999,56.44218,7.1858287,36.37199,147.47998,11.968,1.733
Azerbaijan,AZE,2000,90,4.7952685,5.2047315,135.42822,10.99,-0.978
Azerbaijan,AZE,2001,90.204575,3.60778,6.187645,122.27973,9.923,-1.067
Azerbaijan,AZE,2002,88.16413,6.1800585,5.6558123,122.23044,9.919,-0.004
Azerbaijan,AZE,2003,86.79407,6.6172276,6.588705,129.61183,10.518,0.599
Azerbaijan,AZE,2004,87.19463,6.407159,6.3982105,137.70795,11.175,0.657
Azerbaijan,AZE,2005,88.51695,4.7966104,6.6864405,145.40973,11.8,0.625
Azerbaijan,AZE,2006,88.58696,4.3066535,7.10639,149.6488,12.144,0.344
Azerbaijan,AZE,2007,89.91312,4.029789,6.0570955,148.92175,12.085,-0.059
Azerbaijan,AZE,2008,90.841286,3.503903,5.654814,142.08257,11.53,-0.555
Azerbaijan,AZE,2009,92.46858,3.5278277,4.0035906,137.27664,11.14,-0.39
Azerbaijan,AZE,2010,92.06928,3.4822242,4.448496,135.18176,10.97,-0.17
Azerbaijan,AZE,2011,91.067635,4.249292,4.6830735,139.19902,11.296,0.326
Azerbaijan,AZE,2012,90.59708,4.125261,5.277662,147.56624,11.975,0.679
Azerbaijan,AZE,2013,90.536934,4.035351,5.427714,147.80037,11.994,0.019
Azerbaijan,AZE,2014,89.87232,4.3305726,5.7971015,142.84657,11.592,-0.402
Azerbaijan,AZE,2015,91.14552,3.8839934,4.970485,144.0419,11.689,0.097
Azerbaijan,AZE,2016,91.09277,3.502273,5.40495,146.37091,11.878,0.189
Azerbaijan,AZE,2017,92.087456,3.2673268,4.6452146,149.35304,12.12,0.242
Azerbaijan,AZE,2018,92.35638,3.476617,4.1670094,149.93222,12.167,0.047
Azerbaijan,AZE,2019,92.24782,3.24861,4.5035744,155.14479,12.59,0.423
Azerbaijan,AZE,2020,91.83055,3.531629,4.6378236,150.37683,12.20308,-0.3869
Azerbaijan,AZE,2021,92.24244,3.1462061,4.611351,159.8011,12.96786,0.7648
Azerbaijan,AZE,2022,92.24244,3.1462061,4.611351,160.52988,13.027,0.0591
Bahrain,BHR,1990,56.485355,39.330544,4.1841006,4872.5,0.1949,
Bahrain,BHR,1991,55.45631,40.222378,4.321311,4956.731,0.19826923,0.0034
Bahrain,BHR,1992,54.512165,41.040634,4.447201,5194.1826,0.20776731,0.0095
Bahrain,BHR,1993,53.642834,41.79405,4.563115,5447.2114,0.21788846,0.0101
Bahrain,BHR,1994,52.839764,42.490044,4.6701946,5700.24,0.22800961,0.0101
Bahrain,BHR,1995,52.09565,43.134937,4.7694125,5953.269,0.23813076,0.0101
Bahrain,BHR,1996,51.40424,43.734158,4.8616037,6206.298,0.24825193,0.0101
Bahrain,BHR,1997,50.760117,44.292393,4.9474897,6459.327,0.25837308,0.0101
Bahrain,BHR,1998,50.158596,44.81371,5.0276947,6712.356,0.26849422,0.0101
Bahrain,BHR,1999,49.59558,45.30165,5.1027656,6965.385,0.2786154,0.0101
Bahrain,BHR,2000,49.067497,45.759327,5.1731796,7218.4136,0.28873655,0.0101
Bahrain,BHR,2001,47.528233,47.12616,5.3456078,6808.109,0.27232435,-0.0164
Bahrain,BHR,2002,46.020702,48.464817,5.514482,6397.8047,0.25591218,-0.0164
Bahrain,BHR,2003,44.54393,49.77616,5.6799107,5967.5,0.2387,-0.0172
Bahrain,BHR,2004,43.166943,51.279167,5.5538898,5832.0454,0.23328182,-0.0054
Bahrain,BHR,2005,41.83809,52.729637,5.4322743,5696.591,0.22786364,-0.0054
Bahrain,BHR,2006,40.554886,54.130276,5.314837,5561.136,0.22244546,-0.0054
Bahrain,BHR,2007,39.31502,55.483612,5.201366,5425.6816,0.21702728,-0.0054
Bahrain,BHR,2008,38.11634,56.791996,5.091664,5290.227,0.2116091,-0.0054
Bahrain,BHR,2009,36.95682,58.057632,4.9855456,5154.773,0.20619091,-0.0054
Bahrain,BHR,2010,35.834576,59.282585,4.8828387,5019.3184,0.20077273,-0.0054
Bahrain,BHR,2011,34.747833,60.468784,4.7833815,4883.864,0.19535455,-0.0054
Bahrain,BHR,2012,33.69494,61.61804,4.6870217,4748.409,0.18993637,-0.0054
Bahrain,BHR,2013,32.67433,62.732048,4.593617,4612.9546,0.18451819,-0.0054
Bahrain,BHR,2014,31.684555,63.812412,4.503033,4477.5,0.1791,-0.0054
Bahrain,BHR,2015,32.168648,64.50035,3.331004,3977.5,0.1591,-0.02
Bahrain,BHR,2016,33.310314,63.443832,3.2458563,3877.5,0.1551,-0.004
Bahrain,BHR,2017,33.310314,63.443832,3.2458563,3877.5,0.1551,0
Bahrain,BHR,2018,33.310314,63.443832,3.2458563,3877.5,0.1551,0
Bahrain,BHR,2019,33.310314,63.443832,3.2458563,3877.5,0.1551,0
Bahrain,BHR,2020,33.310314,63.443832,3.2458563,3877.5,0.1551,0
Bahrain,BHR,2021,33.310314,63.443832,3.2458563,3877.5,0.1551,0
Bahrain,BHR,2022,33.310314,63.443832,3.2458563,3877.5,0.1551,0
Bangladesh,BGD,2008,87.817116,10.036242,2.1466405,34.161903,35.87,
Bangladesh,BGD,2009,87.817116,10.036242,2.1466405,34.161903,35.87,0
Bangladesh,BGD,2010,87.817116,10.036242,2.1466405,34.161903,35.87,0
Bangladesh,BGD,2011,87.817116,10.036242,2.1466405,34.161903,35.87,0
Bangladesh,BGD,2012,87.817116,10.036242,2.1466405,34.161903,35.87,0
Bangladesh,BGD,2013,87.817116,10.036242,2.1466405,34.161903,35.87,0
Bangladesh,BGD,2014,87.817116,10.036242,2.1466405,34.161903,35.87,0
Bangladesh,BGD,2015,87.817116,10.036242,2.1466405,34.161903,35.87,0
Bangladesh,BGD,2016,87.817116,10.036242,2.1466405,34.161903,35.87,0
Bangladesh,BGD,2017,87.817116,10.036242,2.1466405,34.161903,35.87,0
Bangladesh,BGD,2018,87.817116,10.036242,2.1466405,34.161903,35.87,0
Bangladesh,BGD,2019,87.817116,10.036242,2.1466405,34.161903,35.87,0
Bangladesh,BGD,2020,87.817116,10.036242,2.1466405,34.161903,35.87,0
Bangladesh,BGD,2021,87.817116,10.036242,2.1466405,34.161903,35.87,0
Bangladesh,BGD,2022,87.817116,10.036242,2.1466405,34.161903,35.87,0
Barbados,BRB,1990,76.111115,,,90,0.072,
Barbados,BRB,1991,74.55782,,,91.875,0.0735,0.0015
Barbados,BRB,1992,73.066666,,,93.75,0.075,0.0015
Barbados,BRB,1993,71.63399,,,95.625,0.0765,0.0015
Barbados,BRB,1994,70.25641,,,97.5,0.078,0.0015
Barbados,BRB,1995,68.93082,,,99.375,0.0795,0.0015
Barbados,BRB,1996,67.65432,24.691359,7.654321,101.25,0.081,0.0015
Barbados,BRB,1997,67.65432,24.691359,7.654321,101.25,0.081,0
Barbados,BRB,1998,67.65432,24.691359,7.654321,101.25,0.081,0
Barbados,BRB,1999,67.65432,24.691359,7.654321,101.25,0.081,0
Barbados,BRB,2000,67.65432,24.691359,7.654321,101.25,0.081,0
Barbados,BRB,2001,67.65432,24.691359,7.654321,101.25,0.081,0
Barbados,BRB,2002,67.65432,24.691359,7.654321,101.25,0.081,0
Barbados,BRB,2003,67.65432,24.691359,7.654321,101.25,0.081,0
Barbados,BRB,2004,67.65432,24.691359,7.654321,101.25,0.081,0
Barbados,BRB,2005,67.65432,24.691359,7.654321,87.5,0.07,-0.011
Barbados,BRB,2006,67.65432,24.691359,7.654321,87.5,0.07,0
Barbados,BRB,2007,67.65432,24.691359,7.654321,87.5,0.07,0
Barbados,BRB,2008,67.65432,24.691359,7.654321,87.5,0.07,0
Barbados,BRB,2009,67.65432,24.691359,7.654321,87.5,0.07,0
Barbados,BRB,2010,67.65432,24.691359,7.654321,87.5,0.07,0
Barbados,BRB,2011,67.65432,24.691359,7.654321,87.5,0.07,0
Barbados,BRB,2012,67.65432,24.691359,7.654321,87.5,0.07,0
Barbados,BRB,2013,67.65432,24.691359,7.654321,87.5,0.07,0
Barbados,BRB,2014,67.65432,24.691359,7.654321,87.5,0.07,0
Barbados,BRB,2015,67.65432,24.691359,7.654321,87.5,0.07,0
Barbados,BRB,2016,67.65432,24.691359,7.654321,87.5,0.07,0
Barbados,BRB,2017,67.65432,24.691359,7.654321,87.5,0.07,0
Barbados,BRB,2018,67.65432,24.691359,7.654321,87.5,0.07,0
Barbados,BRB,2019,67.65432,24.691359,7.654321,87.5,0.07,0
Barbados,BRB,2020,67.65432,24.691359,7.654321,87.5,0.07,0
Barbados,BRB,2021,67.65432,24.691359,7.654321,87.5,0.07,0
Barbados,BRB,2022,67.65432,24.691359,7.654321,87.5,0.07,0
Belarus,BLR,1995,28.686869,37.979797,33.333332,5.8235292,1.98,
Belarus,BLR,1996,27.815928,39.545967,32.638107,5.739412,1.9514,-0.0286
Belarus,BLR,1997,26.919077,41.158726,31.922197,5.655294,1.9228,-0.0286
Belarus,BLR,1998,25.995144,42.820187,31.18467,5.5711765,1.8942,-0.0286
Belarus,BLR,1999,25.042881,44.53259,30.424528,5.4870586,1.8656,-0.0286
Belarus,BLR,2000,24.060968,46.298313,29.640718,5.402941,1.837,-0.0286
Belarus,BLR,2001,24.04462,46.44356,29.511818,5.3258824,1.8108,-0.0262
Belarus,BLR,2002,24.027794,46.593075,29.379133,5.2488236,1.7846,-0.0262
Belarus,BLR,2003,24.010464,46.747044,29.242493,5.171765,1.7584,-0.0262
Belarus,BLR,2004,23.99261,46.90567,29.10172,5.094706,1.7322,-0.0262
Belarus,BLR,2005,23.974209,47.069168,28.956623,5.0176473,1.706,-0.0262
Belarus,BLR,2006,25.167225,45.40731,29.425467,4.924706,1.6744,-0.0316
Belarus,BLR,2007,26.406136,43.68152,29.912344,4.8317647,1.6428,-0.0316
Belarus,BLR,2008,27.693644,41.888035,30.418322,4.7388234,1.6112,-0.0316
Belarus,BLR,2009,29.032667,40.02279,30.944544,4.645882,1.5796,-0.0316
Belarus,BLR,2010,30.426357,38.081394,31.492249,4.5529413,1.548,-0.0316
Belarus,BLR,2011,31.041214,37.440346,31.518438,4.519608,1.5366666,-0.0113
Belarus,BLR,2012,31.66521,36.789772,31.545412,4.4862747,1.5253333,-0.0113
Belarus,BLR,2013,32.298546,36.12946,31.571995,4.452941,1.514,-0.0113
Belarus,BLR,2014,32.97263,46.721832,20.305538,4.6205883,1.571,0.057
Belarus,BLR,2015,29.99309,48.7906,21.21631,4.2588234,1.448,-0.123
Belarus,BLR,2016,29.476583,38.980717,31.5427,4.2676473,1.451,0.003
Belarus,BLR,2017,30.851826,37.437366,31.71081,4.117647,1.4,-0.051
Belarus,BLR,2018,29.906542,38.317757,31.775702,4.0882354,1.39,-0.01
Belarus,BLR,2019,27.025038,40.72165,32.253315,3.9941177,1.358,-0.032
Belarus,BLR,2020,27.614748,41.309254,31.000753,3.9058824,1.328,-0.03
Belarus,BLR,2021,27.789474,42.035088,30.175438,4.1911764,1.425,0.097
Belarus,BLR,2022,27.227722,42.432816,30.410183,4.1588235,1.414,-0.011
Belgium,BEL,1990,1.5125701,9.58183,88.9056,70.924164,8.5109,
Belgium,BEL,1991,1.2470436,9.430496,89.322464,70.491165,8.45894,-0.052
Belgium,BEL,1992,0.97823477,9.277291,89.74448,70.05817,8.40698,-0.052
Belgium,BEL,1993,0.70608246,9.12218,90.17174,69.62517,8.35502,-0.052
Belgium,BEL,1994,0.43052402,8.965129,90.60435,69.19217,8.30306,-0.052
Belgium,BEL,1995,0.15149495,8.806099,91.042404,68.75916,8.2511,-0.052
Belgium,BEL,1996,0.17878315,10.040712,89.7805,66.42125,7.97055,-0.2805
Belgium,BEL,1997,0.20806243,11.36541,88.42653,64.083336,7.69,-0.2806
Belgium,BEL,1998,0.29455915,10.89258,88.81286,63.654446,7.638533,-0.0515
Belgium,BEL,1999,0.38222942,10.413335,89.20444,63.225555,7.5870667,-0.0515
Belgium,BEL,2000,0.4710972,9.927544,89.60136,62.775833,7.5331,-0.054
Belgium,BEL,2001,0.521242,10.396116,89.08755,59.453335,7.1344,-0.3987
Belgium,BEL,2002,0.5669338,10.920155,88.51291,56.130833,6.7357,-0.3987
Belgium,BEL,2003,0.58734417,11.124812,88.28784,55.15972,6.619167,-0.1165
Belgium,BEL,2004,0.5427624,11.344195,88.113045,54.18861,6.502633,-0.1165
Belgium,BEL,2005,0.5541467,11.565073,87.88078,53.2175,6.3861,-0.1165
Belgium,BEL,2006,0.58387214,11.65523,87.77121,52.50292,6.30035,-0.0857
Belgium,BEL,2007,0.5935052,11.747865,87.65863,51.788334,6.2146,-0.0858
Belgium,BEL,2008,0.64049923,11.446872,87.91263,51.075,6.129,-0.0856
Belgium,BEL,2009,0.66644454,11.762746,87.57081,50.016666,6.002,-0.127
Belgium,BEL,2010,0.68243325,12.572067,86.7455,49.608334,5.953,-0.049
Belgium,BEL,2011,0.7004378,13.483427,85.81613,42.35,5.082,-0.871
Belgium,BEL,2012,0.720865,14.517421,84.76171,44.166668,5.3,0.218
Belgium,BEL,2013,0.83619213,15.716124,83.447685,40.241665,4.829,-0.471
Belgium,BEL,2014,0.9276438,16.72078,82.35158,37.966667,4.556,-0.273
Belgium,BEL,2015,1.12669,18.502754,80.37055,33.283333,3.994,-0.562
Belgium,BEL,2016,1.0937238,18.374897,80.53138,34.942,4.1930404,0.199
Belgium,BEL,2017,1.0410402,17.877176,79.00584,36.600674,4.392081,0.199
Belgium,BEL,2018,1.2781807,19.017698,79.704124,34.791668,4.175,-0.2171
Belgium,BEL,2019,1.300449,19.837456,78.8621,34.991665,4.199,0.024
Belgium,BEL,2020,1.2599975,21.02744,89.35647,35.38854,4.2466245,0.0476
Belgium,BEL,2021,0.9865359,20.125614,97.31282,35.83346,4.3000154,0.0534
Belgium,BEL,2022,0.85268134,15.038033,84.10928,35.83346,4.3000154,0
Belize,BLZ,1990,64.91885,18.365202,16.715948,0.19179101,0.029267307,
Belize,BLZ,1991,59.751167,20.088755,20.160076,0.21203414,0.03235641,0.0031
Belize,BLZ,1992,55.484222,21.51189,23.00389,0.23227727,0.03544551,0.0031
Belize,BLZ,1993,51.901386,22.706858,25.391756,0.2525204,0.038534615,0.0031
Belize,BLZ,1994,55.83336,20.485567,23.681076,0.31588906,0.04820467,0.0097
Belize,BLZ,1995,58.451374,19.006569,22.542057,0.3792577,0.057874724,0.0097
Belize,BLZ,1996,61.26766,16.661709,22.070635,0.43577838,0.06649978,0.0086
Belize,BLZ,1997,63.437267,14.855274,21.707458,0.49229905,0.07512484,0.0086
Belize,BLZ,1998,65.16,13.420913,21.419086,0.5488197,0.08374989,0.0086
Belize,BLZ,1999,66.56103,12.254405,21.184565,0.6053404,0.09237494,0.0086
Belize,BLZ,2000,67.72277,11.287128,20.990099,0.66186106,0.101,0.0086
Belize,BLZ,2001,67.72277,11.287128,20.990099,0.66186106,0.101,0
Belize,BLZ,2002,67.72277,11.287128,20.990099,0.66186106,0.101,0
Belize,BLZ,2003,67.72277,11.287128,20.990099,0.66186106,0.101,0
Belize,BLZ,2004,67.72277,11.287128,20.990099,0.66186106,0.101,0
Belize,BLZ,2005,67.72277,11.287128,20.990099,0.66186106,0.101,0
Belize,BLZ,2006,67.72277,11.287128,20.990099,0.66186106,0.101,0
Belize,BLZ,2007,67.72277,11.287128,20.990099,0.66186106,0.101,0
Belize,BLZ,2008,67.72277,11.287128,20.990099,0.66186106,0.101,0
Belize,BLZ,2009,67.72277,11.287128,20.990099,0.66186106,0.101,0
Belize,BLZ,2010,67.72277,11.287128,20.990099,0.66186106,0.101,0
Belize,BLZ,2011,67.72277,11.287128,20.990099,0.66186106,0.101,0
Belize,BLZ,2012,67.72277,11.287128,20.990099,0.66186106,0.101,0
Belize,BLZ,2013,67.72277,11.287128,20.990099,0.66186106,0.101,0
Belize,BLZ,2014,67.72277,11.287128,20.990099,0.66186106,0.101,0
Belize,BLZ,2015,67.72277,11.287128,20.990099,0.66186106,0.101,0
Belize,BLZ,2016,67.72277,11.287128,20.990099,0.66186106,0.101,0
Belize,BLZ,2017,67.72277,11.287128,20.990099,0.66186106,0.101,0
Belize,BLZ,2018,67.72277,11.287128,20.990099,0.66186106,0.101,0
Belize,BLZ,2019,67.72277,11.287128,20.990099,0.66186106,0.101,0
Belize,BLZ,2020,67.72277,11.287128,20.990099,0.66186106,0.101,0
Belize,BLZ,2021,67.72277,11.287128,20.990099,0.66186106,0.101,0
Belize,BLZ,2022,67.72277,11.287128,20.990099,0.66186106,0.101,0
Benin,BEN,1990,61.37783,23.939592,14.682577,1.3018204,0.1340875,
Benin,BEN,1991,61.88591,23.26795,14.84614,1.3487864,0.138925,0.0048
Benin,BEN,1992,62.359795,22.64151,14.998695,1.3957524,0.1437625,0.0048
Benin,BEN,1993,62.802826,22.055855,15.141319,1.4427185,0.1486,0.0048
Benin,BEN,1994,63.217922,21.507128,15.274949,1.4896845,0.1534375,0.0048
Benin,BEN,1995,61.011303,22.748363,16.240334,1.4571775,0.15008928,-0.0033
Benin,BEN,1996,58.703987,24.046244,17.249771,1.4246706,0.14674108,-0.0033
Benin,BEN,1997,56.288918,25.404732,18.30635,1.3921636,0.14339286,-0.0033
Benin,BEN,1998,53.75837,26.82818,19.413452,1.3596567,0.14004464,-0.0033
Benin,BEN,1999,51.103855,28.321358,20.574787,1.3271497,0.13669643,-0.0033
Benin,BEN,2000,48.316036,29.88952,21.794443,1.2946428,0.13334821,-0.0033
Benin,BEN,2001,45.384617,31.538462,23.076923,1.2621359,0.13,-0.0033
Benin,BEN,2002,42.53347,35.83934,21.627188,1.2621359,0.13,0
Benin,BEN,2003,40.01938,39.631783,20.348837,1.2621359,0.13,0
Benin,BEN,2004,37.78591,43.000916,19.213175,1.2621359,0.13,0
Benin,BEN,2005,35.788563,46.013866,18.197573,1.2621359,0.13,0
Benin,BEN,2006,33.991768,48.72428,17.28395,1.2621359,0.13,0
Benin,BEN,2007,32.36677,51.17555,16.45768,1.2621359,0.13,0
Benin,BEN,2008,30.890053,53.40314,15.706806,1.2621359,0.13,0
Benin,BEN,2009,29.542204,55.436337,15.02146,1.2621359,0.13,0
Benin,BEN,2010,28.30706,57.29952,14.39342,1.2621359,0.13,0
Benin,BEN,2011,27.171053,59.013157,13.815789,1.2621359,0.13,0
Benin,BEN,2012,26.122707,60.59456,13.282732,1.2621359,0.13,0
Benin,BEN,2013,25.152254,62.058464,12.789281,1.2621359,0.13,0
Benin,BEN,2014,24.251322,63.4175,12.331181,1.2621359,0.13,0
Benin,BEN,2015,23.412699,64.68254,11.904762,1.2621359,0.13,0
Benin,BEN,2016,24.686192,62.761505,12.552301,1.2621359,0.13,0
Benin,BEN,2017,25.213675,61.965813,12.820513,1.2621359,0.13,0
Benin,BEN,2018,25.213675,61.965813,12.820513,1.2621359,0.13,0
Benin,BEN,2019,25.213675,61.965813,12.820513,1.2621359,0.13,0
Benin,BEN,2020,25.213675,61.965813,12.820513,1.2621359,0.13,0
Benin,BEN,2021,25.213675,61.965813,12.820513,1.2621359,0.13,0
Benin,BEN,2022,25.213675,61.965813,12.820513,1.2621359,0.13,0
Bhutan,BTN,2008,94.08284,5.029586,0.88757396,0.43320513,0.3379,
Bhutan,BTN,2009,94.08284,5.029586,0.88757396,0.43320513,0.3379,0
Bhutan,BTN,2010,94.08284,5.029586,0.88757396,0.43320513,0.3379,0
Bhutan,BTN,2011,94.08284,5.029586,0.88757396,0.43320513,0.3379,0
Bhutan,BTN,2012,94.08284,5.029586,0.88757396,0.43320513,0.3379,0
Bhutan,BTN,2013,94.08284,5.029586,0.88757396,0.43320513,0.3379,0
Bhutan,BTN,2014,94.08284,5.029586,0.88757396,0.43320513,0.3379,0
Bhutan,BTN,2015,94.08284,5.029586,0.88757396,0.43320513,0.3379,0
Bhutan,BTN,2016,94.08284,5.029586,0.88757396,0.43320513,0.3379,0
Bhutan,BTN,2017,94.08284,5.029586,0.88757396,0.43320513,0.3379,0
Bhutan,BTN,2018,94.08284,5.029586,0.88757396,0.43320513,0.3379,0
Bhutan,BTN,2019,94.08284,5.029586,0.88757396,0.43320513,0.3379,0
Bhutan,BTN,2020,94.08284,5.029586,0.88757396,0.43320513,0.3379,0
Bhutan,BTN,2021,94.08284,5.029586,0.88757396,0.43320513,0.3379,0
Bhutan,BTN,2022,94.08284,5.029586,0.88757396,0.43320513,0.3379,0
Bolivia,BOL,1990,87.05873,8.858265,4.0830064,0.46731317,1.4182955,
Bolivia,BOL,1991,87.634575,8.538911,3.826515,0.48689532,1.4777273,0.0594
Bolivia,BOL,1992,88.16589,8.244252,3.5898573,0.5064775,1.5371591,0.0594
Bolivia,BOL,1993,88.65765,7.9715304,3.3708186,0.5260596,1.5965909,0.0594
Bolivia,BOL,1994,89.11411,7.7183833,3.1675014,0.5456418,1.6560227,0.0594
Bolivia,BOL,1995,89.53895,7.482777,2.9782724,0.56522393,1.7154546,0.0594
Bolivia,BOL,1996,89.93533,7.262949,2.8017159,0.584806,1.7748864,0.0594
Bolivia,BOL,1997,90.30603,7.057366,2.6366003,0.6043882,1.8343182,0.0594
Bolivia,BOL,1998,90.653465,6.8646865,2.4818482,0.6239703,1.89375,0.0594
Bolivia,BOL,1999,90.97975,6.683733,2.3365138,0.6435525,1.9531819,0.0594
Bolivia,BOL,2000,91.09039,6.660269,2.2493417,0.64851815,1.9682525,0.0151
Bolivia,BOL,2001,91.19934,6.6371613,2.1634946,0.65348375,1.9833232,0.0151
Bolivia,BOL,2002,91.306656,6.6144023,2.0789423,0.6584494,1.9983939,0.0151
Bolivia,BOL,2003,91.41236,6.5919843,1.9956555,0.663415,2.0134647,0.0151
Bolivia,BOL,2004,91.516495,6.569899,1.9136064,0.6683807,2.0285354,0.0151
Bolivia,BOL,2005,91.619095,6.5481396,1.8327674,0.67334634,2.043606,0.0151
Bolivia,BOL,2006,91.72019,6.526699,1.753112,0.67831194,2.0586767,0.0151
Bolivia,BOL,2007,91.81982,6.50557,1.6746143,0.6832776,2.0737474,0.0151
Bolivia,BOL,2008,91.954025,6.4872866,1.5978754,0.6879736,2.088,0.0143
Bolivia,BOL,2009,91.954025,6.51341,1.532567,0.6879736,2.088,0
Bolivia,BOL,2010,91.44484,7.031081,1.5240806,0.6918044,2.0996265,0.0116
Bolivia,BOL,2011,90.94126,7.543051,1.5156877,0.6956352,2.1112528,0.0116
Bolivia,BOL,2012,90.4432,8.049413,1.5073867,0.699466,2.1228793,0.0116
Bolivia,BOL,2013,89.95057,8.550259,1.4991761,0.7032968,2.1345057,0.0116
Bolivia,BOL,2014,89.463264,9.045677,1.4910544,0.7071276,2.1461322,0.0116
Bolivia,BOL,2015,88.981224,9.535758,1.4830203,0.71095836,2.1577587,0.0116
Bolivia,BOL,2016,88.50434,10.020585,1.4750724,0.71478915,2.1693852,0.0116
Bolivia,BOL,2017,88.03255,10.500243,1.4672091,0.71861994,2.1810114,0.0116
Bolivia,BOL,2018,87.56576,10.974815,1.4594293,0.72245073,2.192638,0.0116
Bolivia,BOL,2019,87.10389,11.44438,1.4517314,0.7262815,2.2042644,0.0116
Bolivia,BOL,2020,521.9285,69.90088,8.698809,0.121208064,0.3678665,-1.8364
Bolivia,BOL,2021,533.20624,70.23606,8.886771,0.11864441,0.3600858,-0.0078
Bolivia,BOL,2022,87.078384,11.470312,1.4513063,0.11864441,0.3600858,0
Bosnia and Herzegovina,BIH,2000,,,,1.047324,0.3718,
Bosnia and Herzegovina,BIH,2001,,,,1.0523944,0.3736,0.0018
Bosnia and Herzegovina,BIH,2002,,,,1.0577465,0.3755,0.0019
Bosnia and Herzegovina,BIH,2003,,,,1.0630985,0.3774,0.0019
Bosnia and Herzegovina,BIH,2004,,,,1.0676056,0.379,0.0016
Bosnia and Herzegovina,BIH,2005,,,,1.0667605,0.3787,-0.0003
Bosnia and Herzegovina,BIH,2006,,,,1.0715493,0.3804,0.0017
Bosnia and Herzegovina,BIH,2007,,,,1.0974648,0.3896,0.0092
Bosnia and Herzegovina,BIH,2008,,,,1.1039437,0.3919,0.0023
Bosnia and Herzegovina,BIH,2009,,,,1.2109859,0.4299,0.038
Bosnia and Herzegovina,BIH,2010,,,,1.2264788,0.4354,0.0055
Bosnia and Herzegovina,BIH,2011,,,,1.1932395,0.4236,-0.0118
Bosnia and Herzegovina,BIH,2012,,,,1.2329577,0.4377,0.0141
Bosnia and Herzegovina,BIH,2013,,,,1.2276056,0.4358,-0.0019
Bosnia and Herzegovina,BIH,2014,,,,1.1616901,0.4124,-0.0234
Bosnia and Herzegovina,BIH,2015,,,,1.1788732,0.4185,0.0061
Bosnia and Herzegovina,BIH,2016,,,,1.1819718,0.4196,0.0011
Bosnia and Herzegovina,BIH,2017,,,,1.1292958,0.4009,-0.0187
Bosnia and Herzegovina,BIH,2018,,,,0.8788732,0.312,-0.0889
Bosnia and Herzegovina,BIH,2019,,,,0.8605634,0.3055,-0.0065
Bosnia and Herzegovina,BIH,2020,,,,0.8486761,0.30128,-0.0042
Bosnia and Herzegovina,BIH,2021,,,,0.86197186,0.306,0.0047
Bosnia and Herzegovina,BIH,2022,,,,0.8789718,0.312035,0.006
Botswana,BWA,1990,,,,4.4333334,0.1064,
Botswana,BWA,1991,,,,4.570833,0.1097,0.0033
Botswana,BWA,1992,47.78761,31.858408,20.353983,4.7083335,0.113,0.0033
Botswana,BWA,1993,46.50785,33.59502,19.897131,5.1305556,0.12313333,0.0101
Botswana,BWA,1994,45.42271,35.067535,19.509754,5.552778,0.13326667,0.0101
Botswana,BWA,1995,44.490936,36.33194,19.177128,5.975,0.1434,0.0101
Botswana,BWA,1996,43.66858,37.441376,18.890047,6.3966665,0.15352,0.0101
Botswana,BWA,1997,42.947933,38.41359,18.638475,6.818333,0.16364,0.0101
Botswana,BWA,1998,42.311234,39.27256,18.416206,7.24,0.17376,0.0101
Botswana,BWA,1999,41.744617,40.03698,18.218403,7.661667,0.18388,0.0101
Botswana,BWA,2000,41.237114,40.72165,18.041237,8.083333,0.194,0.0101
Botswana,BWA,2001,40.547436,41.199497,18.25307,8.095454,0.1942909,0.0003
Botswana,BWA,2002,39.871838,41.667583,18.460579,8.107575,0.19458182,0.0003
Botswana,BWA,2003,39.209896,42.126213,18.663893,8.119697,0.19487272,0.0003
Botswana,BWA,2004,38.5612,42.575665,18.863138,8.131818,0.19516364,0.0003
Botswana,BWA,2005,37.92535,43.016212,19.058435,8.143939,0.19545455,0.0003
Botswana,BWA,2006,37.885212,43.47378,18.641006,8.15606,0.19574545,0.0003
Botswana,BWA,2007,37.844616,43.936573,18.218811,8.168181,0.19603637,0.0003
Botswana,BWA,2008,37.80355,44.404675,17.791773,8.180303,0.19632727,0.0003
Botswana,BWA,2009,37.762016,44.87818,17.359802,8.192424,0.19661818,0.0003
Botswana,BWA,2010,37.719994,45.357185,16.92282,8.204545,0.19690908,0.0003
Botswana,BWA,2011,37.677486,45.841785,16.48073,8.216666,0.1972,0.0003
Botswana,BWA,2012,38.239834,43.077713,18.68245,8.1,0.1944,-0.0028
Botswana,BWA,2013,36.70853,45.735218,17.556253,7.9645834,0.19115,-0.0033
Botswana,BWA,2014,35.125065,48.483234,16.391697,7.829167,0.1879,-0.0032
Botswana,BWA,2015,36.315228,47.1246,16.560171,7.829167,0.1879,0
Botswana,BWA,2016,40.23845,47.839046,11.922503,8.3875,0.2013,0.0134
Botswana,BWA,2017,35.751297,52.12435,12.124352,8.041667,0.193,-0.0083
Botswana,BWA,2018,39.019608,47.64706,13.333333,8.5,0.204,0.011
Botswana,BWA,2019,36.92757,49.111343,13.961087,8.416667,0.202,-0.002
Botswana,BWA,2020,36.9598,49.54071,13.499489,9.184484,0.2204276,0.0184
Botswana,BWA,2021,33.38714,54.820137,11.792723,9.73423,0.23362151,0.0132
Botswana,BWA,2022,27.972574,60.63645,11.390976,8.88566,0.21325584,-0.0204
Brazil,BRA,1990,,,,0.7357357,41.65,
Brazil,BRA,1991,,,,0.774657,43.853333,2.2033
Brazil,BRA,1992,,,,0.8135783,46.056667,2.2033
Brazil,BRA,1993,,,,0.85249954,48.26,2.2033
Brazil,BRA,1994,,,,0.89142084,50.463333,2.2033
Brazil,BRA,1995,,,,0.9303421,52.666668,2.2033
Brazil,BRA,1996,60.925823,20.95863,18.115545,0.9685568,54.83,2.1633
Brazil,BRA,1997,60.259106,21.694147,18.046747,0.9742095,55.15,0.32
Brazil,BRA,1998,59.60007,22.421185,17.978743,0.9798622,55.47,0.32
Brazil,BRA,1999,58.948593,23.139889,17.911516,0.98551494,55.79,0.32
Brazil,BRA,2000,58.304543,23.8504,17.845058,0.99116766,56.11,0.32
Brazil,BRA,2001,57.66779,24.55286,17.779352,0.99682033,56.43,0.32
Brazil,BRA,2002,57.03821,25.247402,17.714386,1.0024731,56.75,0.32
Brazil,BRA,2003,56.415688,25.934162,17.650148,1.0081258,57.07,0.32
Brazil,BRA,2004,55.800106,26.613268,17.586628,1.0137784,57.39,0.32
Brazil,BRA,2005,55.19134,27.28485,17.52381,1.0194312,57.71,0.32
Brazil,BRA,2006,54.58929,27.949026,17.461683,1.0250839,58.03,0.32
Brazil,BRA,2007,56.21587,26.461613,17.32252,1.099099,62.22,4.19
Brazil,BRA,2008,57.63732,25.161776,17.200903,1.1729553,66.401,4.181
Brazil,BRA,2009,58.89015,24.016138,17.093714,1.2468799,70.58588,4.1849
Brazil,BRA,2010,60.002674,22.998796,16.99853,1.3208046,74.77075,4.1849
Brazil,BRA,2011,58.707516,23.466427,17.826057,1.2774355,72.31563,-2.4551
Brazil,BRA,2012,57.321606,23.966824,18.711569,1.2340664,69.8605,-2.4551
Brazil,BRA,2013,55.835064,24.503557,19.66138,1.1906973,67.40537,-2.4551
Brazil,BRA,2014,54.236507,25.080732,20.682762,1.1485957,65.022,-2.3834
Brazil,BRA,2015,54.026966,25.78574,20.185728,1.1280693,63.86,-1.162
Brazil,BRA,2016,60.86563,25.01885,17.297543,1.1713479,66.31,2.45
Brazil,BRA,2017,60.033497,25.487211,14.480816,1.1602191,65.68,-0.63
Brazil,BRA,2018,58.3609,23.834587,13.278195,1.1747041,66.5,0.82
Brazil,BRA,2019,63.078293,23.695137,13.0486355,1.191309,67.44,0.94
Brazil,BRA,2020,61.765583,24.053087,14.18133,1.1849492,67.07997,-0.36
Brazil,BRA,2021,61.313328,24.156885,14.529788,1.1890125,67.31,0.23
Brazil,BRA,2022,60.84192,24.134531,15.013247,1.2001413,67.94,0.63
Brunei Darussalam,BRN,1991,,,,0.89411765,0.076,
Brunei Darussalam,BRN,1992,,,,0.95686275,0.08133333,0.0053
Brunei Darussalam,BRN,1993,,,,1.0196079,0.086666666,0.0053
Brunei Darussalam,BRN,1994,,,,1.082353,0.092,0.0053
Brunei Darussalam,BRN,1995,5.7608695,,,1.082353,0.092,0
Brunei Darussalam,BRN,1996,5.7608695,,,1.082353,0.092,0
Brunei Darussalam,BRN,1997,5.7608695,,,1.082353,0.092,0
Brunei Darussalam,BRN,1998,5.7608695,,,1.082353,0.092,0
Brunei Darussalam,BRN,1999,5.7608695,,,1.082353,0.092,0
Brunei Darussalam,BRN,2000,5.7608695,,,1.082353,0.092,0
Brunei Darussalam,BRN,2001,5.7608695,,,1.082353,0.092,0
Brunei Darussalam,BRN,2002,5.7608695,,,1.082353,0.092,0
Brunei Darussalam,BRN,2003,5.7608695,,,1.082353,0.092,0
Brunei Darussalam,BRN,2004,5.7608695,167.93478,,1.082353,0.092,0
Brunei Darussalam,BRN,2005,5.7608695,153.36957,,1.082353,0.092,0
Brunei Darussalam,BRN,2006,5.7608695,150.21739,,1.082353,0.092,0
Brunei Darussalam,BRN,2007,5.7608695,150.97826,,1.082353,0.092,0
Brunei Darussalam,BRN,2008,5.7608695,154.78261,,1.082353,0.092,0
Brunei Darussalam,BRN,2009,5.7608695,164.67392,,1.082353,0.092,0
Brunei Darussalam,BRN,2010,5.7608695,164.67392,,1.082353,0.092,0
Brunei Darussalam,BRN,2011,5.7608695,164.67392,,1.082353,0.092,0
Brunei Darussalam,BRN,2012,5.7608695,164.67392,,1.082353,0.092,0
Brunei Darussalam,BRN,2013,5.7608695,164.67392,,1.082353,0.092,0
Brunei Darussalam,BRN,2014,5.7608695,164.67392,,1.082353,0.092,0
Brunei Darussalam,BRN,2015,5.7608695,164.67392,,1.082353,0.092,0
Brunei Darussalam,BRN,2016,5.7608695,164.67392,,1.082353,0.092,0
Brunei Darussalam,BRN,2017,5.7608695,164.67392,,1.082353,0.092,0
Brunei Darussalam,BRN,2018,5.7608695,164.67392,,1.082353,0.092,0
Brunei Darussalam,BRN,2019,5.7608695,164.67392,,1.082353,0.092,0
Brunei Darussalam,BRN,2020,5.7608695,164.67392,,1.082353,0.092,0
Brunei Darussalam,BRN,2021,5.7608695,164.67392,,1.082353,0.092,0
Brunei Darussalam,BRN,2022,5.7608695,164.67392,,1.082353,0.092,0
Bulgaria,BGR,1990,29.18543,7.170653,63.643917,36.303173,7.623667,
Bulgaria,BGR,1991,28.3761,8.18104,63.44286,35.593334,7.4746,-0.1491
Bulgaria,BGR,1992,27.53383,9.232548,63.23362,34.88349,7.3255334,-0.1491
Bulgaria,BGR,1993,26.656572,10.327738,63.01569,34.173653,7.1764665,-0.1491
Bulgaria,BGR,1994,25.742096,11.469391,62.788513,33.46381,7.0274,-0.1491
Bulgaria,BGR,1995,24.787981,12.660528,62.55149,32.753967,6.8783336,-0.1491
Bulgaria,BGR,1996,23.791597,13.904437,62.303967,32.04413,6.7292666,-0.1491
Bulgaria,BGR,1997,22.750069,15.204705,62.045227,31.334286,6.5802,-0.1491
Bulgaria,BGR,1998,21.660257,16.56525,61.774494,30.624445,6.4311333,-0.1491
Bulgaria,BGR,1999,20.518724,17.990364,61.49091,29.914602,6.282067,-0.1491
Bulgaria,BGR,2000,19.321703,19.484755,61.193542,29.203333,6.1327,-0.1494
Bulgaria,BGR,2001,14.832339,18.703285,66.46438,27.778095,5.8334,-0.2993
Bulgaria,BGR,2002,11.27637,16.239187,72.48444,31.374762,6.5887,0.7553
Bulgaria,BGR,2003,15.957924,15.382317,68.65976,31.006287,6.51132,-0.0774
Bulgaria,BGR,2004,13.625038,15.809307,70.56566,30.63781,6.43394,-0.0774
Bulgaria,BGR,2005,13.605622,15.8128605,70.58152,30.269333,6.35656,-0.0774
Bulgaria,BGR,2006,13.585718,15.816504,70.59778,29.900858,6.27918,-0.0774
Bulgaria,BGR,2007,11.27637,16.239187,72.48444,29.532381,6.2018,-0.0774
Bulgaria,BGR,2008,15.813419,15.923125,68.26346,30.595238,6.425,0.2232
Bulgaria,BGR,2009,16.276752,15.984316,68.87483,29.144285,6.1203,-0.3047
Bulgaria,BGR,2010,15.76086,15.846436,68.39271,28.380953,5.96,-0.1603
Bulgaria,BGR,2011,16.444534,14.566726,68.98874,30.404762,6.385,0.425
Bulgaria,BGR,2012,16.612423,16.593176,66.789154,27.212381,5.7146,-0.6704
Bulgaria,BGR,2013,15.087784,17.231163,67.68471,26.038095,5.468,-0.2466
Bulgaria,BGR,2014,13.516128,16.50359,69.980286,25.6,5.376,-0.092
Bulgaria,BGR,2015,14.722706,15.980389,69.296906,26.806667,5.6294,0.2534
Bulgaria,BGR,2016,15.9518585,15.710298,68.337845,27.090477,5.689,0.0596
Bulgaria,BGR,2017,14.757865,15.995051,69.264755,26.942858,5.658,-0.031
Bulgaria,BGR,2018,13.345622,15.9447,70.70968,25.833334,5.425,-0.233
Bulgaria,BGR,2019,11.453339,15.99041,69.27333,25.819048,5.422,-0.003
Bulgaria,BGR,2020,13.101228,16.864561,70.03421,23.661905,4.969,-0.453
Bulgaria,BGR,2021,14.082886,16.001535,69.91558,24.819048,5.212,0.243
Bulgaria,BGR,2022,13.3451395,15.394694,71.26016,25.921114,5.443434,0.2314
Burkina Faso,BFA,1990,80.278885,19.721115,0,2.8112,0.3514,
Burkina Faso,BFA,1991,80.43717,19.562826,0,2.9096,0.3637,0.0123
Burkina Faso,BFA,1992,80.585106,19.414894,0,3.008,0.376,0.0123
Burkina Faso,BFA,1993,79.9702,19.77679,0.25300798,3.1619556,0.39524445,0.0192
Burkina Faso,BFA,1994,79.41239,20.105083,0.48252198,3.315911,0.41448888,0.0192
Burkina Faso,BFA,1995,78.90409,20.404242,0.6916692,3.4698668,0.43373334,0.0192
Burkina Faso,BFA,1996,78.43897,20.677982,0.88304555,3.6238222,0.45297778,0.0192
Burkina Faso,BFA,1997,78.011765,20.92941,1.0588236,3.7777777,0.4722222,0.0192
Burkina Faso,BFA,1998,77.61801,21.16115,1.2208356,4.64,0.58,0.1078
Burkina Faso,BFA,1999,66.082924,32.066288,1.8507835,4.912,0.614,0.034
Burkina Faso,BFA,2000,58.014423,39.69416,2.2914162,5.184,0.648,0.034
Burkina Faso,BFA,2001,57.147903,40.51293,2.3391654,5.456,0.682,0.034
Burkina Faso,BFA,2002,55.602547,41.973515,2.423938,5.728,0.716,0.034
Burkina Faso,BFA,2003,54.13857,43.35718,2.5042467,6,0.75,0.034
Burkina Faso,BFA,2004,52.749706,44.66986,2.5804348,6.272,0.784,0.034
Burkina Faso,BFA,2005,51.430317,45.91687,2.6528118,6.544,0.818,0.034
Burkina Faso,BFA,2006,51.430317,45.91687,2.6528118,6.544,0.818,0
Burkina Faso,BFA,2007,51.430317,45.91687,2.6528118,6.544,0.818,0
Burkina Faso,BFA,2008,51.430317,45.91687,2.6528118,6.544,0.818,0
Burkina Faso,BFA,2009,51.430317,45.91687,2.6528118,6.544,0.818,0
Burkina Faso,BFA,2010,51.430317,45.91687,2.6528118,6.544,0.818,0
Burkina Faso,BFA,2011,51.430317,45.91687,2.6528118,6.544,0.818,0
Burkina Faso,BFA,2012,51.430317,45.91687,2.6528118,6.544,0.818,0
Burkina Faso,BFA,2013,51.430317,45.91687,2.6528118,6.544,0.818,0
Burkina Faso,BFA,2014,51.430317,45.91687,2.6528118,6.544,0.818,0
Burkina Faso,BFA,2015,51.430317,45.91687,2.6528118,6.544,0.818,0
Burkina Faso,BFA,2016,51.430317,45.91687,2.6528118,6.544,0.818,0
Burkina Faso,BFA,2017,51.430317,45.91687,2.6528118,6.544,0.818,0
Burkina Faso,BFA,2018,51.430317,45.91687,2.6528118,6.544,0.818,0
Burkina Faso,BFA,2019,51.430317,45.91687,2.6528118,6.544,0.818,0
Burkina Faso,BFA,2020,51.430317,45.91687,2.6528118,6.544,0.818,0
Burkina Faso,BFA,2021,51.430317,45.91687,2.6528118,6.544,0.818,0
Burkina Faso,BFA,2022,51.430317,45.91687,2.6528118,6.544,0.818,0
Burundi,BDI,1990,70.06438,27.199572,2.7360516,1.4252944,0.14338462,
Burundi,BDI,1991,71.34503,25.341131,3.3138402,1.5690472,0.15784615,0.0145
Burundi,BDI,1992,72.41071,23.794643,3.794643,1.7128001,0.17230769,0.0145
Burundi,BDI,1993,73.31137,22.487644,4.2009883,1.856553,0.18676923,0.0145
Burundi,BDI,1994,74.082565,21.368502,4.5489297,2.000306,0.20123076,0.0145
Burundi,BDI,1995,74.75036,20.39943,4.850214,2.1440587,0.21569231,0.0145
Burundi,BDI,1996,75.33422,19.55214,5.1136365,2.2878115,0.23015384,0.0145
Burundi,BDI,1997,75.84906,18.80503,5.345912,2.4315646,0.24461539,0.0145
Burundi,BDI,1998,76.30641,18.14133,5.5522566,2.5753174,0.25907692,0.0145
Burundi,BDI,1999,76.71541,17.547806,5.736783,2.7190702,0.27353847,0.0145
Burundi,BDI,2000,77.083336,17.01389,5.9027777,2.862823,0.288,0.0145
Burundi,BDI,2001,77.50855,16.69576,5.795685,2.8471172,0.28642,-0.0016
Burundi,BDI,2002,77.93849,16.374105,5.6874037,2.8314116,0.28484,-0.0016
Burundi,BDI,2003,78.37322,16.04886,5.577914,2.8157058,0.28326,-0.0016
Burundi,BDI,2004,78.812836,15.719966,5.467197,2.8,0.28168,-0.0016
Burundi,BDI,2005,79.25741,15.387362,5.3552303,2.7842941,0.2801,-0.0016
Burundi,BDI,2006,79.25741,15.387362,5.3552303,2.7842941,0.2801,0
Burundi,BDI,2007,79.25741,15.387362,5.3552303,2.7842941,0.2801,0
Burundi,BDI,2008,79.25741,15.387362,5.3552303,2.7842941,0.2801,0
Burundi,BDI,2009,79.25741,15.387362,5.3552303,2.7842941,0.2801,0
Burundi,BDI,2010,79.25741,15.387362,5.3552303,2.7842941,0.2801,0
Burundi,BDI,2011,79.25741,15.387362,5.3552303,2.7842941,0.2801,0
Burundi,BDI,2012,79.25741,15.387362,5.3552303,2.7842941,0.2801,0
Burundi,BDI,2013,79.25741,15.387362,5.3552303,2.7842941,0.2801,0
Burundi,BDI,2014,79.25741,15.387362,5.3552303,2.7842941,0.2801,0
Burundi,BDI,2015,79.25741,15.387362,5.3552303,2.7842941,0.2801,0
Burundi,BDI,2016,79.25741,15.387362,5.3552303,2.7842941,0.2801,0
Burundi,BDI,2017,79.25741,15.387362,5.3552303,2.7842941,0.2801,0
Burundi,BDI,2018,79.25741,15.387362,5.3552303,2.7842941,0.2801,0
Burundi,BDI,2019,79.25741,15.387362,5.3552303,2.7842941,0.2801,0
Burundi,BDI,2020,79.25741,15.387362,5.3552303,2.7842941,0.2801,0
Burundi,BDI,2021,79.25741,15.387362,5.3552303,2.7842941,0.2801,0
Burundi,BDI,2022,79.25741,15.387362,5.3552303,2.7842941,0.2801,0
Cabo Verde,CPV,2001,91.39785,6.8817205,1.7204301,7.1833334,0.02155,
Cabo Verde,CPV,2002,67.25219,31.10037,1.6474411,8.534208,0.025602626,0.0041
Cabo Verde,CPV,2003,54.394726,43.9967,1.6085749,9.885084,0.029655252,0.0041
Cabo Verde,CPV,2004,46.40933,52.006237,1.584436,11.235959,0.03370788,0.0041
Cabo Verde,CPV,2005,43.65148,54.851814,1.4967057,13.604034,0.0408121,0.0071
Cabo Verde,CPV,2006,41.80334,56.758747,1.437914,15.97211,0.047916327,0.0071
Cabo Verde,CPV,2007,40.47852,58.125713,1.3957697,18.340185,0.055020552,0.0071
Cabo Verde,CPV,2008,39.482307,59.153614,1.364079,20.70826,0.062124778,0.0071
Cabo Verde,CPV,2009,38.705933,59.95469,1.3393816,23.076334,0.069229,0.0071
Cabo Verde,CPV,2010,38.08386,60.59655,1.3195926,25.444408,0.076333225,0.0071
Cabo Verde,CPV,2011,37.57424,61.122375,1.3033811,27.812485,0.08343745,0.0071
Cabo Verde,CPV,2012,37.149117,61.561024,1.2898574,30.18056,0.090541676,0.0071
Cabo Verde,CPV,2013,36.78908,61.932514,1.2784042,32.548634,0.0976459,0.0071
Cabo Verde,CPV,2014,36.480247,62.251175,1.2685798,34.91671,0.10475013,0.0071
Cabo Verde,CPV,2015,36.212418,62.527523,1.2600598,37.284782,0.11185435,0.0071
Cabo Verde,CPV,2016,35.977936,62.769463,1.2526007,39.65286,0.11895858,0.0071
Cabo Verde,CPV,2017,35.77094,62.983047,1.2460158,42.020935,0.1260628,0.0071
Cabo Verde,CPV,2018,35.58686,63.17298,1.24016,44.389008,0.13316703,0.0071
Cabo Verde,CPV,2019,35.422092,63.342987,1.2349186,48.95751,0.14687254,0.0137
Cabo Verde,CPV,2020,38.637978,59.565773,1.7962513,68.94373,0.20683122,0.06
Cabo Verde,CPV,2021,42.52555,55.2739,2.2005506,57.177505,0.17153253,-0.0353
Cabo Verde,CPV,2022,38.990223,58.889187,2.1205904,59.68371,0.17905113,0.0075
Cambodia,KHM,2006,94.00183,4.4871793,1.5109891,1.8109453,2.184,
Cambodia,KHM,2007,94.00183,4.4871793,1.5109891,1.8109453,2.184,0
Cambodia,KHM,2008,94.00183,4.4871793,1.5109891,1.8109453,2.184,0
Cambodia,KHM,2009,94.00183,4.4871793,1.5109891,1.8109453,2.184,0
Cambodia,KHM,2010,94.00183,4.4871793,1.5109891,1.8109453,2.184,0
Cambodia,KHM,2011,94.00183,4.4871793,1.5109891,1.8109453,2.184,0
Cambodia,KHM,2012,94.00183,4.4871793,1.5109891,1.8109453,2.184,0
Cambodia,KHM,2013,94.00183,4.4871793,1.5109891,1.8109453,2.184,0
Cambodia,KHM,2014,94.00183,4.4871793,1.5109891,1.8109453,2.184,0
Cambodia,KHM,2015,94.00183,4.4871793,1.5109891,1.8109453,2.184,0
Cambodia,KHM,2016,94.00183,4.4871793,1.5109891,1.8109453,2.184,0
Cambodia,KHM,2017,94.00183,4.4871793,1.5109891,1.8109453,2.184,0
Cambodia,KHM,2018,94.00183,4.4871793,1.5109891,1.8109453,2.184,0
Cambodia,KHM,2019,94.00183,4.4871793,1.5109891,1.8109453,2.184,0
Cambodia,KHM,2020,94.00183,4.4871793,1.5109891,1.8109453,2.184,0
Cambodia,KHM,2021,94.00183,4.4871793,1.5109891,1.8109453,2.184,0
Cambodia,KHM,2022,94.00183,4.4871793,1.5109891,1.8109453,2.184,0
Cameroon,CMR,1990,35.141415,45.78313,19.076305,0.14593406,0.3984,
Cameroon,CMR,1991,35.07014,45.891785,19.038383,0.1462271,0.3992,0.0008
Cameroon,CMR,1992,35,46,19,0.14652015,0.4,0.0008
Cameroon,CMR,1993,45.5873,38.474403,15.938296,0.17245421,0.4708,0.0708
Cameroon,CMR,1994,53.406574,32.91636,13.677068,0.19838828,0.5416,0.0708
Cameroon,CMR,1995,59.417866,28.643452,11.9386835,0.22432235,0.6124,0.0708
Cameroon,CMR,1996,64.18326,25.256147,10.560597,0.25025642,0.6832,0.0708
Cameroon,CMR,1997,68.05371,22.504974,9.441313,0.2761905,0.754,0.0708
Cameroon,CMR,1998,71.2597,20.226116,8.514185,0.30212453,0.8248,0.0708
Cameroon,CMR,1999,73.9588,18.30756,7.733642,0.3280586,0.8956,0.0708
Cameroon,CMR,2000,76.26242,16.670116,7.0674667,0.35399267,0.9664,0.0708
Cameroon,CMR,2001,74.38434,17.989504,7.6261606,0.36293042,0.9908,0.0244
Cameroon,CMR,2002,72.596535,19.245468,8.157998,0.37186813,1.0152,0.0244
Cameroon,CMR,2003,70.892654,20.442478,8.664871,0.38080585,1.0396,0.0244
Cameroon,CMR,2004,69.266914,21.584587,9.148497,0.3897436,1.064,0.0244
Cameroon,CMR,2005,67.71407,22.675488,9.610437,0.3986813,1.0884,0.0244
Cameroon,CMR,2006,67.71407,22.675488,9.610437,0.3986813,1.0884,0
Cameroon,CMR,2007,67.71407,22.675488,9.610437,0.3986813,1.0884,0
Cameroon,CMR,2008,67.71407,22.675488,9.610437,0.3986813,1.0884,0
Cameroon,CMR,2009,67.71407,22.675488,9.610437,0.3986813,1.0884,0
Cameroon,CMR,2010,67.71407,22.675488,9.610437,0.3986813,1.0884,0
Cameroon,CMR,2011,67.71407,22.675488,9.610437,0.3986813,1.0884,0
Cameroon,CMR,2012,67.71407,22.675488,9.610437,0.3986813,1.0884,0
Cameroon,CMR,2013,67.71407,22.675488,9.610437,0.3986813,1.0884,0
Cameroon,CMR,2014,67.71407,22.675488,9.610437,0.3986813,1.0884,0
Cameroon,CMR,2015,67.71407,22.675488,9.610437,0.3986813,1.0884,0
Cameroon,CMR,2016,67.71407,22.675488,9.610437,0.3986813,1.0884,0
Cameroon,CMR,2017,67.71407,22.675488,9.610437,0.3986813,1.0884,0
Cameroon,CMR,2018,67.71407,22.675488,9.610437,0.3986813,1.0884,0
Cameroon,CMR,2019,67.71407,22.675488,9.610437,0.3986813,1.0884,0
Cameroon,CMR,2020,67.71407,22.675488,9.610437,0.3986813,1.0884,0
Cameroon,CMR,2021,67.71407,22.675488,9.610437,0.3986813,1.0884,0
Cameroon,CMR,2022,67.71407,22.675488,9.610437,0.3986813,1.0884,0
Canada,CAN,1990,,,,1.5618141,44.5117,
Canada,CAN,1991,8.850597,11.314395,79.83501,1.5821403,45.091,0.5793
Canada,CAN,1992,9.0158,11.505164,79.479034,1.5619298,44.515,-0.576
Canada,CAN,1993,9.185331,11.700932,79.11374,1.5417193,43.939,-0.576
Canada,CAN,1994,9.359363,11.9018955,78.73874,1.5215088,43.363,-0.576
Canada,CAN,1995,9.538076,12.108267,78.35366,1.5012982,42.787,-0.576
Canada,CAN,1996,9.7216625,12.320266,77.95807,1.4810877,42.211,-0.576
Canada,CAN,1997,9.42521,12.688887,77.8859,1.478237,42.129753,-0.0812
Canada,CAN,1998,9.123162,13.0644655,77.81237,1.4753863,42.048508,-0.0812
Canada,CAN,1999,8.827045,13.332466,77.84049,1.4725356,41.967262,-0.0812
Canada,CAN,2000,8.524423,13.606354,77.869225,1.4696848,41.886017,-0.0812
Canada,CAN,2001,8.102637,13.696261,78.2011,1.4668342,41.80477,-0.0812
Canada,CAN,2002,7.6831512,13.78568,78.531166,1.4639834,41.723526,-0.0812
Canada,CAN,2003,7.265945,13.874612,78.85944,1.4611326,41.64228,-0.0812
Canada,CAN,2004,6.8510003,13.963061,79.185936,1.458282,41.561035,-0.0812
Canada,CAN,2005,6.438299,14.051033,79.510666,1.4554312,41.47979,-0.0812
Canada,CAN,2006,6.0278234,14.13853,79.83365,1.4525806,41.398544,-0.0812
Canada,CAN,2007,5.6195545,14.225556,80.15489,1.4497298,41.3173,-0.0812
Canada,CAN,2008,5.6195545,14.225556,80.15489,1.4055192,40.0573,-1.26
Canada,CAN,2009,5.6195545,14.225556,80.15489,1.3613088,38.7973,-1.26
Canada,CAN,2010,11.705452,13.1172,75.177345,1.3052158,37.19865,-1.5986
Canada,CAN,2011,10.995891,13.021249,75.982864,1.2491229,35.6,-1.5987
Canada,CAN,2012,10.200204,13.26549,76.53431,1.2785965,36.44,0.84
Canada,CAN,2013,9.35887,13.523742,77.117386,1.3080702,37.28,0.84
Canada,CAN,2014,8.458601,13.891339,77.65006,1.2808772,36.505,-0.775
Canada,CAN,2015,7.505688,14.280433,78.21388,1.2536842,35.73,-0.775
Canada,CAN,2016,9.099184,13.875625,77.02519,1.2628597,35.9915,0.2615
Canada,CAN,2017,10.644636,13.483022,75.872345,1.2720351,36.253,0.2615
Canada,CAN,2018,10.673686,13.489392,75.83692,1.2720351,36.253,0
Canada,CAN,2019,10.702894,13.495798,75.80131,1.2720351,36.253,0
Canada,CAN,2020,10.728534,13.532298,75.73917,1.2720351,36.253,0
Canada,CAN,2021,10.681466,13.477081,75.722435,1.2676492,36.128,-0.125
Canada,CAN,2022,10.694194,13.493141,75.81267,1.2676492,36.128,0
Caribbean small states,CSS,2014,73.38459,15.5073805,11.10803,0.7413569,2.6693,
Caribbean small states,CSS,2015,73.38459,15.5073805,11.10803,0.7413569,2.6693,0
Caribbean small states,CSS,2016,73.38459,15.5073805,11.10803,0.7413569,2.6693,0
Caribbean small states,CSS,2017,73.38459,15.5073805,11.10803,0.7413569,2.6693,0
Caribbean small states,CSS,2018,73.38459,15.5073805,11.10803,0.7413569,2.6693,0
Caribbean small states,CSS,2019,73.38459,15.5073805,11.10803,0.7413569,2.6693,0
Caribbean small states,CSS,2020,73.38459,15.5073805,11.10803,0.7413569,2.6693,0
Caribbean small states,CSS,2021,73.38459,15.5073805,11.10803,0.7413569,2.6693,0
Central African Republic,CAF,1990,1.3245033,80.081505,18.593988,0.02141844,0.0302,
Central African Republic,CAF,1991,1.183432,80.609924,18.206646,0.023971632,0.0338,0.0036
Central African Republic,CAF,1992,1.0695187,81.03661,17.893871,0.026524823,0.0374,0.0036
Central African Republic,CAF,1993,0.9756098,81.38837,17.636023,0.029078014,0.041,0.0036
Central African Republic,CAF,1994,0.896861,81.68334,17.4198,0.031631205,0.0446,0.0036
Central African Republic,CAF,1995,0.8298755,81.93425,17.235876,0.034184396,0.0482,0.0036
Central African Republic,CAF,1996,0.77220076,82.15028,17.077517,0.036737587,0.0518,0.0036
Central African Republic,CAF,1997,0.72202164,82.33824,16.93974,0.03929078,0.0554,0.0036
Central African Republic,CAF,1998,0.6779661,82.50326,16.818775,0.041843973,0.059,0.0036
Central African Republic,CAF,1999,0.63897765,82.6493,16.711723,0.044397164,0.0626,0.0036
Central African Republic,CAF,2000,0.6042296,82.77946,16.616314,0.046950355,0.0662,0.0036
Central African Republic,CAF,2001,0.59294397,82.80463,16.60243,0.04784397,0.06746,0.0013
Central African Republic,CAF,2002,0.5820722,82.82887,16.589058,0.04873759,0.06872,0.0013
Central African Republic,CAF,2003,0.57159185,82.85224,16.576164,0.049631204,0.06998,0.0013
Central African Republic,CAF,2004,0.5614823,82.87479,16.563728,0.050524823,0.07124,0.0013
Central African Republic,CAF,2005,0.55172414,82.89655,16.551723,0.05141844,0.0725,0.0013
Central African Republic,CAF,2006,0.55172414,82.89655,16.551723,0.05141844,0.0725,0
Central African Republic,CAF,2007,0.55172414,82.89655,16.551723,0.05141844,0.0725,0
Central African Republic,CAF,2008,0.55172414,82.89655,16.551723,0.05141844,0.0725,0
Central African Republic,CAF,2009,0.55172414,82.89655,16.551723,0.05141844,0.0725,0
Central African Republic,CAF,2010,0.55172414,82.89655,16.551723,0.05141844,0.0725,0
Central African Republic,CAF,2011,0.55172414,82.89655,16.551723,0.05141844,0.0725,0
Central African Republic,CAF,2012,0.55172414,82.89655,16.551723,0.05141844,0.0725,0
Central African Republic,CAF,2013,0.55172414,82.89655,16.551723,0.05141844,0.0725,0
Central African Republic,CAF,2014,0.55172414,82.89655,16.551723,0.05141844,0.0725,0
Central African Republic,CAF,2015,0.55172414,82.89655,16.551723,0.05141844,0.0725,0
Central African Republic,CAF,2016,0.55172414,82.89655,16.551723,0.05141844,0.0725,0
Central African Republic,CAF,2017,0.55172414,82.89655,16.551723,0.05141844,0.0725,0
Central African Republic,CAF,2018,0.55172414,82.89655,16.551723,0.05141844,0.0725,0
Central African Republic,CAF,2019,0.55172414,82.89655,16.551723,0.05141844,0.0725,0
Central African Republic,CAF,2020,0.55172414,82.89655,16.551723,0.05141844,0.0725,0
Central African Republic,CAF,2021,0.55172414,82.89655,16.551723,0.05141844,0.0725,0
Central African Republic,CAF,2022,0.55172414,82.89655,16.551723,0.05141844,0.0725,0
Central Europe and the Baltics,CEB,2014,10.930541,18.566347,70.44167,12.880225,32.22761,
Central Europe and the Baltics,CEB,2015,11.916157,18.969513,69.18156,12.964184,32.437683,0.2101
Central Europe and the Baltics,CEB,2016,11.799854,18.864353,69.30253,12.897234,32.27017,-0.1675
Central Europe and the Baltics,CEB,2017,12.388843,18.949635,68.66573,13.295316,33.266212,0.996
Central Europe and the Baltics,CEB,2018,13.234175,19.73607,67.04451,12.861176,32.179947,-1.0863
Central Europe and the Baltics,CEB,2019,13.680896,20.42117,65.30596,12.382448,30.982122,-1.1978
Central Europe and the Baltics,CEB,2020,16.379148,19.809643,63.45943,12.262561,30.682154,-0.3
Central Europe and the Baltics,CEB,2021,16.478142,20.260704,63.261154,12.719805,31.826223,1.1441
Chad,TCD,1990,79.24261,13.392255,7.365137,2.1271384,0.31907076,
Chad,TCD,1991,78.82529,12.957662,8.217053,2.4339623,0.36509436,0.046
Chad,TCD,1992,78.501396,12.620372,8.878231,2.7407863,0.41111794,0.046
Chad,TCD,1993,78.24273,12.350997,9.406277,3.0476103,0.45714155,0.046
Chad,TCD,1994,78.03137,12.1309,9.837725,3.3544343,0.5031651,0.046
Chad,TCD,1995,77.855446,11.947694,10.196859,3.6612582,0.54918873,0.046
Chad,TCD,1996,77.706726,11.792819,10.500455,3.968082,0.5952123,0.046
Chad,TCD,1997,77.57935,11.660175,10.76047,4.274906,0.6412359,0.046
Chad,TCD,1998,77.46904,11.545298,10.9856615,4.58173,0.6872595,0.046
Chad,TCD,1999,77.372574,11.44484,11.182585,4.8885536,0.7332831,0.046
Chad,TCD,2000,77.287506,11.356248,11.356248,5.195378,0.77930665,0.046
Chad,TCD,2001,77.68224,11.158878,11.158878,5.4688888,0.82033336,0.041
Chad,TCD,2002,78.03938,10.98031,10.98031,5.7424,0.86136,0.041
Chad,TCD,2003,77.49239,11.253804,11.253804,5.782933,0.86744,0.0061
Chad,TCD,2004,76.95302,11.523491,11.523491,5.823467,0.87352,0.0061
Chad,TCD,2005,76.4211,11.78945,11.78945,5.864,0.8796,0.0061
Chad,TCD,2006,76.4211,11.78945,11.78945,5.864,0.8796,0
Chad,TCD,2007,76.4211,11.78945,11.78945,5.864,0.8796,0
Chad,TCD,2008,76.4211,11.78945,11.78945,5.864,0.8796,0
Chad,TCD,2009,76.4211,11.78945,11.78945,5.864,0.8796,0
Chad,TCD,2010,76.4211,11.78945,11.78945,5.864,0.8796,0
Chad,TCD,2011,76.4211,11.78945,11.78945,5.864,0.8796,0
Chad,TCD,2012,76.4211,11.78945,11.78945,5.864,0.8796,0
Chad,TCD,2013,76.4211,11.78945,11.78945,5.864,0.8796,0
Chad,TCD,2014,76.4211,11.78945,11.78945,5.864,0.8796,0
Chad,TCD,2015,76.4211,11.78945,11.78945,5.864,0.8796,0
Chad,TCD,2016,76.4211,11.78945,11.78945,5.864,0.8796,0
Chad,TCD,2017,76.4211,11.78945,11.78945,5.864,0.8796,0
Chad,TCD,2018,76.4211,11.78945,11.78945,5.864,0.8796,0
Chad,TCD,2019,76.4211,11.78945,11.78945,5.864,0.8796,0
Chad,TCD,2020,76.4211,11.78945,11.78945,5.864,0.8796,0
Chad,TCD,2021,76.4211,11.78945,11.78945,5.864,0.8796,0
Chad,TCD,2022,76.4211,11.78945,11.78945,5.864,0.8796,0
Chile,CHL,1992,,5.396747,10.896994,2.292113,20.2852,
Chile,CHL,1993,,5.093249,10.411681,2.4143083,21.366629,1.0814
Chile,CHL,1994,,4.818986,9.973118,2.5365036,22.448057,1.0814
Chile,CHL,1995,,4.569928,9.574861,2.658699,23.529486,1.0814
Chile,CHL,1996,,4.3427544,9.211596,2.7808943,24.610914,1.0814
Chile,CHL,1997,,4.134701,8.878905,2.9030895,25.692343,1.0814
Chile,CHL,1998,,3.9434516,8.573086,3.025285,26.773771,1.0814
Chile,CHL,1999,,3.7670496,8.291009,3.1474802,27.8552,1.0814
Chile,CHL,2000,,3.6038303,8.030011,3.2696755,28.936628,1.0814
Chile,CHL,2001,,3.5983696,9.084189,3.3913088,30.013083,1.0765
Chile,CHL,2002,,3.5932884,10.065065,3.5129418,31.089535,1.0765
Chile,CHL,2003,,3.5885487,10.980026,3.6305892,32.130714,1.0412
Chile,CHL,2004,,3.584117,11.835502,3.7522194,33.20714,1.0764
Chile,CHL,2005,,3.5799644,12.63711,3.8738499,34.283573,1.0764
Chile,CHL,2006,83.03697,3.5760655,13.389783,3.9954803,35.36,1.0764
Chile,CHL,2007,83.75825,3.6136758,12.628078,3.9963841,35.368,0.008
Chile,CHL,2008,84.49458,3.65205,11.853367,3.9963841,35.368,0
Chile,CHL,2009,85.24398,3.6911051,11.064913,3.9963841,35.368,0
Chile,CHL,2010,86.0068,3.730859,10.262347,3.9963841,35.368,0
Chile,CHL,2011,86.78338,3.7713308,9.445289,3.9963841,35.368,0
Chile,CHL,2012,87.57412,3.8125403,8.61334,3.9963841,35.368,0
Chile,CHL,2013,88.3794,3.8545074,7.766092,3.9963841,35.368,0
Chile,CHL,2014,89.19963,3.8972538,6.9031177,3.9963841,35.368,0
Chile,CHL,2015,90.035225,3.9408007,6.023975,3.9963841,35.368,0
Chile,CHL,2016,90.88663,3.9851716,5.1282053,3.9963841,35.368,0
Chile,CHL,2017,90.88663,3.9851716,5.1282053,3.9963841,35.368,0
Chile,CHL,2018,90.88663,3.9851716,5.1282053,3.9963841,35.368,0
Chile,CHL,2019,90.88663,3.9851716,5.1282053,3.9963841,35.368,0
Chile,CHL,2020,90.88663,3.9851716,5.1282053,3.9963841,35.368,0
Chile,CHL,2021,90.88663,3.9851716,5.1282053,3.9963841,35.368,0
Chile,CHL,2022,90.88663,3.9851716,5.1282053,3.9963841,35.368,0
China,CHN,1990,83,7,10,17.77525,500,
China,CHN,1991,81.13884,6.2383227,12.622836,18.076244,508.46667,8.4667
China,CHN,1992,79.33867,5.5016055,15.159722,18.377237,516.93335,8.4667
China,CHN,1993,77.59654,4.7886415,17.614815,18.678232,525.4,8.4667
China,CHN,1994,76.29394,5.6306148,18.075445,18.807737,529.04285,3.6428
China,CHN,1995,75.008385,6.4615674,18.530046,18.937243,532.6857,3.6429
China,CHN,1996,73.73955,7.281714,18.978737,19.066748,536.32855,3.6428
China,CHN,1997,72.48711,8.091264,19.421629,19.196255,539.97144,3.6429
China,CHN,1998,71.25074,8.890421,19.858835,19.32576,543.61426,3.6428
China,CHN,1999,70.03015,9.679385,20.290464,19.455265,547.25714,3.6429
China,CHN,2000,68.82503,10.458348,20.716623,19.58477,550.9,3.6429
China,CHN,2001,67.97587,10.806188,21.217943,19.607523,551.54,0.64
China,CHN,2002,67.12938,11.152934,21.717688,19.630276,552.18,0.64
China,CHN,2003,66.28554,11.498593,22.215866,19.653027,552.82,0.64
China,CHN,2004,65.44434,11.843171,22.712484,19.67578,553.46,0.64
China,CHN,2005,64.60578,12.186671,23.20755,19.698532,554.1,0.64
China,CHN,2006,64.258156,12.171168,23.570677,20.192684,568,13.9
China,CHN,2007,63.01418,12.427796,24.558025,20.21757,568.7,0.7
China,CHN,2008,63.28152,12.590673,24.127806,20.480642,576.1,7.4
China,CHN,2009,63.510746,12.76015,23.729103,20.733051,583.2,7.1
China,CHN,2010,62.504234,12.978651,24.517113,20.862099,586.83,3.63
China,CHN,2011,62.441628,13.17545,24.382921,21.152548,595,8.17
China,CHN,2012,64.31294,12.083541,23.603514,21.28764,598.8,3.8
China,CHN,2013,64.52674,12.341027,23.132229,21.429842,602.8,4
China,CHN,2014,64.56943,12.800401,22.630173,21.095667,593.4,-9.4
China,CHN,2015,64.403946,13.275372,22.320683,21.038786,591.8,-1.6
China,CHN,2016,62.382042,15.963048,21.654913,21.473213,604.02,12.22
China,CHN,2017,62.322533,16.546976,21.13049,21.195919,596.22,-7.8
China,CHN,2018,61.393066,17.634445,20.972488,21.078247,592.91,-3.31
China,CHN,2019,61.155582,18.622534,20.221882,21.034164,591.67,-1.24
China,CHN,2020,62.14454,20.129368,17.726091,20.209747,568.48,-23.19
China,CHN,2021,62.14454,20.129368,17.726091,20.209747,568.48,0
China,CHN,2022,62.14454,20.129368,17.726091,20.209747,568.48,0
Colombia,COL,2000,63.516655,31.848696,4.63465,0.36111888,7.746,
Colombia,COL,2001,61.875465,30.918789,7.205746,0.38456875,8.249,0.503
Colombia,COL,2002,60.4228,30.095701,9.481503,0.4079837,8.75125,0.5023
Colombia,COL,2003,59.127934,29.362024,11.510043,0.4314161,9.253875,0.5026
Colombia,COL,2004,57.966484,28.703941,13.329576,0.4548485,9.7565,0.5026
Colombia,COL,2005,56.918842,28.11034,14.9708185,0.47828087,10.259125,0.5026
Colombia,COL,2006,55.969055,27.57219,16.458754,0.5017133,10.76175,0.5026
Colombia,COL,2007,55.104034,27.082062,17.813904,0.5251457,11.264375,0.5026
Colombia,COL,2008,54.31291,26.633806,19.053284,0.548718,11.77,0.5056
Colombia,COL,2009,67.92999,21.962244,10.107762,0.66436875,14.25071,2.4807
Colombia,COL,2010,77.502716,18.678167,3.819118,0.7803459,16.73842,2.4877
Colombia,COL,2011,76.962234,19.514812,3.522951,0.812759,17.43368,0.6953
Colombia,COL,2012,72.64286,17.261215,10.095926,0.8259529,17.71669,0.283
Colombia,COL,2013,74.293465,16.553888,9.152648,0.86422795,18.53769,0.821
Colombia,COL,2014,74.712494,16.324278,8.963227,0.8869958,19.02606,0.4884
Colombia,COL,2015,75.440636,16.065708,8.493659,0.9208811,19.7529,0.7268
Colombia,COL,2016,73.70485,14.925008,11.370144,0.9351613,20.05921,0.3063
Colombia,COL,2017,75.00682,14.056271,10.936906,0.98241585,21.07282,1.0136
Colombia,COL,2018,75.59463,13.61569,10.78968,0.99804616,21.40809,0.3353
Colombia,COL,2019,75.3109,14.180987,10.508112,1.0189953,21.85745,0.4494
Colombia,COL,2020,81.32255,14.182141,4.4953117,1.056516,22.66227,0.8048
Colombia,COL,2021,82.254,13.448453,4.2975516,1.0975333,23.54209,0.8798
Colombia,COL,2022,82.17445,13.676436,4.149108,1.1311721,24.26364,0.7216
Comoros,COM,1999,47,48,5,0.8333333,0.01,
Comoros,COM,2000,47,48,5,0.8333333,0.01,0
Comoros,COM,2001,47,48,5,0.8333333,0.01,0
Comoros,COM,2002,47,48,5,0.8333333,0.01,0
Comoros,COM,2003,47,48,5,0.8333333,0.01,0
Comoros,COM,2004,47,48,5,0.8333333,0.01,0
Comoros,COM,2005,47,48,5,0.8333333,0.01,0
Comoros,COM,2006,47,48,5,0.8333333,0.01,0
Comoros,COM,2007,47,48,5,0.8333333,0.01,0
Comoros,COM,2008,47,48,5,0.8333333,0.01,0
Comoros,COM,2009,47,48,5,0.8333333,0.01,0
Comoros,COM,2010,47,48,5,0.8333333,0.01,0
Comoros,COM,2011,47,48,5,0.8333333,0.01,0
Comoros,COM,2012,47,48,5,0.8333333,0.01,0
Comoros,COM,2013,47,48,5,0.8333333,0.01,0
Comoros,COM,2014,47,48,5,0.8333333,0.01,0
Comoros,COM,2015,47,48,5,0.8333333,0.01,0
Comoros,COM,2016,47,48,5,0.8333333,0.01,0
Comoros,COM,2017,47,48,5,0.8333333,0.01,0
Comoros,COM,2018,47,48,5,0.8333333,0.01,0
Comoros,COM,2019,47,48,5,0.8333333,0.01,0
Comoros,COM,2020,47,48,5,0.8333333,0.01,0
Comoros,COM,2021,47,48,5,0.8333333,0.01,0
Comoros,COM,2022,47,48,5,0.8333333,0.01,0
"Congo, Dem. Rep.",COD,1995,17.433311,63.568577,18.99811,0.0529,0.4761,
"Congo, Dem. Rep.",COD,1996,16.230661,64.29174,19.477596,0.0553,0.4977,0.0216
"Congo, Dem. Rep.",COD,1997,15.128057,64.95475,19.917196,0.0577,0.5193,0.0216
"Congo, Dem. Rep.",COD,1998,14.113515,65.5648,20.321686,0.0601,0.5409,0.0216
"Congo, Dem. Rep.",COD,1999,13.176888,66.128,20.69511,0.0625,0.5625,0.0216
"Congo, Dem. Rep.",COD,2000,12.309536,66.64954,21.040918,0.0649,0.5841,0.0216
"Congo, Dem. Rep.",COD,2001,11.903974,66.956955,21.139072,0.06711111,0.604,0.0199
"Congo, Dem. Rep.",COD,2002,11.524282,67.24475,21.230967,0.06932222,0.6239,0.0199
"Congo, Dem. Rep.",COD,2003,11.168065,67.514755,21.317179,0.07153333,0.6438,0.0199
"Congo, Dem. Rep.",COD,2004,10.833208,67.76857,21.398222,0.073744446,0.6637,0.0199
"Congo, Dem. Rep.",COD,2005,10.517847,68.00761,21.474546,0.075955555,0.6836,0.0199
"Congo, Dem. Rep.",COD,2006,10.517847,68.00761,21.474546,0.075955555,0.6836,0
"Congo, Dem. Rep.",COD,2007,10.517847,68.00761,21.474546,0.075955555,0.6836,0
"Congo, Dem. Rep.",COD,2008,10.517847,68.00761,21.474546,0.075955555,0.6836,0
"Congo, Dem. Rep.",COD,2009,10.517847,68.00761,21.474546,0.075955555,0.6836,0
"Congo, Dem. Rep.",COD,2010,10.517847,68.00761,21.474546,0.075955555,0.6836,0
"Congo, Dem. Rep.",COD,2011,10.517847,68.00761,21.474546,0.075955555,0.6836,0
"Congo, Dem. Rep.",COD,2012,10.517847,68.00761,21.474546,0.075955555,0.6836,0
"Congo, Dem. Rep.",COD,2013,10.517847,68.00761,21.474546,0.075955555,0.6836,0
"Congo, Dem. Rep.",COD,2014,10.517847,68.00761,21.474546,0.075955555,0.6836,0
"Congo, Dem. Rep.",COD,2015,10.517847,68.00761,21.474546,0.075955555,0.6836,0
"Congo, Dem. Rep.",COD,2016,10.517847,68.00761,21.474546,0.075955555,0.6836,0
"Congo, Dem. Rep.",COD,2017,10.517847,68.00761,21.474546,0.075955555,0.6836,0
"Congo, Dem. Rep.",COD,2018,10.517847,68.00761,21.474546,0.075955555,0.6836,0
"Congo, Dem. Rep.",COD,2019,10.517847,68.00761,21.474546,0.075955555,0.6836,0
"Congo, Dem. Rep.",COD,2020,10.517847,68.00761,21.474546,0.075955555,0.6836,0
"Congo, Dem. Rep.",COD,2021,10.517847,68.00761,21.474546,0.075955555,0.6836,0
"Congo, Dem. Rep.",COD,2022,10.517847,68.00761,21.474546,0.075955555,0.6836,0
"Congo, Rep.",COG,1990,10.455564,63.68932,25.825243,0.018558558,0.0412,
"Congo, Rep.",COG,1991,10.281065,64.23077,25.448717,0.01873874,0.0416,0.0004
"Congo, Rep.",COG,1992,10.10989,64.7619,25.079365,0.018918918,0.042,0.0004
"Congo, Rep.",COG,1993,9.941945,65.28302,24.716982,0.0190991,0.0424,0.0004
"Congo, Rep.",COG,1994,9.777139,65.794395,24.36137,0.019279279,0.0428,0.0004
"Congo, Rep.",COG,1995,9.615385,66.296295,24.012346,0.01945946,0.0432,0.0004
"Congo, Rep.",COG,1996,9.456598,66.788994,23.669725,0.01963964,0.0436,0.0004
"Congo, Rep.",COG,1997,9.300699,67.27273,23.333334,0.01981982,0.044,0.0004
"Congo, Rep.",COG,1998,9.147609,67.74775,23.003002,0.02,0.0444,0.0004
"Congo, Rep.",COG,1999,8.997252,68.21429,22.678572,0.02018018,0.0448,0.0004
"Congo, Rep.",COG,2000,8.849558,68.67257,22.359882,0.02036036,0.0452,0.0004
"Congo, Rep.",COG,2001,8.77193,69.12281,22.046783,0.020540541,0.0456,0.0004
"Congo, Rep.",COG,2002,8.695652,69.565216,21.73913,0.02072072,0.046,0.0004
"Congo, Rep.",COG,2003,6.5323896,69.51552,23.952095,0.02072072,0.046,0
"Congo, Rep.",COG,2004,5.2310376,69.48561,25.283348,0.02072072,0.046,0
"Congo, Rep.",COG,2005,4.36205,69.46565,26.1723,0.02072072,0.046,0
"Congo, Rep.",COG,2006,4.36205,69.46565,26.1723,0.02072072,0.046,0
"Congo, Rep.",COG,2007,4.36205,69.46565,26.1723,0.02072072,0.046,0
"Congo, Rep.",COG,2008,4.36205,69.46565,26.1723,0.02072072,0.046,0
"Congo, Rep.",COG,2009,4.36205,69.46565,26.1723,0.02072072,0.046,0
"Congo, Rep.",COG,2010,4.36205,69.46565,26.1723,0.02072072,0.046,0
"Congo, Rep.",COG,2011,4.36205,69.46565,26.1723,0.02072072,0.046,0
"Congo, Rep.",COG,2012,4.36205,69.46565,26.1723,0.02072072,0.046,0
"Congo, Rep.",COG,2013,4.36205,69.46565,26.1723,0.02072072,0.046,0
"Congo, Rep.",COG,2014,4.36205,69.46565,26.1723,0.02072072,0.046,0
"Congo, Rep.",COG,2015,4.36205,69.46565,26.1723,0.02072072,0.046,0
"Congo, Rep.",COG,2016,4.36205,69.46565,26.1723,0.02072072,0.046,0
"Congo, Rep.",COG,2017,4.36205,69.46565,26.1723,0.02072072,0.046,0
"Congo, Rep.",COG,2018,4.36205,69.46565,26.1723,0.02072072,0.046,0
"Congo, Rep.",COG,2019,4.36205,69.46565,26.1723,0.02072072,0.046,0
"Congo, Rep.",COG,2020,4.36205,69.46565,26.1723,0.02072072,0.046,0
"Congo, Rep.",COG,2021,4.36205,69.46565,26.1723,0.02072072,0.046,0
"Congo, Rep.",COG,2022,4.36205,69.46565,26.1723,0.02072072,0.046,0
Costa Rica,CRI,2012,71.55652,24.765142,3.6783388,2.0693107,2.338321,
Costa Rica,CRI,2013,70.21119,24.150827,5.6379867,2.1824079,2.466121,0.1278
Costa Rica,CRI,2014,70.62816,23.02734,6.3445015,2.4280443,2.74369,0.2776
Costa Rica,CRI,2015,72.09718,20.38617,7.516648,2.8265646,3.194018,0.4503
Costa Rica,CRI,2016,73.14079,19.038477,7.820727,2.586469,2.92271,-0.2713
Costa Rica,CRI,2017,81.96722,8.606558,9.016394,2.159292,2.44,-0.4827
Costa Rica,CRI,2018,68.630165,23.874592,7.495246,2.702354,3.05366,0.6137
Costa Rica,CRI,2019,65.976685,26.720892,7.302425,2.7771063,3.13813,0.0845
Costa Rica,CRI,2020,66.166046,26.409395,7.4245596,2.775292,3.13608,-0.002
Costa Rica,CRI,2021,60.71933,32.162838,7.1178336,3.050292,3.44683,0.3108
Costa Rica,CRI,2022,60.71933,32.162838,7.1178336,3.050292,3.44683,0
Cote d'Ivoire,CIV,1990,66.995766,22.002821,11.0014105,1.4315461,1.1,
Cote d'Ivoire,CIV,1991,66.43558,19.596052,13.96837,1.4744924,1.133,0.033
Cote d'Ivoire,CIV,1992,65.9071,17.325516,16.76739,1.5174389,1.166,0.033
Cote d'Ivoire,CIV,1993,65.40771,15.179963,19.412334,1.5603852,1.199,0.033
Cote d'Ivoire,CIV,1994,64.93507,13.149351,21.915585,1.6033316,1.232,0.033
Cote d'Ivoire,CIV,1995,60.775818,17.825811,21.398373,1.6416796,1.2614666,0.0295
Cote d'Ivoire,CIV,1996,56.806446,22.288784,20.904772,1.6800277,1.2909334,0.0295
Cote d'Ivoire,CIV,1997,53.014236,26.552559,20.433203,1.7183758,1.3204,0.0295
Cote d'Ivoire,CIV,1998,49.387592,30.630186,19.98222,1.7567239,1.3498666,0.0295
Cote d'Ivoire,CIV,1999,45.9159,34.533592,19.550507,1.795072,1.3793334,0.0295
Cote d'Ivoire,CIV,2000,42.58944,38.27371,19.136854,1.83342,1.4088,0.0295
Cote d'Ivoire,CIV,2001,41.69172,38.871723,19.436558,1.8699635,1.43688,0.0281
Cote d'Ivoire,CIV,2002,40.82842,39.44681,19.724771,1.906507,1.46496,0.0281
Cote d'Ivoire,CIV,2003,39.99759,40.000267,20.002144,1.9430505,1.49304,0.0281
Cote d'Ivoire,CIV,2004,39.197433,40.53329,20.269276,1.979594,1.52112,0.0281
Cote d'Ivoire,CIV,2005,38.426285,41.046993,20.526724,2.0161374,1.5492,0.0281
Cote d'Ivoire,CIV,2006,39.523888,39.88905,20.552391,1.9601481,1.5061778,-0.043
Cote d'Ivoire,CIV,2007,40.7151,38.69063,20.59427,1.9027995,1.4621111,-0.0441
Cote d'Ivoire,CIV,2008,41.964893,37.403954,20.631153,1.8461305,1.4185667,-0.0435
Cote d'Ivoire,CIV,2009,43.326134,36.015263,20.658604,1.790481,1.3758055,-0.0428
Cote d'Ivoire,CIV,2010,44.7747,34.537483,20.687817,1.7348315,1.3330444,-0.0428
Cote d'Ivoire,CIV,2011,46.319283,32.961754,20.718964,1.6791818,1.2902833,-0.0428
Cote d'Ivoire,CIV,2012,47.94968,31.264912,20.743563,1.6242119,1.2480445,-0.0422
Cote d'Ivoire,CIV,2013,49.72661,29.468336,20.783388,1.5682225,1.2050222,-0.043
Cote d'Ivoire,CIV,2014,51.635113,27.538727,20.826162,1.5122333,1.162,-0.043
Cote d'Ivoire,CIV,2015,51.635113,27.538727,20.826162,1.5122333,1.162,0
Cote d'Ivoire,CIV,2016,51.635113,27.538727,20.826162,1.5122333,1.162,0
Cote d'Ivoire,CIV,2017,51.635113,27.538727,20.826162,1.5122333,1.162,0
Cote d'Ivoire,CIV,2018,51.635113,27.538727,20.826162,1.5122333,1.162,0
Cote d'Ivoire,CIV,2019,51.635113,27.538727,20.826162,1.5122333,1.162,0
Cote d'Ivoire,CIV,2020,51.635113,27.538727,20.826162,1.5122333,1.162,0
Cote d'Ivoire,CIV,2021,51.635113,27.538727,20.826162,1.5122333,1.162,0
Cote d'Ivoire,CIV,2022,51.635113,27.538727,20.826162,1.5122333,1.162,0
Croatia,HRV,2002,1.0287707,88.02093,10.950305,1.5212202,0.5735,
Croatia,HRV,2003,0.93119866,86.8792,12.1896,1.6236453,0.6121143,0.0386
Croatia,HRV,2004,1.2028908,84.59782,14.241661,1.6097386,0.6068714,-0.0052
Croatia,HRV,2005,0.9911562,83.04589,15.962954,1.6324744,0.6154429,0.0086
Croatia,HRV,2006,0.8354915,81.81511,17.349398,1.682645,0.63435715,0.0189
Croatia,HRV,2007,0.49157304,80.78696,18.721472,1.7267146,0.6509714,0.0166
Croatia,HRV,2008,0.98178905,78.18469,20.833519,1.758886,0.6631,0.0121
Croatia,HRV,2009,1.59351,77.3287,21.077793,1.8297082,0.6898,0.0267
Croatia,HRV,2010,6.880633,46.525753,46.593613,1.8116817,0.683004,-0.0068
Croatia,HRV,2011,6.6885624,45.56152,47.74992,1.7623528,0.664407,-0.0186
Croatia,HRV,2012,6.618528,42.978367,50.403103,1.7314377,0.652752,-0.0117
Croatia,HRV,2013,6.8254795,44.014374,49.16015,1.668191,0.628908,-0.0238
Croatia,HRV,2014,6.909795,40.46876,52.621445,1.5382282,0.579912,-0.049
Croatia,HRV,2015,6.9781127,42.634064,50.387825,1.6467957,0.620842,0.0409
Croatia,HRV,2016,6.8704276,42.265785,50.863785,1.6886233,0.636611,0.0158
Croatia,HRV,2017,7.6452446,45.123642,47.231113,1.7930318,0.675973,0.0394
Croatia,HRV,2018,7.7113285,44.750362,47.53831,1.773756,0.668706,-0.0073
Croatia,HRV,2019,7.6228685,43.931797,48.445335,1.7824934,0.672,0.0033
Croatia,HRV,2020,7.5247526,42.9703,49.50495,1.7453581,0.658,-0.014
Croatia,HRV,2021,7.5848303,43.912174,48.502995,1.7639257,0.665,0.007
Croatia,HRV,2022,7.4803147,45.767715,46.75197,1.801061,0.679,0.014
Cuba,CUB,1995,51.161007,34.158512,14.680484,13.66999,5.211,
Cuba,CUB,1996,51.343117,33.997524,14.659356,13.683279,5.216066,0.0051
Cuba,CUB,1997,51.52488,33.836853,14.638269,13.6965685,5.221132,0.0051
Cuba,CUB,1998,51.706287,33.67649,14.617224,13.709858,5.2261977,0.0051
Cuba,CUB,1999,51.88734,33.51644,14.596218,13.723147,5.2312636,0.0051
Cuba,CUB,2000,52.068047,33.356697,14.575254,13.736437,5.2363296,0.0051
Cuba,CUB,2001,52.248405,33.197266,14.55433,13.748676,5.2409954,0.0047
Cuba,CUB,2002,52.428413,33.038143,14.533446,13.761966,5.2460613,0.0051
Cuba,CUB,2003,52.608074,32.879326,14.512604,13.775255,5.2511272,0.0051
Cuba,CUB,2004,52.787388,32.720814,14.4918,13.788545,5.256193,0.0051
Cuba,CUB,2005,52.966354,32.562607,14.471038,13.801834,5.261259,0.0051
Cuba,CUB,2006,53.14498,32.404705,14.4503145,13.815124,5.266325,0.0051
Cuba,CUB,2007,50.15496,34.43596,15.409079,12.94937,4.9363,-0.33
Cuba,CUB,2008,57.17771,29.625757,13.196532,15.052073,5.73785,0.8016
Cuba,CUB,2009,59.48686,28.067627,12.445516,15.887723,6.0564,0.3185
Cuba,CUB,2010,59.292118,28.242252,12.4656315,15.78948,6.01895,-0.0374
Cuba,CUB,2011,61.360058,26.845354,11.794585,16.611141,6.3321667,0.3132
Cuba,CUB,2012,63.233078,25.58013,11.186792,17.4328,6.6453834,0.3132
Cuba,CUB,2013,64.93749,24.428797,10.633712,18.252886,6.958,0.3126
Cuba,CUB,2014,64.93749,24.428797,10.633712,18.252886,6.958,0
Cuba,CUB,2015,64.93749,24.428797,10.633712,18.252886,6.958,0
Cuba,CUB,2016,64.93749,24.428797,10.633712,18.252886,6.958,0
Cuba,CUB,2017,64.93749,24.428797,10.633712,18.252886,6.958,0
Cuba,CUB,2018,64.93749,24.428797,10.633712,18.252886,6.958,0
Cuba,CUB,2019,64.93749,24.428797,10.633712,18.252886,6.958,0
Cuba,CUB,2020,64.93749,24.428797,10.633712,18.252886,6.958,0
Cuba,CUB,2021,64.93749,24.428797,10.633712,18.252886,6.958,0
Cuba,CUB,2022,64.93749,24.428797,10.633712,18.252886,6.958,0
Cyprus,CYP,1990,73.451324,24.336283,2.2123895,28.589743,0.223,
Cyprus,CYP,1991,73.60483,24.13273,2.2624435,27.948717,0.218,-0.005
Cyprus,CYP,1992,73.765434,23.919754,2.3148148,27.307692,0.213,-0.005
Cyprus,CYP,1993,73.93365,23.696682,2.3696682,26.666666,0.208,-0.005
Cyprus,CYP,1994,73.99521,23.711058,2.293735,25.80586,0.20128572,-0.0067
Cyprus,CYP,1995,74.058174,23.725761,2.2160666,24.945055,0.19457144,-0.0067
Cyprus,CYP,1996,74.12259,23.740805,2.1366024,24.08425,0.18785714,-0.0067
Cyprus,CYP,1997,74.18852,23.7562,2.05528,23.223444,0.18114285,-0.0067
Cyprus,CYP,1998,74.256004,23.771961,1.972033,22.362637,0.17442857,-0.0067
Cyprus,CYP,1999,74.32511,23.7881,1.8867924,21.501831,0.16771428,-0.0067
Cyprus,CYP,2000,74.39589,23.804626,1.7994858,20.641026,0.161,-0.0067
Cyprus,CYP,2001,73.425835,24.3873,2.1868637,19.223444,0.14994286,-0.0111
Cyprus,CYP,2002,75.938934,21.798162,2.262902,21.884615,0.1707,0.0208
Cyprus,CYP,2003,76.82875,20.864445,2.3068051,21.715385,0.16938,-0.0013
Cyprus,CYP,2004,77.803215,19.880075,2.3167076,21.546154,0.16806,-0.0013
Cyprus,CYP,2005,72.794716,24.250237,2.9550457,21.376923,0.16674,-0.0013
Cyprus,CYP,2006,69.3504,27.31917,3.3304234,21.207693,0.16542,-0.0013
Cyprus,CYP,2007,66.02032,30.286242,3.6934443,21.038462,0.1641,-0.0013
Cyprus,CYP,2008,68.181816,27.518427,4.299754,20.576923,0.1605,-0.0036
Cyprus,CYP,2009,76.797386,19.93464,3.267974,23.628204,0.1843,0.0238
Cyprus,CYP,2010,73.16357,24.191969,2.6444662,25.75641,0.2009,0.0166
Cyprus,CYP,2011,74.04408,23.79667,2.1592443,28.307692,0.2208,0.0199
Cyprus,CYP,2012,67.32284,31.023623,1.6535434,32.73077,0.2553,0.0345
Cyprus,CYP,2013,65.648254,32.94164,1.4101057,26.512821,0.2068,-0.0485
Cyprus,CYP,2014,63.309353,35.61151,1.0791367,27.820513,0.217,0.0102
Cyprus,CYP,2015,66.32653,33.67347,2.0408163,29.74359,0.232,0.015
Cyprus,CYP,2016,63.897762,36.102238,1.2779553,27.948717,0.218,-0.014
Cyprus,CYP,2017,62.626263,37.037037,5.7239056,27.692308,0.216,-0.002
Cyprus,CYP,2018,61.188812,38.811188,5.944056,26.538462,0.207,-0.009
Cyprus,CYP,2019,60.583942,39.416058,6.2043796,25.897436,0.202,-0.005
Cyprus,CYP,2020,62.545456,37.454544,6.181818,29.615385,0.231,0.029
Cyprus,CYP,2021,62.283737,37.716263,5.882353,30.128204,0.235,0.004
Cyprus,CYP,2022,61.245674,38.754326,5.882353,28.589743,0.223,-0.012
Czechia,CZE,1993,0.9075137,37.179146,61.91334,23.060076,3.0324,
Czechia,CZE,1994,1.1184279,38.105526,60.776047,21.960457,2.8878,-0.1446
Czechia,CZE,1995,1.348888,39.117756,59.53336,20.860836,2.7432,-0.1446
Czechia,CZE,1996,1.0887213,38.802406,60.10887,19.907604,2.61785,-0.1254
Czechia,CZE,1997,0.8024072,38.455364,60.742226,18.954372,2.4925,-0.1254
Czechia,CZE,1998,0.7460069,38.325962,60.92803,18.065552,2.37562,-0.1169
Czechia,CZE,1999,0.6868878,38.190323,61.122787,17.17673,2.25874,-0.1169
Czechia,CZE,2000,0.6248485,38.047985,61.327168,16.287909,2.14186,-0.1169
Czechia,CZE,2001,0.5303672,37.909603,61.56003,15.399088,2.02498,-0.1169
Czechia,CZE,2002,0.9800839,43.634457,71.41293,14.510266,1.9081,-0.1169
Czechia,CZE,2003,0.9682742,37.368095,61.66363,14.603803,1.9204,0.0123
Czechia,CZE,2004,1.0980949,37.117107,61.784798,14.697338,1.9327,0.0123
Czechia,CZE,2005,1.234648,36.853107,61.912243,14.7908745,1.945,0.0123
Czechia,CZE,2006,1.3784709,36.57505,62.04648,14.884411,1.9573,0.0123
Czechia,CZE,2007,1.5134586,35.885777,61.509277,14.977947,1.9696,0.0123
Czechia,CZE,2008,1.741214,35.95343,62.305355,15.11787,1.988,0.0184
Czechia,CZE,2009,2.163246,36.077362,61.759396,14.806084,1.947,-0.041
Czechia,CZE,2010,2.0224748,36.41004,61.567482,14.836502,1.951,0.004
Czechia,CZE,2011,2.2071748,36.107117,61.685707,14.34981,1.887,-0.064
Czechia,CZE,2012,2.3465507,34.606194,57.55983,13.995438,1.8404,-0.0466
Czechia,CZE,2013,2.6666667,37.478786,62.387165,12.549809,1.6503,-0.1901
Czechia,CZE,2014,2.9401066,36.493694,60.566196,12.547528,1.65,-0.0003
Czechia,CZE,2015,3.3875,38.30625,58.50625,12.193156,1.6034,-0.0466
Czechia,CZE,2016,2.8963416,36.92683,59.865852,12.431939,1.6348,0.0314
Czechia,CZE,2017,2.8588958,37.82822,59.33742,12.395437,1.63,-0.0048
Czechia,CZE,2018,3.144654,40.880505,55.974842,12.091255,1.59,-0.04
Czechia,CZE,2019,2.8552456,42.828686,54.31607,11.452472,1.506,-0.084
Czechia,CZE,2020,2.8550513,46.046852,51.098095,10.387833,1.366,-0.14
Czechia,CZE,2021,2.7427723,46.478874,50.778355,10.258555,1.349,-0.017
Czechia,CZE,2022,3.042877,43.29184,53.665283,10.988593,1.445,0.096
Denmark,DNK,1990,36.875496,45.28152,17.842981,21.635054,1.2981033,
Denmark,DNK,1991,35.840256,46.57986,17.579882,20.728857,1.2437314,-0.0544
Denmark,DNK,1992,34.699257,48.010838,17.289904,19.822659,1.1893594,-0.0544
Denmark,DNK,1993,33.43542,49.595875,16.968706,18.91646,1.1349876,-0.0544
Denmark,DNK,1994,32.02778,51.361263,16.610962,18.010262,1.0806156,-0.0544
Denmark,DNK,1995,30.450304,53.33964,16.210056,17.104063,1.0262438,-0.0544
Denmark,DNK,1996,33.830948,51.551434,14.617619,16.197865,0.9718719,-0.0544
Denmark,DNK,1997,39.571045,53.08847,13.925827,15.291667,0.9175,-0.0544
Denmark,DNK,1998,34.07261,53.162056,12.765334,14.411333,0.86468,-0.0528
Denmark,DNK,1999,30.405848,57.18917,12.404982,13.531,0.81186,-0.0528
Denmark,DNK,2000,25.920538,62.115276,11.964186,12.650666,0.75904,-0.0528
Denmark,DNK,2001,25.35959,63.9512,10.689212,11.770333,0.70622,-0.0528
Denmark,DNK,2002,24.734241,65.9979,9.267855,10.89,0.6534,-0.0528
Denmark,DNK,2003,25.62046,65.75363,8.625908,10.755555,0.64533335,-0.0081
Denmark,DNK,2004,28.99172,63.305737,7.702543,10.621111,0.6372667,-0.0081
Denmark,DNK,2005,27.135756,65.532776,7.3314695,10.486667,0.6292,-0.0081
Denmark,DNK,2006,33.773693,59.800404,6.4259048,9.871667,0.5923,-0.0369
Denmark,DNK,2007,20.585144,72.0042,7.4106517,9.256667,0.5554,-0.0369
Denmark,DNK,2008,35.482933,58.983295,5.533769,11.6,0.696,0.1406
Denmark,DNK,2009,35.25058,59.352352,5.39707,10.995,0.6597,-0.0363
Denmark,DNK,2010,33.60245,57.21047,9.187082,13.481667,0.8089,0.1492
Denmark,DNK,2011,32.822376,54.13473,13.042893,14.428333,0.8657,0.0568
Denmark,DNK,2012,26.037735,56.072678,17.889587,12.141666,0.7285,-0.1372
Denmark,DNK,2013,40.09322,48.217945,11.688833,16.816668,1.009,0.2805
Denmark,DNK,2014,43.316032,48.60027,8.083697,16.486666,0.9892,-0.0198
Denmark,DNK,2015,47.74575,47.95713,4.2990885,13.53,0.8118,-0.1774
Denmark,DNK,2016,52.068726,43.58694,4.3443313,14.78325,0.886995,0.0752
Denmark,DNK,2017,53.330105,42.765,3.9048982,14.929967,0.895798,0.0088
Denmark,DNK,2018,59.624603,36.055515,4.319883,18.430283,1.105817,0.21
Denmark,DNK,2019,53.57574,40.950874,5.473385,15.7599,0.945594,-0.1602
Denmark,DNK,2020,51.496975,42.454952,6.0480723,15.78795,0.947277,0.0017
Denmark,DNK,2021,54.135002,40.61887,5.2461257,15.986083,0.959165,0.0119
Denmark,DNK,2022,54.207417,40.968266,4.8243165,15.5725,0.93435,-0.0248
Djibouti,DJI,1990,48.57143,51.42857,0,3.888889,0.011666667,
Djibouti,DJI,1991,43.548386,56.451614,0,4.133333,0.0124,0.0007
Djibouti,DJI,1992,39.086296,60.913704,0,4.3777776,0.013133333,0.0007
Djibouti,DJI,1993,35.096153,64.90385,0,4.6222224,0.013866667,0.0007
Djibouti,DJI,1994,31.50685,68.49315,0,4.8333335,0.0145,0.0006
Djibouti,DJI,1995,28.26087,71.73913,0,5.111111,0.015333333,0.0008
Djibouti,DJI,1996,25.311203,74.6888,0,5.3555555,0.016066667,0.0007
Djibouti,DJI,1997,22.619047,77.38095,0,5.6,0.0168,0.0007
Djibouti,DJI,1998,20.152092,79.84791,0,5.811111,0.017433332,0.0006
Djibouti,DJI,1999,17.883211,82.11679,0,6.088889,0.018266667,0.0008
Djibouti,DJI,2000,15.789474,84.210526,0,6.3333335,0.019,0.0007
Djibouti,DJI,2001,15.789474,84.210526,0,6.3333335,0.019,0
Djibouti,DJI,2002,15.789474,84.210526,0,6.3333335,0.019,0
Djibouti,DJI,2003,15.789474,84.210526,0,6.3333335,0.019,0
Djibouti,DJI,2004,15.789474,84.210526,0,6.3333335,0.019,0
Djibouti,DJI,2005,15.789474,84.210526,0,6.3333335,0.019,0
Djibouti,DJI,2006,15.789474,84.210526,0,6.3333335,0.019,0
Djibouti,DJI,2007,15.789474,84.210526,0,6.3333335,0.019,0
Djibouti,DJI,2008,15.789474,84.210526,0,6.3333335,0.019,0
Djibouti,DJI,2009,15.789474,84.210526,0,6.3333335,0.019,0
Djibouti,DJI,2010,15.789474,84.210526,0,6.3333335,0.019,0
Djibouti,DJI,2011,15.789474,84.210526,0,6.3333335,0.019,0
Djibouti,DJI,2012,15.789474,84.210526,0,6.3333335,0.019,0
Djibouti,DJI,2013,15.789474,84.210526,0,6.3333335,0.019,0
Djibouti,DJI,2014,15.789474,84.210526,0,6.3333335,0.019,0
Djibouti,DJI,2015,15.789474,84.210526,0,6.3333335,0.019,0
Djibouti,DJI,2016,15.789474,84.210526,0,6.3333335,0.019,0
Djibouti,DJI,2017,15.789474,84.210526,0,6.3333335,0.019,0
Djibouti,DJI,2018,15.789474,84.210526,0,6.3333335,0.019,0
Djibouti,DJI,2019,15.789474,84.210526,0,6.3333335,0.019,0
Djibouti,DJI,2020,15.789474,84.210526,0,6.3333335,0.019,0
Djibouti,DJI,2021,15.789474,84.210526,0,6.3333335,0.019,0
Djibouti,DJI,2022,15.789474,84.210526,0,6.3333335,0.019,0
Dominica,DMA,1996,,,,8.3,0.0166,
Dominica,DMA,1997,,,,8.3,0.0166,0
Dominica,DMA,1998,,,,8.3,0.0166,0
Dominica,DMA,1999,,,,8.3,0.0166,0
Dominica,DMA,2000,,,,8.3,0.0166,0
Dominica,DMA,2001,,,,8.3,0.0166,0
Dominica,DMA,2002,,,,8.3,0.0166,0
Dominica,DMA,2003,,,,8.3,0.0166,0
Dominica,DMA,2004,,,,8.3,0.0166,0
Dominica,DMA,2005,,,,8.583334,0.017166667,0.0006
Dominica,DMA,2006,,,,8.866667,0.017733334,0.0006
Dominica,DMA,2007,,,,9.15,0.0183,0.0006
Dominica,DMA,2008,,,,9.433333,0.018866668,0.0006
Dominica,DMA,2009,,,,9.716666,0.019433333,0.0006
Dominica,DMA,2010,5,95,0,10,0.02,0.0006
Dominica,DMA,2011,5,95,0,10,0.02,0
Dominica,DMA,2012,5,95,0,10,0.02,0
Dominica,DMA,2013,5,95,0,10,0.02,0
Dominica,DMA,2014,5,95,0,10,0.02,0
Dominica,DMA,2015,5,95,0,10,0.02,0
Dominica,DMA,2016,5,95,0,10,0.02,0
Dominica,DMA,2017,5,95,0,10,0.02,0
Dominica,DMA,2018,5,95,0,10,0.02,0
Dominica,DMA,2019,5,95,0,10,0.02,0
Dominica,DMA,2020,5,95,0,10,0.02,0
Dominica,DMA,2021,5,95,0,10,0.02,0
Dominica,DMA,2022,5,95,0,10,0.02,0
Dominican Republic,DOM,2000,86.33093,12.332991,1.336074,20.702127,4.865,
Dominican Republic,DOM,2001,85.387085,12.531087,2.081829,21.200851,4.9822,0.1172
Dominican Republic,DOM,2002,84.48796,12.719796,2.7922459,21.699574,5.0994,0.1172
Dominican Republic,DOM,2003,83.630455,12.899771,3.469778,22.198298,5.2166,0.1172
Dominican Republic,DOM,2004,82.81174,13.071602,4.1166573,22.697021,5.3338,0.1172
Dominican Republic,DOM,2005,82.02925,13.235832,4.7349176,23.195745,5.451,0.1172
Dominican Republic,DOM,2006,81.495384,12.918447,5.586169,24.630638,5.7882,0.3372
Dominican Republic,DOM,2007,81.02012,12.635896,6.343988,26.065533,6.1254,0.3372
Dominican Republic,DOM,2008,80.5943,12.382745,7.0229573,27.500425,6.4626,0.3372
Dominican Republic,DOM,2009,80.210594,12.154632,7.6347747,28.93532,6.7998,0.3372
Dominican Republic,DOM,2010,79.86305,11.948015,8.188932,30.370213,7.137,0.3372
Dominican Republic,DOM,2011,80.69354,11.338951,7.967503,30.370213,7.137,0
Dominican Republic,DOM,2012,81.443474,10.78897,7.767554,30.370213,7.137,0
Dominican Republic,DOM,2013,82.12402,10.289873,7.586104,30.370213,7.137,0
Dominican Republic,DOM,2014,82.74439,9.834911,7.4206996,30.370213,7.137,0
Dominican Republic,DOM,2015,83.31222,9.418478,7.2693024,30.370213,7.137,0
Dominican Republic,DOM,2016,83.31222,9.418478,7.2693024,30.370213,7.137,0
Dominican Republic,DOM,2017,83.31222,9.418478,7.2693024,30.370213,7.137,0
Dominican Republic,DOM,2018,83.31222,9.418478,7.2693024,30.370213,7.137,0
Dominican Republic,DOM,2019,83.31222,9.418478,7.2693024,30.370213,7.137,0
Dominican Republic,DOM,2020,83.31222,9.418478,7.2693024,30.370213,7.137,0
Dominican Republic,DOM,2021,83.31222,9.418478,7.2693024,30.370213,7.137,0
Dominican Republic,DOM,2022,83.31222,9.418478,7.2693024,30.370213,7.137,0
Early-demographic dividend,EAR,2014,87.35702,8.893724,3.7492573,15.095306,1815.5607,
Early-demographic dividend,EAR,2015,87.2395,9.024682,3.7153032,15.302119,1840.4347,24.874
Early-demographic dividend,EAR,2016,87.15376,9.126445,3.6664512,15.447313,1857.8977,17.463
Early-demographic dividend,EAR,2017,86.617325,9.174444,4.1953683,15.696979,1887.9257,30.028
Early-demographic dividend,EAR,2018,86.542206,9.099039,4.297349,15.669946,1884.6744,-3.2512
Early-demographic dividend,EAR,2019,86.20473,9.198911,4.0236807,15.510404,1865.4857,-19.1887
Early-demographic dividend,EAR,2020,86.258286,9.224646,4.0418406,15.611071,1877.5933,12.1075
Early-demographic dividend,EAR,2021,86.54184,9.148665,4.029964,16.1491,1942.3037,64.7104
East Asia & Pacific,EAS,2014,73.1855,11.627781,15.1931505,12.181133,1224.3069,
East Asia & Pacific,EAS,2015,73.14999,11.885335,14.921176,12.160221,1222.205,-2.1019
East Asia & Pacific,EAS,2016,72.203926,13.298989,14.584222,12.370373,1243.327,21.1221
East Asia & Pacific,EAS,2017,72.035645,13.351557,14.619101,12.347702,1241.0485,-2.2786
East Asia & Pacific,EAS,2018,71.60073,13.88404,14.521541,12.319017,1238.1653,-2.8832
East Asia & Pacific,EAS,2019,71.74353,14.506108,13.756615,12.3251,1238.7767,0.6115
East Asia & Pacific,EAS,2020,72.39415,15.149241,12.462409,11.986407,1204.7352,-34.0415
East Asia & Pacific,EAS,2021,72.33258,15.1221895,12.551544,12.02912,1209.0283,4.2931
East Asia & Pacific (IDA & IBRD countries),TEA,2014,74.31451,10.505474,15.18002,12.437931,1077.2362,
East Asia & Pacific (IDA & IBRD countries),TEA,2015,74.1921,10.964003,14.8439,12.524552,1084.7383,7.5021
East Asia & Pacific (IDA & IBRD countries),TEA,2016,73.01539,12.566389,14.41822,12.754714,1104.6724,19.9341
East Asia & Pacific (IDA & IBRD countries),TEA,2017,72.77835,12.700682,14.520968,12.716569,1101.3687,-3.3037
East Asia & Pacific (IDA & IBRD countries),TEA,2018,72.28448,13.279724,14.435798,12.682583,1098.4252,-2.9435
East Asia & Pacific (IDA & IBRD countries),TEA,2019,72.45436,13.95777,13.58787,12.718107,1101.502,3.0768
East Asia & Pacific (IDA & IBRD countries),TEA,2020,73.239,14.657088,12.103914,12.346815,1069.3447,-32.1572
East Asia & Pacific (IDA & IBRD countries),TEA,2021,73.134575,14.654395,12.211032,12.364401,1070.8678,1.5231
East Asia & Pacific (excluding high income),EAP,2014,74.33071,10.504853,15.1644335,12.441648,1085.8939,
East Asia & Pacific (excluding high income),EAP,2015,74.20916,10.959756,14.831081,12.527603,1093.3961,7.5022
East Asia & Pacific (excluding high income),EAP,2016,73.041306,12.549756,14.408941,12.755999,1113.3302,19.9341
East Asia & Pacific (excluding high income),EAP,2017,72.80619,12.682952,14.51086,12.718146,1110.0265,-3.3037
East Asia & Pacific (excluding high income),EAP,2018,72.31625,13.25742,14.42633,12.684422,1107.083,-2.9435
East Asia & Pacific (excluding high income),EAP,2019,72.48472,13.93024,13.58504,12.719673,1110.1597,3.0767
East Asia & Pacific (excluding high income),EAP,2020,73.26396,14.62312,12.112919,12.351231,1078.0024,-32.1572
East Asia & Pacific (excluding high income),EAP,2021,73.16034,14.620496,12.219164,12.368682,1079.5255,1.5231
Ecuador,ECU,2000,86.203766,9.684582,4.111651,2.1171565,9.3663,
Ecuador,ECU,2001,85.204254,10.386141,4.409605,2.1419983,9.4762,0.1099
Ecuador,ECU,2002,84.22765,11.071618,4.700729,2.16684,9.5861,0.1099
Ecuador,ECU,2003,83.273186,11.74156,4.985255,2.1916816,9.696,0.1099
Ecuador,ECU,2004,82.3401,12.396488,5.263405,2.2165234,9.8059,0.1099
Ecuador,ECU,2005,81.427704,13.036902,5.5353904,2.2413652,9.9158,0.1099
Ecuador,ECU,2006,81.427704,13.036902,5.5353904,2.2413652,9.9158,0
Ecuador,ECU,2007,81.427704,13.036902,5.5353904,2.2413652,9.9158,0
Ecuador,ECU,2008,81.427704,13.036902,5.5353904,2.2413652,9.9158,0
Ecuador,ECU,2009,81.427704,13.036902,5.5353904,2.2413652,9.9158,0
Ecuador,ECU,2010,81.427704,13.036902,5.5353904,2.2413652,9.9158,0
Ecuador,ECU,2011,81.427704,13.036902,5.5353904,2.2413652,9.9158,0
Ecuador,ECU,2012,81.427704,13.036902,5.5353904,2.2413652,9.9158,0
Ecuador,ECU,2013,81.427704,13.036902,5.5353904,2.2413652,9.9158,0
Ecuador,ECU,2014,81.427704,13.036902,5.5353904,2.2413652,9.9158,0
Ecuador,ECU,2015,81.427704,13.036902,5.5353904,2.2413652,9.9158,0
Ecuador,ECU,2016,81.427704,13.036902,5.5353904,2.2413652,9.9158,0
Ecuador,ECU,2017,81.427704,13.036902,5.5353904,2.2413652,9.9158,0
Ecuador,ECU,2018,81.427704,13.036902,5.5353904,2.2413652,9.9158,0
Ecuador,ECU,2019,81.427704,13.036902,5.5353904,2.2413652,9.9158,0
Ecuador,ECU,2020,81.427704,13.036902,5.5353904,2.2413652,9.9158,0
Ecuador,ECU,2021,81.427704,13.036902,5.5353904,2.2413652,9.9158,0
Ecuador,ECU,2022,81.427704,13.036902,5.5353904,2.2413652,9.9158,0
"Egypt, Arab Rep.",EGY,1990,,,,5392.5,53.925,
"Egypt, Arab Rep.",EGY,1991,,,,5430.8335,54.308334,0.3833
"Egypt, Arab Rep.",EGY,1992,,,,5469.1665,54.691666,0.3833
"Egypt, Arab Rep.",EGY,1993,86.025406,5.6261344,8.348457,5487.5,54.875,0.1833
"Egypt, Arab Rep.",EGY,1994,86.08557,5.992033,7.922399,5667.8286,56.678288,1.8033
"Egypt, Arab Rep.",EGY,1995,86.14188,6.3345113,7.523612,5848.157,58.48157,1.8033
"Egypt, Arab Rep.",EGY,1996,86.19623,6.654991,7.1487827,6028.7256,60.28726,1.8057
"Egypt, Arab Rep.",EGY,1997,86.2473,6.956169,6.796529,6209.2944,62.09294,1.8057
"Egypt, Arab Rep.",EGY,1998,86.295395,7.2397375,6.4648705,6389.863,63.89863,1.8057
"Egypt, Arab Rep.",EGY,1999,86.34075,7.5071974,6.1520534,6570.4316,65.704315,1.8057
"Egypt, Arab Rep.",EGY,2000,86.3836,7.759883,5.8565154,5703,57.03,-8.6743
"Egypt, Arab Rep.",EGY,2001,86.32886,8.185362,5.4857802,5870.7,58.707,1.677
"Egypt, Arab Rep.",EGY,2002,86.27563,8.599089,5.1252847,6038.4,60.384,1.677
"Egypt, Arab Rep.",EGY,2003,86.22385,9.001545,4.7746105,6206.1,62.061,1.677
"Egypt, Arab Rep.",EGY,2004,86.173454,9.393184,4.433361,6373.8,63.738,1.677
"Egypt, Arab Rep.",EGY,2005,86.124405,9.774436,4.101162,6541.5,65.415,1.677
"Egypt, Arab Rep.",EGY,2006,86.07663,10.14571,3.7776577,6709.2,67.092,1.677
"Egypt, Arab Rep.",EGY,2007,86.0301,10.507391,3.4625115,6876.9,68.769,1.677
"Egypt, Arab Rep.",EGY,2008,85.98475,10.859847,3.1554036,7044.6,70.446,1.677
"Egypt, Arab Rep.",EGY,2009,85.940544,11.203427,2.8560302,7212.3,72.123,1.677
"Egypt, Arab Rep.",EGY,2010,85.89744,11.538462,2.5641026,7380,73.8,1.677
"Egypt, Arab Rep.",EGY,2011,84.99651,13.328681,1.6748081,7165,71.65,-2.15
"Egypt, Arab Rep.",EGY,2012,85.06224,13.278008,1.659751,7230,72.3,0.65
"Egypt, Arab Rep.",EGY,2013,85.0685,13.287671,1.6438357,7300,73,0.7
"Egypt, Arab Rep.",EGY,2014,84.82993,13.537415,1.6326531,6070,60.7,-12.3
"Egypt, Arab Rep.",EGY,2015,84.37077,14.005413,1.623816,6090,60.9,0.2
"Egypt, Arab Rep.",EGY,2016,84.27119,14.101695,1.6271186,6065,60.65,-0.25
"Egypt, Arab Rep.",EGY,2017,79.16129,13.870968,6.967742,7750,77.5,16.85
"Egypt, Arab Rep.",EGY,2018,79.16129,13.870968,6.967742,7750,77.5,0
"Egypt, Arab Rep.",EGY,2019,79.16129,13.870968,6.967742,7750,77.5,0
"Egypt, Arab Rep.",EGY,2020,79.16129,13.870968,6.967742,7750,77.5,0
"Egypt, Arab Rep.",EGY,2021,79.16129,13.870968,6.967742,7750,77.5,0
"Egypt, Arab Rep.",EGY,2022,79.16129,13.870968,6.967742,7750,77.5,0
El Salvador,SLV,1992,46.090534,33.744858,20.16461,4.663468,0.7289,
El Salvador,SLV,1993,48.032845,32.428345,19.53881,5.1808224,0.8097625,0.0809
El Salvador,SLV,1994,49.622498,31.350866,19.026636,5.6981764,0.890625,0.0809
El Salvador,SLV,1995,50.947548,30.452738,18.599714,6.215531,0.9714875,0.0809
El Salvador,SLV,1996,52.06898,29.692621,18.238396,6.7328854,1.05235,0.0809
El Salvador,SLV,1997,53.030388,29.040976,17.928638,7.25024,1.1332124,0.0809
El Salvador,SLV,1998,53.863735,28.476126,17.66014,7.7675943,1.214075,0.0809
El Salvador,SLV,1999,54.593014,27.981815,17.42517,8.284948,1.2949375,0.0809
El Salvador,SLV,2000,55.236572,27.545607,17.217821,8.802303,1.3758,0.0809
El Salvador,SLV,2001,58.662224,26.110003,15.227774,9.752015,1.52424,0.1484
El Salvador,SLV,2002,61.479965,24.929157,13.590875,10.701728,1.67268,0.1484
El Salvador,SLV,2003,63.838432,23.940784,12.220782,11.65144,1.82112,0.1484
El Salvador,SLV,2004,65.841446,23.101372,11.057179,12.600639,1.96948,0.1484
El Salvador,SLV,2005,67.563736,22.379604,10.056657,13.550863,2.118,0.1485
El Salvador,SLV,2006,67.037674,22.80408,10.158243,13.483317,2.1074426,-0.0106
El Salvador,SLV,2007,66.46281,23.267937,10.269255,13.4157715,2.096885,-0.0106
El Salvador,SLV,2008,65.832016,23.77692,10.391066,13.348225,2.0863276,-0.0106
El Salvador,SLV,2009,65.13671,24.337955,10.525332,13.280679,2.0757701,-0.0106
El Salvador,SLV,2010,64.36648,24.959454,10.674071,13.213132,2.0652125,-0.0106
El Salvador,SLV,2011,63.5085,25.651749,10.839752,13.145586,2.054655,-0.0106
El Salvador,SLV,2012,62.54689,26.427666,11.025446,13.078039,2.0440977,-0.0106
El Salvador,SLV,2013,61.46166,27.303331,11.235011,13.010493,2.03354,-0.0106
El Salvador,SLV,2014,60.22733,28.299303,11.473369,12.942946,2.0229826,-0.0106
El Salvador,SLV,2015,57.91659,30.515154,11.568256,12.875401,2.0124252,-0.0106
El Salvador,SLV,2016,55.75003,32.485416,11.764553,12.807854,2.0018675,-0.0106
El Salvador,SLV,2017,52.569218,35.59671,11.834071,12.740308,1.9913101,-0.0106
El Salvador,SLV,2018,49.7317,38.1731,12.0952,12.672762,1.9807526,-0.0106
El Salvador,SLV,2019,46.09029,41.58989,12.319823,12.605215,1.9701952,-0.0106
El Salvador,SLV,2020,41.26611,46.31491,12.4189825,12.537669,1.9596376,-0.0106
El Salvador,SLV,2021,49.937786,40.306553,9.755662,12.470122,1.9490801,-0.0106
El Salvador,SLV,2022,72.7863,22.348373,4.865325,12.402576,1.9385227,-0.0106
Equatorial Guinea,GNQ,1990,5.913272,80.4205,13.666228,0.045029584,0.011707692,
Equatorial Guinea,GNQ,1991,5.8897243,80.26316,13.847117,0.047218934,0.012276923,0.0006
Equatorial Guinea,GNQ,1992,5.8682632,80.11976,14.011976,0.049408283,0.012846154,0.0006
Equatorial Guinea,GNQ,1993,5.8486238,79.98853,14.162844,0.051597636,0.013415385,0.0006
Equatorial Guinea,GNQ,1994,5.830583,79.86799,14.30143,0.05378698,0.013984615,0.0006
Equatorial Guinea,GNQ,1995,5.8139534,79.756874,14.429175,0.05597633,0.014553846,0.0006
Equatorial Guinea,GNQ,1996,5.798576,79.65412,14.547304,0.05816568,0.015123077,0.0006
Equatorial Guinea,GNQ,1997,5.7843137,79.55882,14.656863,0.06035503,0.015692309,0.0006
Equatorial Guinea,GNQ,1998,5.77105,79.4702,14.758751,0.06254438,0.016261538,0.0006
Equatorial Guinea,GNQ,1999,5.7586837,79.387566,14.853747,0.06473373,0.016830768,0.0006
Equatorial Guinea,GNQ,2000,5.7471266,79.31035,14.942529,0.066923074,0.0174,0.0006
Equatorial Guinea,GNQ,2001,5.592841,79.41834,14.988814,0.06876923,0.01788,0.0005
Equatorial Guinea,GNQ,2002,5.4466233,79.5207,15.03268,0.07061538,0.01836,0.0005
Equatorial Guinea,GNQ,2003,5.3078556,79.617836,15.07431,0.07246154,0.01884,0.0005
Equatorial Guinea,GNQ,2004,5.1759834,79.710144,15.113872,0.074307695,0.01932,0.0005
Equatorial Guinea,GNQ,2005,5.050505,79.79798,15.151515,0.076153845,0.0198,0.0005
Equatorial Guinea,GNQ,2006,5.050505,79.79798,15.151515,0.076153845,0.0198,0
Equatorial Guinea,GNQ,2007,5.050505,79.79798,15.151515,0.076153845,0.0198,0
Equatorial Guinea,GNQ,2008,5.050505,79.79798,15.151515,0.076153845,0.0198,0
Equatorial Guinea,GNQ,2009,5.050505,79.79798,15.151515,0.076153845,0.0198,0
Equatorial Guinea,GNQ,2010,5.050505,79.79798,15.151515,0.076153845,0.0198,0
Equatorial Guinea,GNQ,2011,5.050505,79.79798,15.151515,0.076153845,0.0198,0
Equatorial Guinea,GNQ,2012,5.050505,79.79798,15.151515,0.076153845,0.0198,0
Equatorial Guinea,GNQ,2013,5.050505,79.79798,15.151515,0.076153845,0.0198,0
Equatorial Guinea,GNQ,2014,5.050505,79.79798,15.151515,0.076153845,0.0198,0
Equatorial Guinea,GNQ,2015,5.050505,79.79798,15.151515,0.076153845,0.0198,0
Equatorial Guinea,GNQ,2016,5.050505,79.79798,15.151515,0.076153845,0.0198,0
Equatorial Guinea,GNQ,2017,5.050505,79.79798,15.151515,0.076153845,0.0198,0
Equatorial Guinea,GNQ,2018,5.050505,79.79798,15.151515,0.076153845,0.0198,0
Equatorial Guinea,GNQ,2019,5.050505,79.79798,15.151515,0.076153845,0.0198,0
Equatorial Guinea,GNQ,2020,5.050505,79.79798,15.151515,0.076153845,0.0198,0
Equatorial Guinea,GNQ,2021,5.050505,79.79798,15.151515,0.076153845,0.0198,0
Equatorial Guinea,GNQ,2022,5.050505,79.79798,15.151515,0.076153845,0.0198,0
Eritrea,ERI,2000,70.14998,14.925012,14.925012,14.764286,0.4134,
Eritrea,ERI,2001,77.92778,11.859291,10.21293,16.269644,0.45555,0.0421
Eritrea,ERI,2002,84.38818,9.3128395,6.2989755,17.775,0.4977,0.0422
Eritrea,ERI,2003,89.83977,7.164027,2.9962027,19.280357,0.53985,0.0421
Eritrea,ERI,2004,94.50172,5.3264604,0.17182131,20.785715,0.582,0.0422
Eritrea,ERI,2005,94.50172,5.3264604,0.17182131,20.785715,0.582,0
Eritrea,ERI,2006,94.50172,5.3264604,0.17182131,20.785715,0.582,0
Eritrea,ERI,2007,94.50172,5.3264604,0.17182131,20.785715,0.582,0
Eritrea,ERI,2008,94.50172,5.3264604,0.17182131,20.785715,0.582,0
Eritrea,ERI,2009,94.50172,5.3264604,0.17182131,20.785715,0.582,0
Eritrea,ERI,2010,94.50172,5.3264604,0.17182131,20.785715,0.582,0
Eritrea,ERI,2011,94.50172,5.3264604,0.17182131,20.785715,0.582,0
Eritrea,ERI,2012,94.50172,5.3264604,0.17182131,20.785715,0.582,0
Eritrea,ERI,2013,94.50172,5.3264604,0.17182131,20.785715,0.582,0
Eritrea,ERI,2014,94.50172,5.3264604,0.17182131,20.785715,0.582,0
Eritrea,ERI,2015,94.50172,5.3264604,0.17182131,20.785715,0.582,0
Eritrea,ERI,2016,94.50172,5.3264604,0.17182131,20.785715,0.582,0
Eritrea,ERI,2017,94.50172,5.3264604,0.17182131,20.785715,0.582,0
Eritrea,ERI,2018,94.50172,5.3264604,0.17182131,20.785715,0.582,0
Eritrea,ERI,2019,94.50172,5.3264604,0.17182131,20.785715,0.582,0
Eritrea,ERI,2020,94.50172,5.3264604,0.17182131,20.785715,0.582,0
Eritrea,ERI,2021,94.50172,5.3264604,0.17182131,20.785715,0.582,0
Eritrea,ERI,2022,94.50172,5.3264604,0.17182131,20.785715,0.582,0
Estonia,EST,1992,,,85.6654,20.692368,2.63,
Estonia,EST,1993,,,87.15624,17.356413,2.206,-0.424
Estonia,EST,1994,,,89.35653,14.020456,1.782,-0.424
Estonia,EST,1995,0.5891016,6.480118,92.93078,10.684501,1.358,-0.424
Estonia,EST,1996,0.9885734,6.318776,92.69265,10.746769,1.3659143,0.0079
Estonia,EST,1997,1.3734152,6.163343,92.46324,10.809037,1.3738285,0.0079
Estonia,EST,1998,1.7444166,6.0135,92.24208,10.8713045,1.3817428,0.0079
Estonia,EST,1999,2.1023107,5.868951,92.02874,10.933573,1.3896571,0.0079
Estonia,EST,2000,2.4477804,5.7294197,91.8228,10.995841,1.3975714,0.0079
Estonia,EST,2001,2.6502504,5.50838,91.84137,11.058109,1.4054857,0.0079
Estonia,EST,2002,2.1231422,5.737792,99.56448,11.120378,1.4134,0.0079
Estonia,EST,2003,3.2992053,5.071565,91.62923,11.782062,1.4975,0.0841
Estonia,EST,2004,4.5915728,4.813645,90.59478,12.443745,1.5816,0.0841
Estonia,EST,2005,0.84777844,4.8096976,94.34252,13.105429,1.6657,0.0841
Estonia,EST,2006,0.63595414,4.631336,94.73271,13.767113,1.7498,0.0841
Estonia,EST,2007,0.41439477,3.8583696,82.35047,14.428796,1.8339,0.0841
Estonia,EST,2008,0.2594775,4.283412,95.45711,12.619985,1.604,-0.2299
Estonia,EST,2009,0.3061633,4.6505895,95.04325,10.841857,1.378,-0.226
Estonia,EST,2010,0.22585544,3.3113291,96.462814,14.492525,1.842,0.464
Estonia,EST,2011,0.23038042,3.1873744,96.582245,14.744296,1.874,0.032
Estonia,EST,2012,0.27197793,3.7400367,95.9534,12.832416,1.631,-0.243
Estonia,EST,2013,0.27563673,3.4166315,96.30773,13.752951,1.748,0.117
Estonia,EST,2014,0.29288897,3.4714613,96.23565,13.532652,1.72,-0.028
Estonia,EST,2015,0.3059335,3.6895602,96.00451,12.709226,1.6153426,-0.1047
Estonia,EST,2016,0.25291738,3.482869,96.26421,13.779701,1.7514,0.1361
Estonia,EST,2017,0.25022325,3.3279808,96.4218,14.043273,1.7849,0.0335
Estonia,EST,2018,0.2945956,3.8607397,95.84706,12.6557045,1.60854,-0.1764
Estonia,EST,2019,0.48298615,7.755605,91.761406,7.918568,1.00645,-0.6021
Estonia,EST,2020,0.5694057,7.3793144,92.05128,6.7108755,0.8529523,-0.1535
Estonia,EST,2021,0.4972614,7.2098,92.29294,7.865851,0.99974966,0.1468
Estonia,EST,2022,0.41478345,5.3919024,94.19331,9.484475,1.2054768,0.2057
Eswatini,SWZ,1990,96.29194,2.0600352,1.6480283,32.178032,0.8495,
Eswatini,SWZ,1991,96.3223,2.0892086,1.5884892,32.907196,0.86875,0.0192
Eswatini,SWZ,1992,96.35135,2.1171172,1.5315316,33.636364,0.888,0.0193
Eswatini,SWZ,1993,96.379166,2.1438413,1.4769909,34.365532,0.90725,0.0192
Eswatini,SWZ,1994,96.40583,2.169455,1.4247167,35.094696,0.9265,0.0193
Eswatini,SWZ,1995,96.431404,2.194026,1.3745705,35.823864,0.94575,0.0192
Eswatini,SWZ,1996,96.455956,2.2176166,1.3264248,36.553032,0.965,0.0192
Eswatini,SWZ,1997,96.47955,2.2402844,1.2801626,37.282196,0.98425,0.0193
Eswatini,SWZ,1998,96.50224,2.2620828,1.2356751,38.011364,1.0035,0.0192
Eswatini,SWZ,1999,96.52408,2.2830603,1.1928624,38.740532,1.02275,0.0193
Eswatini,SWZ,2000,96.545105,2.303263,1.1516315,39.469696,1.042,0.0193
Eswatini,SWZ,2001,96.0657,2.6222308,1.3120703,39.666668,1.0472,0.0052
Eswatini,SWZ,2002,95.59103,2.9380465,1.4709237,39.863636,1.0524,0.0052
Eswatini,SWZ,2003,95.121025,3.2507565,1.6282148,40.060608,1.0576,0.0052
Eswatini,SWZ,2004,94.655624,3.5604064,1.7839669,40.257576,1.0628,0.0052
Eswatini,SWZ,2005,94.194756,3.867041,1.9382023,40.454544,1.068,0.0052
Eswatini,SWZ,2006,94.194756,3.867041,1.9382023,40.454544,1.068,0
Eswatini,SWZ,2007,94.194756,3.867041,1.9382023,40.454544,1.068,0
Eswatini,SWZ,2008,94.194756,3.867041,1.9382023,40.454544,1.068,0
Eswatini,SWZ,2009,94.194756,3.867041,1.9382023,40.454544,1.068,0
Eswatini,SWZ,2010,94.194756,3.867041,1.9382023,40.454544,1.068,0
Eswatini,SWZ,2011,94.194756,3.867041,1.9382023,40.454544,1.068,0
Eswatini,SWZ,2012,94.194756,3.867041,1.9382023,40.454544,1.068,0
Eswatini,SWZ,2013,94.194756,3.867041,1.9382023,40.454544,1.068,0
Eswatini,SWZ,2014,94.194756,3.867041,1.9382023,40.454544,1.068,0
Eswatini,SWZ,2015,94.194756,3.867041,1.9382023,40.454544,1.068,0
Eswatini,SWZ,2016,94.194756,3.867041,1.9382023,40.454544,1.068,0
Eswatini,SWZ,2017,94.194756,3.867041,1.9382023,40.454544,1.068,0
Eswatini,SWZ,2018,94.194756,3.867041,1.9382023,40.454544,1.068,0
Eswatini,SWZ,2019,94.194756,3.867041,1.9382023,40.454544,1.068,0
Eswatini,SWZ,2020,94.194756,3.867041,1.9382023,40.454544,1.068,0
Eswatini,SWZ,2021,94.194756,3.867041,1.9382023,40.454544,1.068,0
Eswatini,SWZ,2022,94.194756,3.867041,1.9382023,40.454544,1.068,0
Ethiopia,ETH,2002,93.630806,5.991364,0.37783375,4.5557375,5.558,
Ethiopia,ETH,2003,91.73161,7.7777953,0.4905913,5.185,6.3257,0.7677
Ethiopia,ETH,2004,90.243515,9.177546,0.57894194,5.8142624,7.0934,0.7677
Ethiopia,ETH,2005,89.04606,10.303902,0.6500363,6.4435244,7.8611,0.7677
Ethiopia,ETH,2006,89.37618,9.993371,0.630446,6.6437483,8.105372,0.2443
Ethiopia,ETH,2007,89.68327,9.700609,0.61197674,6.844255,8.349991,0.2446
Ethiopia,ETH,2008,89.9747,9.424702,0.5945707,7.04462,8.594437,0.2444
Ethiopia,ETH,2009,90.25706,9.164771,0.5781726,7.2444186,8.838191,0.2438
Ethiopia,ETH,2010,90.51909,8.918285,0.56262267,7.4446425,9.082463,0.2443
Ethiopia,ETH,2011,90.7674,8.68471,0.54788727,7.644866,9.326736,0.2443
Ethiopia,ETH,2012,91.00304,8.4630575,0.533904,7.8450894,9.571009,0.2443
Ethiopia,ETH,2013,91.226944,8.252438,0.5206167,8.045313,9.815282,0.2443
Ethiopia,ETH,2014,91.43998,8.052047,0.5079748,8.245537,10.059554,0.2443
Ethiopia,ETH,2015,91.642914,7.8611565,0.49593222,8.44576,10.303827,0.2443
Ethiopia,ETH,2016,91.81991,7.6777253,0.4843602,8.647541,10.55,0.2462
Ethiopia,ETH,2017,91.83644,7.679108,0.48444745,8.645984,10.5481,-0.0019
Ethiopia,ETH,2018,91.83644,7.679108,0.48444745,8.645984,10.5481,0
Ethiopia,ETH,2019,91.83644,7.679108,0.48444745,8.645984,10.5481,0
Ethiopia,ETH,2020,91.83644,7.679108,0.48444745,8.645984,10.5481,0
Ethiopia,ETH,2021,91.83644,7.679108,0.48444745,8.645984,10.5481,0
Ethiopia,ETH,2022,91.83644,7.679108,0.48444745,8.645984,10.5481,0
Euro area,EMU,2014,33.172318,22.249363,44.566696,16.277939,170.36661,
Euro area,EMU,2015,33.890694,22.746338,43.357697,15.875451,166.15414,-4.2125
Euro area,EMU,2016,34.848026,22.737993,42.059677,15.127872,158.3299,-7.8242
Euro area,EMU,2017,33.49146,24.000322,42.428135,15.166624,158.73549,0.4056
Euro area,EMU,2018,33.7146,24.22386,42.15683,15.038555,157.3951,-1.3404
Euro area,EMU,2019,34.39927,24.739391,40.869457,14.857025,155.4952,-1.8999
Euro area,EMU,2020,34.944584,25.095312,39.96941,14.658578,153.41821,-2.077
Euro area,EMU,2021,34.901394,25.145943,39.96103,14.646595,153.2928,-0.1254
Europe & Central Asia,ECS,2014,50.274006,17.663134,32.05883,6.9549885,491.92575,
Europe & Central Asia,ECS,2015,52.126232,17.892727,29.935297,6.850379,484.5292,-7.3965
Europe & Central Asia,ECS,2016,52.74219,18.033936,28.821285,6.834387,483.39847,-1.1307
Europe & Central Asia,ECS,2017,52.625923,18.266163,29.044228,6.9421773,491.01993,7.6215
Europe & Central Asia,ECS,2018,52.798496,18.461927,28.451828,6.926914,489.9407,-1.0792
Europe & Central Asia,ECS,2019,51.208473,18.612709,27.75395,6.8935184,487.57944,-2.3613
Europe & Central Asia,ECS,2020,51.414326,19.125881,27.508753,6.8003654,480.99295,-6.5865
Europe & Central Asia,ECS,2021,50.77258,19.578373,28.340628,6.644918,470.00186,-10.9911
Europe & Central Asia (IDA & IBRD countries),TEC,2014,62.378166,13.098822,24.523012,5.8690224,301.13586,
Europe & Central Asia (IDA & IBRD countries),TEC,2015,64.931816,13.076932,21.918541,5.795337,297.35715,-3.7787
Europe & Central Asia (IDA & IBRD countries),TEC,2016,64.745224,13.501512,21.292946,5.921632,303.83377,6.4766
Europe & Central Asia (IDA & IBRD countries),TEC,2017,65.127495,13.320989,21.491564,6.0461097,310.21725,6.3835
Europe & Central Asia (IDA & IBRD countries),TEC,2018,65.20504,13.548714,20.742117,6.043755,310.09653,-0.1207
Europe & Central Asia (IDA & IBRD countries),TEC,2019,62.177567,13.54525,20.463469,6.048044,310.31644,0.2199
Europe & Central Asia (IDA & IBRD countries),TEC,2020,62.283264,14.197119,20.579948,5.957508,305.67358,-4.6429
Europe & Central Asia (IDA & IBRD countries),TEC,2021,61.65597,14.683606,21.569746,5.746878,294.87207,-10.8015
Europe & Central Asia (excluding high income),ECA,2014,80.17299,8.663403,11.163606,31.336514,207.45695,
Europe & Central Asia (excluding high income),ECA,2015,81.4645,8.623328,9.795815,31.986076,211.75392,4.297
Europe & Central Asia (excluding high income),ECA,2016,81.17311,8.589642,9.589544,32.636288,216.05518,4.3013
Europe & Central Asia (excluding high income),ECA,2017,80.87506,8.682762,10.358146,33.628723,222.62029,6.5651
Europe & Central Asia (excluding high income),ECA,2018,80.690155,9.214647,9.394425,33.711643,223.16881,0.5485
Europe & Central Asia (excluding high income),ECA,2019,76.446465,9.224894,9.109509,33.750443,223.42548,0.2567
Europe & Central Asia (excluding high income),ECA,2020,76.4638,10.13278,9.349115,33.090004,219.05658,-4.3689
Europe & Central Asia (excluding high income),ECA,2021,76.60245,10.494494,9.926163,31.294659,207.18008,-11.8765
European Union,EUU,2014,29.94249,22.001703,48.045986,14.830448,201.65561,
European Union,EUU,2015,30.603794,22.42045,46.988136,14.525811,197.51334,-4.1423
European Union,EUU,2016,31.302792,22.369247,46.029346,13.940844,189.5593,-7.954
European Union,EUU,2017,30.19322,23.387741,46.35319,14.0414295,190.927,1.3677
European Union,EUU,2018,30.646631,23.67365,45.760616,13.891487,188.88817,-2.0388
European Union,EUU,2019,31.216768,24.15221,44.53932,13.698955,186.27023,-2.6179
European Union,EUU,2020,32.091885,24.255474,43.37583,13.5360565,184.05524,-2.215
European Union,EUU,2021,32.00018,24.420546,43.58621,13.604128,184.98083,0.9256
Fiji,FJI,1990,60.539352,23.610346,15.850303,0.14686784,0.04193077,
Fiji,FJI,1991,60.656837,24.396782,14.946381,0.16079752,0.04590769,0.004
Fiji,FJI,1992,60.75559,25.057825,14.186584,0.1747272,0.049884614,0.004
Fiji,FJI,1993,60.83976,25.62125,13.538989,0.18865688,0.05386154,0.004
Fiji,FJI,1994,60.912354,26.107195,12.98045,0.20258656,0.057838462,0.004
Fiji,FJI,1995,60.97561,26.530613,12.493778,0.21651624,0.061815385,0.004
Fiji,FJI,1996,61.031216,26.902842,12.065942,0.2304459,0.06579231,0.004
Fiji,FJI,1997,61.080486,27.232635,11.68688,0.24437559,0.06976923,0.004
Fiji,FJI,1998,61.12444,27.52686,11.3487015,0.25830528,0.07374615,0.004
Fiji,FJI,1999,61.163895,27.790974,11.045131,0.27223495,0.07772308,0.004
Fiji,FJI,2000,61.19951,28.029375,10.771113,0.2861646,0.0817,0.004
Fiji,FJI,2001,60.723827,28.394463,10.88171,0.2884063,0.08234,0.0006
Fiji,FJI,2002,60.25548,28.753916,10.990601,0.29064798,0.08298,0.0006
Fiji,FJI,2003,59.794308,29.107868,11.097823,0.29288965,0.08362,0.0006
Fiji,FJI,2004,59.340137,29.456444,11.203418,0.29513136,0.08426,0.0006
Fiji,FJI,2005,58.892815,29.799765,11.307421,0.29737303,0.0849,0.0006
Fiji,FJI,2006,58.892815,29.799765,11.307421,0.29737303,0.0849,0
Fiji,FJI,2007,58.892815,29.799765,11.307421,0.29737303,0.0849,0
Fiji,FJI,2008,58.892815,29.799765,11.307421,0.29737303,0.0849,0
Fiji,FJI,2009,58.892815,29.799765,11.307421,0.29737303,0.0849,0
Fiji,FJI,2010,58.892815,29.799765,11.307421,0.29737303,0.0849,0
Fiji,FJI,2011,58.892815,29.799765,11.307421,0.29737303,0.0849,0
Fiji,FJI,2012,58.892815,29.799765,11.307421,0.29737303,0.0849,0
Fiji,FJI,2013,58.892815,29.799765,11.307421,0.29737303,0.0849,0
Fiji,FJI,2014,58.892815,29.799765,11.307421,0.29737303,0.0849,0
Fiji,FJI,2015,58.892815,29.799765,11.307421,0.29737303,0.0849,0
Fiji,FJI,2016,58.892815,29.799765,11.307421,0.29737303,0.0849,0
Fiji,FJI,2017,58.892815,29.799765,11.307421,0.29737303,0.0849,0
Fiji,FJI,2018,58.892815,29.799765,11.307421,0.29737303,0.0849,0
Fiji,FJI,2019,58.892815,29.799765,11.307421,0.29737303,0.0849,0
Fiji,FJI,2020,58.892815,29.799765,11.307421,0.29737303,0.0849,0
Fiji,FJI,2021,58.892815,29.799765,11.307421,0.29737303,0.0849,0
Fiji,FJI,2022,58.892815,29.799765,11.307421,0.29737303,0.0849,0
Finland,FIN,1990,0.8521517,18.065617,81.08223,2.1747663,2.327,
Finland,FIN,1991,1.0856856,17.60481,81.3095,2.2231777,2.3788,0.0518
Finland,FIN,1992,1.3100795,17.16204,81.52788,2.2715888,2.4306,0.0518
Finland,FIN,1993,1.5258594,16.736267,81.73788,2.32,2.4824,0.0518
Finland,FIN,1994,1.7335119,16.32653,81.93996,2.3684113,2.5342,0.0518
Finland,FIN,1995,1.933488,15.931941,82.13457,2.4168224,2.586,0.0518
Finland,FIN,1996,1.933488,15.931941,82.13457,2.356472,2.521425,-0.0646
Finland,FIN,1997,1.933488,15.931941,82.13457,2.2961216,2.45685,-0.0646
Finland,FIN,1998,1.933488,15.931941,82.13457,2.235771,2.392275,-0.0646
Finland,FIN,1999,1.933488,15.931941,82.13457,2.1754205,2.3277,-0.0646
Finland,FIN,2000,2.1307542,17.216494,80.652756,2.7435114,2.9355571,0.6079
Finland,FIN,2001,2.1486144,17.360804,80.490585,3.311602,3.5434144,0.6079
Finland,FIN,2002,2.1667764,17.507553,80.32567,3.879693,4.1512713,0.6079
Finland,FIN,2003,2.1839597,17.70536,80.11068,4.4429474,4.7539535,0.6027
Finland,FIN,2004,2.2014174,17.90633,79.89225,5.0062017,5.3566356,0.6027
Finland,FIN,2005,2.2191567,18.110538,79.6703,5.569456,5.9593177,0.6027
Finland,FIN,2006,1.2468482,6.2389517,27.058096,6.1327105,6.562,0.6027
Finland,FIN,2007,4.9901733,17.89564,77.11419,5.7343926,6.1358,-0.4262
Finland,FIN,2008,6.358293,17.731848,75.90986,5.336075,5.7096,-0.4262
Finland,FIN,2009,7.713991,17.569544,74.71646,4.937757,5.2834,-0.4262
Finland,FIN,2010,9.057436,17.408709,73.53386,4.539439,4.8572,-0.4262
Finland,FIN,2011,10.388794,17.249317,72.361885,4.1411214,4.431,-0.4262
Finland,FIN,2012,11.661267,17.423878,70.914856,3.7428038,4.0048,-0.4262
Finland,FIN,2013,12.912363,17.595505,69.492134,3.344486,3.5786,-0.4262
Finland,FIN,2014,14.277686,16.97887,68.74345,2.9461682,3.1524,-0.4262
Finland,FIN,2015,15.547025,16.890594,67.56238,2.5478504,2.7262,-0.4262
Finland,FIN,2016,17.391304,17.391304,65.21739,2.1495328,2.3,-0.4262
Finland,FIN,2017,17.391304,17.391304,65.21739,2.1495328,2.3,0
Finland,FIN,2018,14.285714,14.285714,71.42857,2.6168225,2.8,0.5
Finland,FIN,2019,28.571428,14.285714,57.142857,2.8037384,3,0.2
Finland,FIN,2020,28.571428,14.285714,57.142857,2.8037384,3,0
Finland,FIN,2021,34.31285,17.156425,48.530724,2.8037384,3,0
Finland,FIN,2022,35.726025,17.863012,46.410965,2.8037384,3,0
Fragile and conflict affected situations,FCS,2014,83.056915,11.145216,5.8027053,4.5591345,224.9393,
Fragile and conflict affected situations,FCS,2015,83.11412,11.348646,5.5419135,4.431271,218.63075,-6.3085
Fragile and conflict affected situations,FCS,2016,83.269264,11.154998,5.574888,4.5142035,222.7225,4.0918
Fragile and conflict affected situations,FCS,2017,82.90046,10.8220825,6.544451,4.629927,228.43208,5.7096
Fragile and conflict affected situations,FCS,2018,83.271545,11.306402,7.102133,4.463632,220.22739,-8.2047
Fragile and conflict affected situations,FCS,2019,80.9474,12.520656,6.531102,4.941793,243.81897,23.5916
Fragile and conflict affected situations,FCS,2020,79.9256,14.0115385,6.0624566,4.6981926,231.80019,-12.0188
Fragile and conflict affected situations,FCS,2021,80.18038,13.41119,6.429686,4.6448083,229.16629,-2.6339
France,FRA,1990,12.958344,15.812455,72.25107,18.8405,37.681,
France,FRA,1991,12.682392,15.449302,71.86831,19.225,38.45,0.769
France,FRA,1992,12.541751,15.252033,72.206215,19.6095,39.219,0.769
France,FRA,1993,12.298637,15.926377,71.77499,18.7207,37.4414,-1.7776
France,FRA,1994,12.03131,16.667881,71.30081,17.8319,35.6638,-1.7776
France,FRA,1995,11.735965,17.487106,70.77693,16.9431,33.8862,-1.7776
France,FRA,1996,11.407949,18.396946,70.19511,16.0543,32.1086,-1.7776
France,FRA,1997,11.04153,19.413315,69.54516,15.1655,30.331,-1.7776
France,FRA,1998,12.390517,18.900572,68.70891,15.560166,31.120333,0.7893
France,FRA,1999,13.672626,18.413248,67.91412,15.954833,31.909666,0.7893
France,FRA,2000,14.892707,17.949501,67.15779,16.3495,32.699,0.7893
France,FRA,2001,14.5664,18.086536,67.34706,16.26325,32.5265,-0.1725
France,FRA,2002,13.25733,18.432354,68.31032,16.177,32.354,-0.1725
France,FRA,2003,16.245901,17.518011,66.236084,16.359333,32.718666,0.3647
France,FRA,2004,15.160499,17.469324,67.37018,16.541666,33.083332,0.3647
France,FRA,2005,13.8643675,17.463316,68.67232,16.724,33.448,0.3647
France,FRA,2006,14.379855,17.5297,68.09045,16.11,32.22,-1.228
France,FRA,2007,12.523085,18.095268,69.381645,15.496,30.992,-1.228
France,FRA,2008,8.902343,19.54869,71.548965,14.33,28.66,-2.332
France,FRA,2009,11.03504,19.37715,69.58781,14.23515,28.4703,-0.1897
France,FRA,2010,10.613059,19.752956,69.63399,14.289,28.578,0.1077
France,FRA,2011,10.070988,18.21137,71.71764,15.073,30.146,1.568
France,FRA,2012,10.380216,19.17115,70.44863,14.0315,28.063,-2.083
France,FRA,2013,10.222042,20.182642,69.595314,13.5785,27.157,-0.906
France,FRA,2014,7.7444406,19.353775,72.90179,13.6485,27.297,0.14
France,FRA,2015,11.427657,18.551714,70.02063,14.058,28.116,0.819
France,FRA,2016,11.774273,19.573357,68.65237,13.218,26.436,-1.68
France,FRA,2017,10.921844,20.00668,69.07148,13.473,26.946,0.51
France,FRA,2018,11.093981,19.74611,69.159904,13.461462,26.922924,-0.0231
France,FRA,2019,12.144412,20.254164,67.601425,13.106043,26.212086,-0.7108
France,FRA,2020,13.944409,21.71827,64.33732,12.335776,24.671553,-1.5405
France,FRA,2021,10.296375,21.578402,68.12522,12.21383,24.42766,-0.2439
France,FRA,2022,10.296375,21.578402,68.12522,12.21383,24.42766,0
Gabon,GAB,1990,16.328442,66.375275,17.296286,0.045070358,0.073915385,
Gabon,GAB,1991,18.958088,64.94321,16.098707,0.047898687,0.07855385,0.0046
Gabon,GAB,1992,21.294498,63.670826,15.034674,0.050727017,0.08319231,0.0046
Gabon,GAB,1993,23.38413,62.532845,14.083027,0.053555347,0.08783077,0.0046
Gabon,GAB,1994,25.264122,61.509026,13.226853,0.056383677,0.09246923,0.0046
Gabon,GAB,1995,26.964512,60.583015,12.452472,0.059212007,0.09710769,0.0046
Gabon,GAB,1996,28.509867,59.74144,11.748695,0.062040336,0.10174616,0.0046
Gabon,GAB,1997,29.920464,58.973248,11.106291,0.064868666,0.10638461,0.0046
Gabon,GAB,1998,31.213192,58.269245,10.517564,0.067696996,0.111023076,0.0046
Gabon,GAB,1999,32.402233,57.621708,9.976057,0.070525326,0.11566154,0.0046
Gabon,GAB,2000,33.499584,57.024105,9.476309,0.073353656,0.1203,0.0046
Gabon,GAB,2001,32.484283,57.891342,9.624375,0.07564634,0.12406,0.0038
Gabon,GAB,2002,31.528711,58.707558,9.76373,0.077939026,0.12782,0.0038
Gabon,GAB,2003,30.627754,59.477123,9.895121,0.080231704,0.13158,0.0038
Gabon,GAB,2004,29.776857,60.20393,10.019211,0.08252439,0.13534,0.0038
Gabon,GAB,2005,28.971962,60.891445,10.136592,0.084817074,0.1391,0.0038
Gabon,GAB,2006,28.971962,60.891445,10.136592,0.084817074,0.1391,0
Gabon,GAB,2007,28.971962,60.891445,10.136592,0.084817074,0.1391,0
Gabon,GAB,2008,28.971962,60.891445,10.136592,0.084817074,0.1391,0
Gabon,GAB,2009,28.971962,60.891445,10.136592,0.084817074,0.1391,0
Gabon,GAB,2010,28.971962,60.891445,10.136592,0.084817074,0.1391,0
Gabon,GAB,2011,28.971962,60.891445,10.136592,0.084817074,0.1391,0
Gabon,GAB,2012,28.971962,60.891445,10.136592,0.084817074,0.1391,0
Gabon,GAB,2013,28.971962,60.891445,10.136592,0.084817074,0.1391,0
Gabon,GAB,2014,28.971962,60.891445,10.136592,0.084817074,0.1391,0
Gabon,GAB,2015,28.971962,60.891445,10.136592,0.084817074,0.1391,0
Gabon,GAB,2016,28.971962,60.891445,10.136592,0.084817074,0.1391,0
Gabon,GAB,2017,28.971962,60.891445,10.136592,0.084817074,0.1391,0
Gabon,GAB,2018,28.971962,60.891445,10.136592,0.084817074,0.1391,0
Gabon,GAB,2019,28.971962,60.891445,10.136592,0.084817074,0.1391,0
Gabon,GAB,2020,28.971962,60.891445,10.136592,0.084817074,0.1391,0
Gabon,GAB,2021,28.971962,60.891445,10.136592,0.084817074,0.1391,0
Gabon,GAB,2022,28.971962,60.891445,10.136592,0.084817074,0.1391,0
"Gambia, The",GMB,1990,54.126984,30.539179,15.3338375,1.7294117,0.051882353,
"Gambia, The",GMB,1991,52.476967,31.592524,15.930508,1.8622549,0.055867646,0.004
"Gambia, The",GMB,1992,51.046684,32.505596,16.44772,1.995098,0.059852943,0.004
"Gambia, The",GMB,1993,49.79498,33.304665,16.900356,2.1279411,0.063838236,0.004
"Gambia, The",GMB,1994,48.690372,34.00983,17.299797,2.2607844,0.06782353,0.004
"Gambia, The",GMB,1995,47.708378,34.636723,17.654903,2.3936274,0.07180882,0.004
"Gambia, The",GMB,1996,46.829647,35.19769,17.972664,2.5264707,0.075794116,0.004
"Gambia, The",GMB,1997,46.03871,35.70261,18.258678,2.6593137,0.07977941,0.004
"Gambia, The",GMB,1998,45.323032,36.15949,18.517479,2.792157,0.08376471,0.004
"Gambia, The",GMB,1999,44.672363,36.574867,18.75277,2.925,0.08775,0.004
"Gambia, The",GMB,2000,43.31492,37.458565,19.226519,3.0166667,0.0905,0.0027
"Gambia, The",GMB,2001,42.277824,38.136326,19.58585,3.0906668,0.09272,0.0022
"Gambia, The",GMB,2002,41.289234,38.78239,19.928375,3.1646667,0.09494,0.0022
"Gambia, The",GMB,2003,40.34582,39.39893,20.255249,3.2386668,0.09716,0.0022
"Gambia, The",GMB,2004,39.444557,39.987926,20.567518,3.3126667,0.09938,0.0022
"Gambia, The",GMB,2005,38.582676,40.55118,20.866142,3.3866668,0.1016,0.0022
"Gambia, The",GMB,2006,38.582676,40.55118,20.866142,3.3866668,0.1016,0
"Gambia, The",GMB,2007,38.582676,40.55118,20.866142,3.3866668,0.1016,0
"Gambia, The",GMB,2008,38.582676,40.55118,20.866142,3.3866668,0.1016,0
"Gambia, The",GMB,2009,38.582676,40.55118,20.866142,3.3866668,0.1016,0
"Gambia, The",GMB,2010,38.582676,40.55118,20.866142,3.3866668,0.1016,0
"Gambia, The",GMB,2011,38.582676,40.55118,20.866142,3.3866668,0.1016,0
"Gambia, The",GMB,2012,38.582676,40.55118,20.866142,3.3866668,0.1016,0
"Gambia, The",GMB,2013,38.582676,40.55118,20.866142,3.3866668,0.1016,0
"Gambia, The",GMB,2014,38.582676,40.55118,20.866142,3.3866668,0.1016,0
"Gambia, The",GMB,2015,38.582676,40.55118,20.866142,3.3866668,0.1016,0
"Gambia, The",GMB,2016,38.582676,40.55118,20.866142,3.3866668,0.1016,0
"Gambia, The",GMB,2017,38.582676,40.55118,20.866142,3.3866668,0.1016,0
"Gambia, The",GMB,2018,38.582676,40.55118,20.866142,3.3866668,0.1016,0
"Gambia, The",GMB,2019,38.582676,40.55118,20.866142,3.3866668,0.1016,0
"Gambia, The",GMB,2020,38.582676,40.55118,20.866142,3.3866668,0.1016,0
"Gambia, The",GMB,2021,38.582676,40.55118,20.866142,3.3866668,0.1016,0
"Gambia, The",GMB,2022,38.582676,40.55118,20.866142,3.3866668,0.1016,0
Georgia,GEO,1992,60.530884,20.573195,18.895922,5.4318023,3.1575067,
Georgia,GEO,1993,61.46703,20.33135,18.201622,5.1647344,3.00226,-0.1552
Georgia,GEO,1994,62.50527,20.063131,17.4316,4.897666,2.8470132,-0.1552
Georgia,GEO,1995,63.66327,19.763971,16.57276,4.630598,2.6917667,-0.1552
Georgia,GEO,1996,64.96302,19.428192,15.608787,4.36353,2.53652,-0.1552
Georgia,GEO,1997,66.43224,19.048632,14.519123,4.096462,2.3812733,-0.1552
Georgia,GEO,1998,68.1064,18.616129,13.277469,3.8293939,2.2260268,-0.1552
Georgia,GEO,1999,70.031586,18.118776,11.849641,3.5623257,2.07078,-0.1552
Georgia,GEO,2000,72.26882,17.540806,10.190373,3.2952578,1.9155333,-0.1552
Georgia,GEO,2001,69.575096,17.962809,12.462093,3.2599804,1.8950267,-0.0205
Georgia,GEO,2002,66.82244,18.394043,14.783518,3.2247033,1.87452,-0.0205
Georgia,GEO,2003,64.00889,18.834816,17.156296,3.189426,1.8540133,-0.0205
Georgia,GEO,2004,61.1324,19.28545,19.58215,3.1541488,1.8335067,-0.0205
Georgia,GEO,2005,58.190845,19.746277,22.06288,3.1188715,1.813,-0.0205
Georgia,GEO,2006,58.190845,19.746277,22.06288,3.1246057,1.8163333,0.0033
Georgia,GEO,2007,58.190845,19.746277,22.06288,3.13034,1.8196666,0.0033
Georgia,GEO,2008,58.190845,19.746277,22.06288,3.1360743,1.823,0.0033
Georgia,GEO,2009,54.867943,24.108553,21.023502,3.0855732,1.7936437,-0.0294
Georgia,GEO,2010,51.434464,28.615997,19.94954,3.0350723,1.7642875,-0.0294
Georgia,GEO,2011,47.88479,33.27598,18.83923,2.9845712,1.7349312,-0.0294
Georgia,GEO,2012,44.21292,38.09638,17.690699,2.93407,1.705575,-0.0294
Georgia,GEO,2013,40.41244,43.08562,16.50194,2.8835692,1.6762187,-0.0294
Georgia,GEO,2014,36.476467,48.25273,15.2708,2.8330681,1.6468625,-0.0294
Georgia,GEO,2015,32.397625,53.607403,13.994971,2.782567,1.6175063,-0.0294
Georgia,GEO,2016,28.167994,59.16003,12.671977,2.7320662,1.58815,-0.0294
Georgia,GEO,2017,35.390278,49.56312,15.0465975,2.3645794,1.37453,-0.2136
Georgia,GEO,2018,35.460686,48.2612,16.278114,2.2210906,1.29112,-0.0834
Georgia,GEO,2019,37.59207,41.687126,20.7208,2.7045243,1.57214,0.281
Georgia,GEO,2020,42.804707,36.659775,20.53552,2.8448648,1.65372,0.0816
Georgia,GEO,2021,46.605923,33.204887,20.189188,2.7678995,1.60898,-0.0447
Georgia,GEO,2022,33.5524,39.04189,27.405712,2.2249784,1.29338,-0.3156
Germany,DEU,1991,2.4841504,20.613533,76.90231,43.24486,46.272,
Germany,DEU,1992,2.2938633,21.404737,76.3014,46.68083,49.948486,3.6765
Germany,DEU,1993,2.0559335,22.122364,75.8217,46.298634,49.53954,-0.4089
Germany,DEU,1994,1.8114866,22.825008,75.3635,45.981236,49.199924,-0.3396
Germany,DEU,1995,1.5645835,23.64242,74.793,45.63634,48.830887,-0.369
Germany,DEU,1996,1.2819666,23.80865,74.909386,44.64033,47.765156,-1.0657
Germany,DEU,1997,0.9722246,23.879715,75.148056,44.282936,47.382744,-0.3824
Germany,DEU,1998,0.6745733,24.192753,75.132675,42.81003,45.806736,-1.576
Germany,DEU,1999,0.6810577,24.88869,74.43025,42.402435,45.370605,-0.4361
Germany,DEU,2000,0.68774754,25.346947,73.9653,41.95073,44.88728,-0.4833
Germany,DEU,2001,1.8842975,26.170841,71.94486,41.799854,44.725845,-0.1614
Germany,DEU,2002,1.6298264,25.273062,73.097115,41.549232,44.45768,-0.2682
Germany,DEU,2003,2.1662867,25.32369,72.510025,40.13634,42.945885,-1.5118
Germany,DEU,2004,1.9286149,25.59374,72.477646,38.82889,41.546917,-1.399
Germany,DEU,2005,1.9025203,26.459793,71.63769,37.69864,40.337543,-1.2094
Germany,DEU,2006,1.7595772,27.267378,70.973045,37.132965,39.732273,-0.6053
Germany,DEU,2007,1.7954863,28.706966,69.49755,30.14486,32.255,-7.4773
Germany,DEU,2008,2.0670147,27.887724,70.045265,36.326397,38.869247,6.6142
Germany,DEU,2009,2.076224,26.93482,70.98895,37.091553,39.68796,0.8187
Germany,DEU,2010,1.7611768,28.23847,70.00035,30.83271,32.991,-6.697
Germany,DEU,2011,2.187443,29.78754,68.02502,34.04,36.422802,3.4318
Germany,DEU,2012,2.5293918,32.17596,65.29465,31.445927,33.64714,-2.7757
Germany,DEU,2013,2.626979,34.927242,62.445778,23.669159,25.326,-8.3211
Germany,DEU,2014,2.752199,34.587196,62.660606,29.2599,31.308092,5.9821
Germany,DEU,2015,3.2122984,35.88114,60.906563,27.881687,29.833405,-1.4747
Germany,DEU,2016,3.004235,35.371586,61.62418,22.843925,24.443,-5.3904
Germany,DEU,2017,3.3212793,37.910248,58.76847,25.933088,27.748404,3.3054
Germany,DEU,2018,4.3017135,39.1484,56.54989,25.159939,26.921135,-0.8273
Germany,DEU,2019,4.1665916,41.53374,54.299667,24.105206,25.792568,-1.1286
Germany,DEU,2020,4.1665916,41.53374,54.299667,24.105206,25.792568,0
Germany,DEU,2021,4.1665916,41.53374,54.299667,24.105206,25.792568,0
Germany,DEU,2022,4.1665916,41.53374,54.299667,24.105206,25.792568,0
Ghana,GHA,1990,64.48763,25.397526,10.114841,2.490649,0.7546667,
Ghana,GHA,1991,64.728584,25.212246,10.059172,2.5656765,0.7774,0.0227
Ghana,GHA,1992,64.95584,25.037495,10.006665,2.6407042,0.80013335,0.0227
Ghana,GHA,1993,65.17054,24.872396,9.957061,2.7157316,0.8228667,0.0227
Ghana,GHA,1994,65.373695,24.716177,9.910123,2.790759,0.8456,0.0227
Ghana,GHA,1995,65.566216,24.568138,9.865643,2.8657866,0.86833334,0.0227
Ghana,GHA,1996,65.74892,24.427652,9.823433,2.940814,0.8910667,0.0227
Ghana,GHA,1997,65.92252,24.294157,9.783322,3.0158415,0.9138,0.0227
Ghana,GHA,1998,66.0877,24.167141,9.745159,3.0908692,0.93653333,0.0227
Ghana,GHA,1999,66.24505,24.046146,9.708805,3.1658967,0.95926666,0.0227
Ghana,GHA,2000,66.39511,23.930754,9.674134,3.2409241,0.982,0.0227
Ghana,GHA,2001,67.1993,23.386597,9.414097,3.3304455,1.009125,0.0271
Ghana,GHA,2002,67.9614,22.87093,9.167672,3.419967,1.03625,0.0271
Ghana,GHA,2003,68.684616,22.381569,8.933819,3.5094883,1.063375,0.0271
Ghana,GHA,2004,69.37185,21.916552,8.7116,3.59901,1.0905,0.0271
Ghana,GHA,2005,70.02573,21.474108,8.500168,3.6885314,1.117625,0.0271
Ghana,GHA,2006,70.64861,21.052631,8.298756,3.7780528,1.14475,0.0271
Ghana,GHA,2007,71.24267,20.650667,8.106667,3.8675742,1.171875,0.0271
Ghana,GHA,2008,71.809845,20.26689,7.9232693,3.9570956,1.199,0.0271
Ghana,GHA,2009,72.35192,19.900091,7.7479863,4.046617,1.226125,0.0271
Ghana,GHA,2010,72.87054,19.549171,7.5802913,4.1361384,1.25325,0.0271
Ghana,GHA,2011,73.19568,19.401968,7.402357,4.235561,1.283375,0.0301
Ghana,GHA,2012,73.39415,19.384264,7.2215886,4.341584,1.3155,0.0321
Ghana,GHA,2013,74.133255,18.7646,7.10214,4.414604,1.337625,0.0221
Ghana,GHA,2014,74.78232,18.23726,6.980418,4.4915843,1.36095,0.0233
Ghana,GHA,2015,72.56817,20.827612,6.604216,4.7474422,1.438475,0.0775
Ghana,GHA,2016,73.05749,20.456097,6.4864125,4.780858,1.4486,0.0101
Ghana,GHA,2017,73.05749,20.456097,6.4864125,4.780858,1.4486,0
Ghana,GHA,2018,73.05749,20.456097,6.4864125,4.780858,1.4486,0
Ghana,GHA,2019,73.05749,20.456097,6.4864125,4.780858,1.4486,0
Ghana,GHA,2020,73.05749,20.456097,6.4864125,4.780858,1.4486,0
Ghana,GHA,2021,73.05749,20.456097,6.4864125,4.780858,1.4486,0
Ghana,GHA,2022,73.05749,20.456097,6.4864125,4.780858,1.4486,0
Greece,GRC,1990,97.93945,9.432503,3.02033,13.537931,7.852,
Greece,GRC,1991,88.6802,8.6258545,2.6939454,13.698276,7.945,0.093
Greece,GRC,1992,98.28316,9.651862,2.9415486,13.858621,8.038,0.093
Greece,GRC,1993,88.34656,8.981145,2.6722946,13.714368,7.9543333,-0.0837
Greece,GRC,1994,88.04553,9.262505,2.6919637,13.570115,7.8706665,-0.0837
Greece,GRC,1995,97.598564,10.622405,3.0167801,13.425862,7.787,-0.0837
Greece,GRC,1996,87.5708,9.728232,2.700964,14.2,8.236,0.449
Greece,GRC,1997,87.406555,9.906843,2.6900518,14.974138,8.685,0.449
Greece,GRC,1998,88.06458,9.387686,2.547729,15.164138,8.7952,0.1102
Greece,GRC,1999,88.658676,8.921421,2.4199057,15.354138,8.9054,0.1102
Greece,GRC,2000,89.19549,8.500108,2.3044052,15.544138,9.0156,0.1102
Greece,GRC,2001,89.05098,8.614768,2.3342557,15.734138,9.1258,0.1102
Greece,GRC,2002,90.938545,9.351307,2.532491,15.924138,9.236,0.1102
Greece,GRC,2003,88.56755,8.997153,2.4352963,16.158333,9.371834,0.1358
Greece,GRC,2004,89.346855,8.9918165,1.6613271,16.392529,9.507667,0.1358
Greece,GRC,2005,90.1124,8.996737,0.8908686,16.626724,9.6435,0.1358
Greece,GRC,2006,88.83076,9.007575,2.161671,16.606207,9.6316,-0.0119
Greece,GRC,2007,87.832436,8.787397,3.3801677,16.58569,9.6197,-0.0119
Greece,GRC,2008,87.21441,9.928714,2.8568764,16.721165,9.698275,0.0786
Greece,GRC,2009,86.598694,11.0657625,2.3355422,16.8575,9.77735,0.0791
Greece,GRC,2010,85.98528,12.198566,1.8161541,16.992111,9.855425,0.0781
Greece,GRC,2011,85.37415,13.327149,1.2987013,17.12931,9.935,0.0796
Greece,GRC,2012,83.37192,15.3598385,1.2682436,17.12931,9.935,0
Greece,GRC,2013,83.45592,15.274559,1.2695214,17.112068,9.925,-0.01
Greece,GRC,2014,83.52324,15.206211,1.2705455,17.096552,9.916,-0.009
Greece,GRC,2015,83.59911,15.129189,1.2716997,17.082758,9.908,-0.008
Greece,GRC,2016,79.98224,16.643646,3.3642464,17.475863,10.136,0.228
Greece,GRC,2017,79.998024,16.64693,3.3550425,17.472414,10.134,-0.002
Greece,GRC,2018,80.092865,16.666666,3.2404664,17.451725,10.122,-0.012
Greece,GRC,2019,80.14829,16.6782,3.1735046,17.439655,10.115,-0.007
Greece,GRC,2020,80.092865,16.666666,3.2404664,17.451725,10.122,0.007
Greece,GRC,2021,80.37077,16.724497,2.904729,17.391378,10.087,-0.035
Greece,GRC,2022,80.47449,16.746078,2.777447,17.322414,10.047,-0.04
Grenada,GRD,2005,21.529411,,,5,0.01,
Grenada,GRD,2006,20.5351,,,5.227778,0.010455556,0.0005
Grenada,GRD,2007,19.623817,,,5.4555554,0.010911111,0.0005
Grenada,GRD,2008,18.78558,,,5.6833334,0.011366667,0.0005
Grenada,GRD,2009,18.011942,,,5.911111,0.011822222,0.0005
Grenada,GRD,2010,17.295715,,,6.138889,0.012277778,0.0005
Grenada,GRD,2011,16.630735,,,6.3666663,0.012733333,0.0005
Grenada,GRD,2012,16.011696,,,6.5944443,0.013188889,0.0005
Grenada,GRD,2013,15.433991,,,6.822222,0.013644444,0.0005
Grenada,GRD,2014,14.893617,85.106384,0,7.05,0.0141,0.0005
Grenada,GRD,2015,14.893617,85.106384,0,7.05,0.0141,0
Grenada,GRD,2016,14.893617,85.106384,0,7.05,0.0141,0
Grenada,GRD,2017,14.893617,85.106384,0,7.05,0.0141,0
Grenada,GRD,2018,14.893617,85.106384,0,7.05,0.0141,0
Grenada,GRD,2019,14.893617,85.106384,0,7.05,0.0141,0
Grenada,GRD,2020,14.893617,85.106384,0,7.05,0.0141,0
Grenada,GRD,2021,14.893617,85.106384,0,7.05,0.0141,0
Grenada,GRD,2022,14.893617,85.106384,0,7.05,0.0141,0
Guatemala,GTM,2001,60.641075,20.488335,18.870592,2.2228916,2.4273977,
Guatemala,GTM,2002,59.645424,21.669483,18.685093,2.3871229,2.606738,0.1793
Guatemala,GTM,2003,58.777954,22.69857,18.523476,2.551354,2.7860785,0.1793
Guatemala,GTM,2004,58.015408,23.603184,18.381407,2.7155852,2.965419,0.1793
Guatemala,GTM,2005,57.339836,24.404621,18.25554,2.8798165,3.1447594,0.1793
Guatemala,GTM,2006,56.737164,25.119581,18.143257,3.0440476,3.3241,0.1793
Guatemala,GTM,2007,56.737164,25.119581,18.143257,3.0440476,3.3241,0
Guatemala,GTM,2008,56.737164,25.119581,18.143257,3.0440476,3.3241,0
Guatemala,GTM,2009,56.737164,25.119581,18.143257,3.0440476,3.3241,0
Guatemala,GTM,2010,56.737164,25.119581,18.143257,3.0440476,3.3241,0
Guatemala,GTM,2011,56.737164,25.119581,18.143257,3.0440476,3.3241,0
Guatemala,GTM,2012,56.737164,25.119581,18.143257,3.0440476,3.3241,0
Guatemala,GTM,2013,56.737164,25.119581,18.143257,3.0440476,3.3241,0
Guatemala,GTM,2014,56.737164,25.119581,18.143257,3.0440476,3.3241,0
Guatemala,GTM,2015,56.737164,25.119581,18.143257,3.0440476,3.3241,0
Guatemala,GTM,2016,56.737164,25.119581,18.143257,3.0440476,3.3241,0
Guatemala,GTM,2017,56.737164,25.119581,18.143257,3.0440476,3.3241,0
Guatemala,GTM,2018,56.737164,25.119581,18.143257,3.0440476,3.3241,0
Guatemala,GTM,2019,56.737164,25.119581,18.143257,3.0440476,3.3241,0
Guatemala,GTM,2020,56.737164,25.119581,18.143257,3.0440476,3.3241,0
Guatemala,GTM,2021,56.737164,25.119581,18.143257,3.0440476,3.3241,0
Guatemala,GTM,2022,56.737164,25.119581,18.143257,3.0440476,3.3241,0
Guinea,GIN,1990,80.93953,14.941212,4.1192603,0.31089178,0.7026154,
Guinea,GIN,1991,78.764175,16.706944,4.5288835,0.3053778,0.69015384,-0.0125
Guinea,GIN,1992,76.50902,18.537447,4.9535327,0.29986385,0.6776923,-0.0125
Guinea,GIN,1993,74.16959,20.436354,5.3940506,0.2943499,0.66523075,-0.0125
Guinea,GIN,1994,71.74109,22.407568,5.8513427,0.28883594,0.6527692,-0.0125
Guinea,GIN,1995,69.218315,24.455301,6.3263865,0.28332198,0.64030766,-0.0125
Guinea,GIN,1996,66.595665,26.5841,6.8202357,0.27780804,0.6278462,-0.0125
Guinea,GIN,1997,63.8671,28.798872,7.334029,0.27229407,0.61538464,-0.0125
Guinea,GIN,1998,61.026066,31.104933,7.8690014,0.2667801,0.6029231,-0.0125
Guinea,GIN,1999,58.065464,33.50805,8.426488,0.26126617,0.59046155,-0.0125
Guinea,GIN,2000,54.977585,36.014473,9.007941,0.2557522,0.578,-0.0125
Guinea,GIN,2001,52.54566,37.960606,9.493739,0.24646017,0.557,-0.021
Guinea,GIN,2002,53.65117,37.076992,9.271836,0.24834071,0.56125,0.0042
Guinea,GIN,2003,54.675175,36.25853,9.066295,0.25022125,0.5655,0.0043
Guinea,GIN,2004,55.626366,35.49827,8.875368,0.25210178,0.56975,0.0042
Guinea,GIN,2005,56.51224,34.790207,8.697552,0.2539823,0.574,0.0042
Guinea,GIN,2006,57.63489,33.86895,8.49616,0.2647379,0.59830767,0.0243
Guinea,GIN,2007,58.695946,32.998238,8.305817,0.27549353,0.6226154,0.0243
Guinea,GIN,2008,59.70033,32.17403,8.12564,0.28624916,0.64692307,0.0243
Guinea,GIN,2009,60.65247,31.392694,7.9548354,0.29700476,0.6712308,0.0243
Guinea,GIN,2010,61.556335,30.650972,7.7926908,0.3077604,0.69553846,0.0243
Guinea,GIN,2011,62.415512,29.945925,7.638563,0.318516,0.7198461,0.0243
Guinea,GIN,2012,63.23323,29.274897,7.4918723,0.3292716,0.74415386,0.0243
Guinea,GIN,2013,64.01242,28.635485,7.3520927,0.34002724,0.7684615,0.0243
Guinea,GIN,2014,64.755745,28.025505,7.2187476,0.35078284,0.79276925,0.0243
Guinea,GIN,2015,65.46563,27.442972,7.0914025,0.36153847,0.8170769,0.0243
Guinea,GIN,2016,66.144264,26.886072,6.969661,0.37229407,0.8413846,0.0243
Guinea,GIN,2017,66.793686,26.353153,6.853162,0.3830497,0.8656923,0.0243
Guinea,GIN,2018,67.41573,25.842697,6.741573,0.3938053,0.89,0.0243
Guinea,GIN,2019,67.41573,25.842697,6.741573,0.3938053,0.89,0
Guinea,GIN,2020,67.41573,25.842697,6.741573,0.3938053,0.89,0
Guinea,GIN,2021,67.41573,25.842697,6.741573,0.3938053,0.89,0
Guinea,GIN,2022,67.41573,25.842697,6.741573,0.3938053,0.89,0
Guinea-Bissau,GNB,1991,36.144577,60.240963,3.6144578,0.10375,0.0166,
Guinea-Bissau,GNB,1992,69.59403,26.097763,4.3082023,0.30175,0.04828,0.0317
Guinea-Bissau,GNB,1993,76.53827,19.009504,4.452226,0.49975,0.07996,0.0317
Guinea-Bissau,GNB,1994,79.54138,15.944106,4.514511,0.69775,0.11164,0.0317
Guinea-Bissau,GNB,1995,81.21686,14.233882,4.5492606,0.89575,0.14332,0.0317
Guinea-Bissau,GNB,1996,82.28571,13.142858,4.571429,1.09375,0.175,0.0317
Guinea-Bissau,GNB,1997,82.28571,13.142858,4.571429,1.09375,0.175,0
Guinea-Bissau,GNB,1998,82.28571,13.142858,4.571429,1.09375,0.175,0
Guinea-Bissau,GNB,1999,82.28571,13.142858,4.571429,1.09375,0.175,0
Guinea-Bissau,GNB,2000,82.28571,13.142858,4.571429,1.09375,0.175,0
Guinea-Bissau,GNB,2001,80.89888,14.168539,4.9325843,1.09375,0.175,0
Guinea-Bissau,GNB,2002,79.558014,15.160221,5.281768,1.09375,0.175,0
Guinea-Bissau,GNB,2003,78.26087,16.119566,5.619565,1.09375,0.175,0
Guinea-Bissau,GNB,2004,77.00535,17.048128,5.946524,1.09375,0.175,0
Guinea-Bissau,GNB,2005,75.789474,17.947369,6.263158,1.09375,0.175,0
Guinea-Bissau,GNB,2006,75.789474,17.947369,6.263158,1.09375,0.175,0
Guinea-Bissau,GNB,2007,75.789474,17.947369,6.263158,1.09375,0.175,0
Guinea-Bissau,GNB,2008,75.789474,17.947369,6.263158,1.09375,0.175,0
Guinea-Bissau,GNB,2009,75.789474,17.947369,6.263158,1.09375,0.175,0
Guinea-Bissau,GNB,2010,75.789474,17.947369,6.263158,1.09375,0.175,0
Guinea-Bissau,GNB,2011,75.789474,17.947369,6.263158,1.09375,0.175,0
Guinea-Bissau,GNB,2012,75.789474,17.947369,6.263158,1.09375,0.175,0
Guinea-Bissau,GNB,2013,75.789474,17.947369,6.263158,1.09375,0.175,0
Guinea-Bissau,GNB,2014,75.789474,17.947369,6.263158,1.09375,0.175,0
Guinea-Bissau,GNB,2015,75.789474,17.947369,6.263158,1.09375,0.175,0
Guinea-Bissau,GNB,2016,75.789474,17.947369,6.263158,1.09375,0.175,0
Guinea-Bissau,GNB,2017,75.789474,17.947369,6.263158,1.09375,0.175,0
Guinea-Bissau,GNB,2018,75.789474,17.947369,6.263158,1.09375,0.175,0
Guinea-Bissau,GNB,2019,75.789474,17.947369,6.263158,1.09375,0.175,0
Guinea-Bissau,GNB,2020,75.789474,17.947369,6.263158,1.09375,0.175,0
Guinea-Bissau,GNB,2021,75.789474,17.947369,6.263158,1.09375,0.175,0
Guinea-Bissau,GNB,2022,75.789474,17.947369,6.263158,1.09375,0.175,0
Guyana,GUY,1992,98.49315,1.0273973,0.47945204,0.60580915,1.46,
Guyana,GUY,1993,98.36425,1.1382799,0.4974705,0.6151452,1.4825,0.0225
Guyana,GUY,1994,98.239204,1.2458472,0.51495016,0.6244813,1.505,0.0225
Guyana,GUY,1995,98.117836,1.3502455,0.5319149,0.63381743,1.5275,0.0225
Guyana,GUY,1996,98,1.451613,0.5483871,0.64315355,1.55,0.0225
Guyana,GUY,1997,97.88554,1.5500795,0.5643879,0.6524896,1.5725,0.0225
Guyana,GUY,1998,97.77429,1.645768,0.5799373,0.6618257,1.595,0.0225
Guyana,GUY,1999,97.66615,1.7387944,0.5950541,0.67116183,1.6175,0.0225
Guyana,GUY,2000,97.560974,1.8292683,0.6097561,0.68049794,1.64,0.0225
Guyana,GUY,2001,97.024574,2.231879,0.74354935,0.6741245,1.62464,-0.0154
Guyana,GUY,2002,96.47793,2.6421754,0.8798966,0.667751,1.60928,-0.0154
Guyana,GUY,2003,95.920746,3.0603795,1.0188717,0.6613776,1.59392,-0.0154
Guyana,GUY,2004,95.35273,3.486722,1.1605514,0.65500414,1.57856,-0.0154
Guyana,GUY,2005,94.773544,3.9214432,1.3050153,0.6486307,1.5632,-0.0154
Guyana,GUY,2006,94.693085,3.9818122,1.3251055,0.6387967,1.5395,-0.0237
Guyana,GUY,2007,94.61011,4.0440693,1.345824,0.62896264,1.5158,-0.0237
Guyana,GUY,2008,94.5245,4.1083035,1.3672006,0.61912864,1.4921,-0.0237
Guyana,GUY,2009,94.43612,4.174612,1.3892672,0.6092946,1.4684,-0.0237
Guyana,GUY,2010,94.34485,4.2430954,1.4120579,0.5994606,1.4447,-0.0237
Guyana,GUY,2011,94.34485,4.2430954,1.4120579,0.5994606,1.4447,0
Guyana,GUY,2012,94.34485,4.2430954,1.4120579,0.5994606,1.4447,0
Guyana,GUY,2013,94.34485,4.2430954,1.4120579,0.5994606,1.4447,0
Guyana,GUY,2014,94.34485,4.2430954,1.4120579,0.5994606,1.4447,0
Guyana,GUY,2015,94.34485,4.2430954,1.4120579,0.5994606,1.4447,0
Guyana,GUY,2016,94.34485,4.2430954,1.4120579,0.5994606,1.4447,0
Guyana,GUY,2017,94.34485,4.2430954,1.4120579,0.5994606,1.4447,0
Guyana,GUY,2018,94.34485,4.2430954,1.4120579,0.5994606,1.4447,0
Guyana,GUY,2019,94.34485,4.2430954,1.4120579,0.5994606,1.4447,0
Guyana,GUY,2020,94.34485,4.2430954,1.4120579,0.5994606,1.4447,0
Guyana,GUY,2021,94.34485,4.2430954,1.4120579,0.5994606,1.4447,0
Guyana,GUY,2022,94.34485,4.2430954,1.4120579,0.5994606,1.4447,0
Haiti,HTI,1991,94.35657,5.092356,0.55107665,7.5336356,0.9799,
Haiti,HTI,1992,93.336174,6.171437,0.49238926,8.119282,1.056075,0.0762
Haiti,HTI,1993,92.45308,7.1053214,0.4415986,8.704928,1.13225,0.0762
Haiti,HTI,1994,91.68132,7.9214683,0.39721125,9.290574,1.208425,0.0762
Haiti,HTI,1995,91.00109,8.640822,0.35808814,9.876221,1.2846,0.0762
Haiti,HTI,1996,90.39218,8.997344,0.61047506,9.967051,1.2964143,0.0118
Haiti,HTI,1997,89.794266,9.347427,0.8583035,10.057881,1.3082286,0.0118
Haiti,HTI,1998,89.20706,9.691244,1.1016958,10.148711,1.3200428,0.0118
Haiti,HTI,1999,88.63027,10.02896,1.3407701,10.239541,1.3318571,0.0118
Haiti,HTI,2000,88.06362,10.360739,1.5756403,10.330372,1.3436714,0.0118
Haiti,HTI,2001,87.50685,10.686733,1.8064163,10.421202,1.3554857,0.0118
Haiti,HTI,2002,86.9597,11.007094,2.033204,10.512032,1.3673,0.0118
Haiti,HTI,2003,86.42193,11.321966,2.2561064,10.602862,1.3791143,0.0118
Haiti,HTI,2004,85.89329,11.63149,2.475222,10.693692,1.3909286,0.0118
Haiti,HTI,2005,85.37355,11.9358,2.690647,10.784523,1.4027429,0.0118
Haiti,HTI,2006,84.8625,12.235025,2.9024732,10.875353,1.4145571,0.0118
Haiti,HTI,2007,84.35992,12.529295,3.1107907,10.966183,1.4263715,0.0118
Haiti,HTI,2008,83.865585,12.81873,3.3156855,11.0570135,1.4381857,0.0118
Haiti,HTI,2009,83.37931,13.103448,3.5172415,11.147843,1.45,0.0118
Haiti,HTI,2010,83.37931,13.103448,3.5172415,11.147843,1.45,0
Haiti,HTI,2011,83.37931,13.103448,3.5172415,11.147843,1.45,0
Haiti,HTI,2012,83.37931,13.103448,3.5172415,11.147843,1.45,0
Haiti,HTI,2013,83.37931,13.103448,3.5172415,11.147843,1.45,0
Haiti,HTI,2014,83.37931,13.103448,3.5172415,11.147843,1.45,0
Haiti,HTI,2015,83.37931,13.103448,3.5172415,11.147843,1.45,0
Haiti,HTI,2016,83.37931,13.103448,3.5172415,11.147843,1.45,0
Haiti,HTI,2017,83.37931,13.103448,3.5172415,11.147843,1.45,0
Haiti,HTI,2018,83.37931,13.103448,3.5172415,11.147843,1.45,0
Haiti,HTI,2019,83.37931,13.103448,3.5172415,11.147843,1.45,0
Haiti,HTI,2020,83.37931,13.103448,3.5172415,11.147843,1.45,0
Haiti,HTI,2021,83.37931,13.103448,3.5172415,11.147843,1.45,0
Haiti,HTI,2022,83.37931,13.103448,3.5172415,11.147843,1.45,0
Heavily indebted poor countries (HIPC),HPC,2014,90.64888,7.5252724,1.8367819,2.7639923,112.02591,
Heavily indebted poor countries (HIPC),HPC,2015,90.619255,7.573974,1.8171766,2.7793238,112.6473,0.6214
Heavily indebted poor countries (HIPC),HPC,2016,90.61215,7.582706,1.8034576,2.7875476,112.98061,0.3333
Heavily indebted poor countries (HIPC),HPC,2017,90.58547,7.6169395,1.7975864,2.7845867,112.8606,-0.12
Heavily indebted poor countries (HIPC),HPC,2018,90.69191,7.5380397,1.7700531,2.8199725,114.29481,1.4342
Heavily indebted poor countries (HIPC),HPC,2019,90.6878,7.5424027,1.7616053,2.8250418,114.500275,0.2055
Heavily indebted poor countries (HIPC),HPC,2020,90.68886,7.549478,1.7616591,2.8251774,114.50577,0.0055
Heavily indebted poor countries (HIPC),HPC,2021,90.68767,7.5428834,1.7615861,2.825073,114.50154,-0.0042
Honduras,HND,2003,73.30429,19.601742,7.093964,1.7725568,1.607,
Honduras,HND,2004,73.30429,19.601742,7.093964,1.7725568,1.607,0
Honduras,HND,2005,73.30429,19.601742,7.093964,1.7725568,1.607,0
Honduras,HND,2006,73.30429,19.601742,7.093964,1.7725568,1.607,0
Honduras,HND,2007,73.30429,19.601742,7.093964,1.7725568,1.607,0
Honduras,HND,2008,73.30429,19.601742,7.093964,1.7725568,1.607,0
Honduras,HND,2009,73.30429,19.601742,7.093964,1.7725568,1.607,0
Honduras,HND,2010,73.30429,19.601742,7.093964,1.7725568,1.607,0
Honduras,HND,2011,73.30429,19.601742,7.093964,1.7725568,1.607,0
Honduras,HND,2012,73.30429,19.601742,7.093964,1.7725568,1.607,0
Honduras,HND,2013,73.30429,19.601742,7.093964,1.7725568,1.607,0
Honduras,HND,2014,73.30429,19.601742,7.093964,1.7725568,1.607,0
Honduras,HND,2015,73.30429,19.601742,7.093964,1.7725568,1.607,0
Honduras,HND,2016,73.30429,19.601742,7.093964,1.7725568,1.607,0
Honduras,HND,2017,73.30429,19.601742,7.093964,1.7725568,1.607,0
Honduras,HND,2018,73.30429,19.601742,7.093964,1.7725568,1.607,0
Honduras,HND,2019,73.30429,19.601742,7.093964,1.7725568,1.607,0
Honduras,HND,2020,73.30429,19.601742,7.093964,1.7725568,1.607,0
Honduras,HND,2021,73.30429,19.601742,7.093964,1.7725568,1.607,0
Honduras,HND,2022,73.30429,19.601742,7.093964,1.7725568,1.607,0
Hungary,HUN,1990,19.255371,12.531388,68.21324,115.204765,6.912286,
Hungary,HUN,1991,16.228386,13.170006,70.60161,117.07738,7.024643,0.1124
Hungary,HUN,1992,13.296717,13.788513,72.91477,118.95,7.137,0.1124
Hungary,HUN,1993,12.043746,13.788743,74.16754,114.25667,6.8554,-0.2816
Hungary,HUN,1994,10.6834,13.788973,75.527664,109.56333,6.5738,-0.2816
Hungary,HUN,1995,9.201257,13.789202,77.009575,104.87,6.2922,-0.2816
Hungary,HUN,1996,7.5801945,13.789432,78.63037,100.17667,6.0106,-0.2816
Hungary,HUN,1997,7.308138,14.090696,78.601166,99.48055,5.9688334,-0.0418
Hungary,HUN,1998,7.0259995,14.403127,78.57088,98.78445,5.927067,-0.0418
Hungary,HUN,1999,7.6826367,14.577434,77.73993,98.08833,5.8853,-0.0418
Hungary,HUN,2000,12.127416,14.146689,73.7259,97.39222,5.8435335,-0.0418
Hungary,HUN,2001,12.249959,14.295323,73.45472,96.69611,5.801767,-0.0418
Hungary,HUN,2002,11.8817425,14.530482,73.587776,96,5.76,-0.0418
Hungary,HUN,2003,11.615589,14.409622,73.97479,95.08889,5.705333,-0.0547
Hungary,HUN,2004,10.470533,14.432983,75.09648,94.17778,5.6506667,-0.0547
Hungary,HUN,2005,5.646696,15.042147,79.31116,93.26667,5.596,-0.0547
Hungary,HUN,2006,5.505282,14.626672,79.86805,92.35555,5.541333,-0.0547
Hungary,HUN,2007,5.515616,14.19324,80.291145,91.44444,5.4866667,-0.0547
Hungary,HUN,2008,5.674035,14.189954,80.13601,90.53333,5.432,-0.0547
Hungary,HUN,2009,5.8387775,14.186536,79.974686,105.7,6.342,0.91
Hungary,HUN,2010,6.01023,14.182979,79.80679,89.5,5.37,-0.972
Hungary,HUN,2011,6.1888113,14.179274,79.63191,87.083336,5.225,-0.145
Hungary,HUN,2012,6.374975,14.175411,79.449615,84.183334,5.051,-0.174
Hungary,HUN,2013,8.6504965,12.944174,78.40533,87.5,5.25,0.199
Hungary,HUN,2014,11.156488,13.562003,75.28151,65.38333,3.923,-1.327
Hungary,HUN,2015,12.7140665,14.027474,73.25846,67.166664,4.03,0.107
Hungary,HUN,2016,9.994482,13.67315,76.33237,65.98333,3.959,-0.071
Hungary,HUN,2017,11.059267,13.946086,74.994644,78.942,4.73652,0.7775
Hungary,HUN,2018,10.812108,13.444642,75.80084,81.97436,4.9184613,0.1819
Hungary,HUN,2019,11.166023,14.7087755,74.00353,74.38458,4.463075,-0.4554
Hungary,HUN,2020,11.206412,14.202999,74.59059,74.69,4.4814,0.0183
Hungary,HUN,2021,11.432936,14.102564,74.46272,74.48167,4.4689,-0.0125
Hungary,HUN,2022,11.046622,13.289461,75.66392,78.247,4.69482,0.2259
IBRD only,IBD,2014,77.25893,10.925142,11.815932,9.299852,2489.7502,
IBRD only,IBD,2015,77.46903,11.16594,11.371481,9.301238,2490.1208,0.3706
IBRD only,IBD,2016,77.10639,11.866279,11.103502,9.454521,2531.155,41.0342
IBRD only,IBD,2017,76.91548,11.968467,11.138025,9.5442705,2555.1812,24.0261
IBRD only,IBD,2018,76.692276,12.170409,11.04929,9.520125,2548.7173,-6.4639
IBRD only,IBD,2019,76.40987,12.597433,10.557092,9.640854,2581.0364,32.3191
IBRD only,IBD,2020,76.70808,13.074298,9.857986,9.475136,2536.6738,-44.3626
IBRD only,IBD,2021,76.71103,13.057984,9.987931,9.467007,2534.4976,-2.1763
IDA & IBRD total,IBT,2014,79.479034,10.335758,10.185583,8.918322,3005.796,
IDA & IBRD total,IBT,2015,79.68184,10.519747,9.791564,8.941673,3013.6658,7.8699
IDA & IBRD total,IBT,2016,79.35441,11.082039,9.594182,9.06808,3056.267,42.6013
IDA & IBRD total,IBT,2017,79.16646,11.16584,9.681307,9.149048,3083.5544,27.2874
IDA & IBRD total,IBT,2018,78.970505,11.353848,9.6025715,9.110415,3070.535,-13.0195
IDA & IBRD total,IBT,2019,78.60705,11.755662,9.249888,9.155641,3085.7764,15.2415
IDA & IBRD total,IBT,2020,78.955696,12.121881,8.623488,9.054335,3051.6345,-34.1418
IDA & IBRD total,IBT,2021,79.27196,11.968502,8.561605,9.246959,3116.552,64.9175
IDA blend,IDB,2014,90.064926,7.575681,2.3593915,14.591057,270.35843,
IDA blend,IDB,2015,90.21826,7.4899755,2.2917638,14.952415,277.05405,6.6956
IDA blend,IDB,2016,90.39277,7.214375,2.3928545,15.120049,280.16016,3.1061
IDA blend,IDB,2017,90.58098,7.057626,2.3613942,15.362594,284.65427,4.4941
IDA blend,IDB,2018,90.4247,7.209248,2.3659163,14.835609,274.88974,-9.7645
IDA blend,IDB,2019,90.23225,7.344282,2.4234688,13.857178,256.76035,-18.1294
IDA blend,IDB,2020,90.37565,7.282667,2.3416834,14.408764,266.9807,10.2204
IDA blend,IDB,2021,90.99667,6.954894,2.048431,18.029764,334.0744,67.0937
IDA only,IDX,2014,90.32625,7.401263,2.2775078,4.8376102,245.6872,
IDA only,IDX,2015,90.19133,7.3982573,2.2619975,4.8534346,246.49084,0.8036
IDA only,IDX,2016,89.95493,7.403195,2.2369556,4.823129,244.95172,-1.5391
IDA only,IDX,2017,89.43055,7.5505633,2.9606507,4.798858,243.71909,-1.2326
IDA only,IDX,2018,89.7316,7.5405083,2.7279174,4.8620358,246.92767,3.2086
IDA only,IDX,2019,89.43634,7.5629067,2.7139125,4.8827467,247.9795,1.0518
IDA only,IDX,2020,89.64961,7.5904336,2.7600071,4.8827586,247.98013,0.0006
IDA only,IDX,2021,89.647545,7.588966,2.7599432,4.8827586,247.98013,0
IDA total,IDA,2014,90.18933,7.4926414,2.32041,7.4448333,516.0456,
IDA total,IDA,2015,90.20558,7.446793,2.2777507,7.5530233,523.5449,7.4993
IDA total,IDA,2016,90.18853,7.302455,2.3201315,7.5756297,525.1119,1.567
IDA total,IDA,2017,90.05032,7.285,2.637809,7.6226816,528.37335,3.2615
IDA total,IDA,2018,90.09672,7.366003,2.5372176,7.5281014,521.81744,-6.5559
IDA total,IDA,2019,89.84122,7.4516926,2.5661643,7.2817283,504.73984,-17.0776
IDA total,IDA,2020,90.026024,7.4308724,2.5431278,7.4291835,514.9608,10.221
IDA total,IDA,2021,90.42189,7.2250357,2.3515656,8.397124,582.05457,67.0938
Iceland,ISL,1990,3.5714285,87.5,8.928572,0.098235294,0.167,
Iceland,ISL,1991,22.743797,69.797905,7.4582977,0.098235294,0.167,0
Iceland,ISL,1992,41.91617,52.09581,5.9880238,0.098235294,0.167,0
Iceland,ISL,1993,42.04204,51.651653,6.3063064,0.097941175,0.1665,-0.0005
Iceland,ISL,1994,42.168674,51.20482,6.626506,0.097647056,0.166,-0.0005
Iceland,ISL,1995,42.296074,50.755287,6.9486403,0.097352944,0.1655,-0.0005
Iceland,ISL,1996,42.424244,50.303032,7.2727275,0.097058825,0.165,-0.0005
Iceland,ISL,1997,42.553192,49.848022,7.598784,0.096764706,0.1645,-0.0005
Iceland,ISL,1998,42.682926,49.390244,7.9268293,0.09647059,0.164,-0.0005
Iceland,ISL,1999,42.813457,48.929665,8.256881,0.09617647,0.1635,-0.0005
Iceland,ISL,2000,42.944786,48.46626,8.588957,0.095882356,0.163,-0.0005
Iceland,ISL,2001,42.682926,48.780487,8.536902,0.09647059,0.164,0.001
Iceland,ISL,2002,42.424244,49.090908,8.484848,0.097058825,0.165,0.001
Iceland,ISL,2003,42.424244,49.090908,8.484848,0.097058825,0.165,0
Iceland,ISL,2004,42.424244,49.090908,8.484848,0.097058825,0.165,0
Iceland,ISL,2005,32.114044,45.196186,22.68977,0.10668137,0.18135834,0.0164
Iceland,ISL,2006,23.54817,41.96039,34.49144,0.11630392,0.19771667,0.0164
Iceland,ISL,2007,16.318478,39.22934,44.452183,0.12592646,0.214075,0.0164
Iceland,ISL,2008,10.134941,36.893482,52.971577,0.13554902,0.23043333,0.0164
Iceland,ISL,2009,4.78581,34.872826,60.341366,0.14517157,0.24679166,0.0164
Iceland,ISL,2010,0.11286682,33.1076,66.77953,0.15479411,0.26315,0.0164
Iceland,ISL,2011,0.10124873,31.387108,68.51164,0.16392647,0.278675,0.0155
Iceland,ISL,2012,0.1019368,31.940197,67.95786,0.17294118,0.294,0.0153
Iceland,ISL,2013,0.06868132,29.532967,70.39835,0.1712353,0.2911,-0.0029
Iceland,ISL,2014,0.072674416,27.61628,72.31104,0.162,0.2754,-0.0157
Iceland,ISL,2015,0.10779734,28.745958,71.14625,0.16441177,0.2795,0.0041
Iceland,ISL,2016,0.115384616,30.76923,76.15385,0.15294118,0.26,-0.0195
Iceland,ISL,2017,0.10779734,28.745958,71.14625,0.17058824,0.29,0.03
Iceland,ISL,2018,0.10779734,28.745958,71.14625,0.17058824,0.29,0
Iceland,ISL,2019,0.10779734,28.745958,71.14625,0.17058824,0.29,0
Iceland,ISL,2020,0.10779734,28.745958,71.14625,0.17058824,0.29,0
Iceland,ISL,2021,0.10779734,28.745958,71.14625,0.17058824,0.29,0
Iceland,ISL,2022,0.10779734,28.745958,71.14625,0.17058824,0.29,0
India,IND,1990,92,5,3,34.578148,500,
India,IND,1991,91.93801,5.22464,2.8373513,35.34163,511.03995,11.0399
India,IND,1992,91.87864,5.4397793,2.6815813,36.10511,522.0799,11.0399
India,IND,1993,91.82173,5.6460085,2.5322628,36.86859,533.1199,11.04
India,IND,1994,91.76713,5.8438697,2.3890033,37.632076,544.1598,11.0399
India,IND,1995,91.7147,6.0338616,2.251441,38.395557,555.19977,11.04
India,IND,1996,91.664314,6.2164454,2.1192427,39.15904,566.2397,11.0399
India,IND,1997,91.61585,6.3920455,1.9921008,39.92252,577.27966,11.04
India,IND,1998,91.569214,6.561055,1.8697307,40.685997,588.3195,11.0399
India,IND,1999,91.52429,6.723839,1.7518686,41.449486,599.35956,11.04
India,IND,2000,91.480995,6.880734,1.63827,42.212967,610.3995,11.0399
India,IND,2001,91.350365,6.938893,1.7107409,43.25446,625.4595,15.06
India,IND,2002,91.225876,6.994317,1.7798039,44.29595,640.5195,15.06
India,IND,2003,91.10711,7.047195,1.845694,45.337444,655.57947,15.06
India,IND,2004,90.993675,7.0976977,1.9086246,43.23926,625.2397,-30.3398
India,IND,2005,90.88522,7.1459823,1.968791,43.495834,628.94977,3.7101
India,IND,2006,90.78144,7.192191,2.0263715,43.752407,632.6598,3.71
India,IND,2007,90.682014,7.236456,2.081529,44.00898,636.3699,3.7101
India,IND,2008,90.58669,7.278897,2.1344132,44.265553,640.0799,3.71
India,IND,2009,90.49522,7.3196235,2.1851623,44.522125,643.79,3.7101
India,IND,2010,90.40736,7.3587384,2.2339027,44.778698,647.5,3.71
India,IND,2011,90.40736,7.3587384,2.2339027,44.778698,647.5,0
India,IND,2012,90.40736,7.3587384,2.2339027,44.778698,647.5,0
India,IND,2013,90.40736,7.3587384,2.2339027,44.778698,647.5,0
India,IND,2014,90.40736,7.3587384,2.2339027,44.778698,647.5,0
India,IND,2015,90.40736,7.3587384,2.2339027,44.778698,647.5,0
India,IND,2016,90.40736,7.3587384,2.2339027,44.778698,647.5,0
India,IND,2017,90.40736,7.3587384,2.2339027,44.778698,647.5,0
India,IND,2018,90.40736,7.3587384,2.2339027,44.778698,647.5,0
India,IND,2019,90.40736,7.3587384,2.2339027,44.778698,647.5,0
India,IND,2020,90.40736,7.3587384,2.2339027,44.778698,647.5,0
India,IND,2021,90.40736,7.3587384,2.2339027,44.778698,647.5,0
India,IND,2022,90.40736,7.3587384,2.2339027,44.778698,647.5,0
Indonesia,IDN,1990,93.13336,6.360885,0.50575024,3.6818893,74.3263,
Indonesia,IDN,1991,91.50388,7.118034,1.3780798,3.874804,78.22067,3.8944
Indonesia,IDN,1992,90.02893,7.803384,2.1676877,4.067719,82.11504,3.8944
Indonesia,IDN,1993,88.68751,8.426684,2.885808,4.2606335,86.00941,3.8944
Indonesia,IDN,1994,87.46227,8.995998,3.5417283,4.4535284,89.90338,3.894
Indonesia,IDN,1995,86.33876,9.518048,4.143194,4.646463,93.79815,3.8948
Indonesia,IDN,1996,85.304794,9.998486,4.6967173,4.8393483,97.69192,3.8938
Indonesia,IDN,1997,84.3501,10.442094,5.2078094,5.032258,101.58619,3.8943
Indonesia,IDN,1998,83.46587,10.852953,5.68117,5.2251678,105.48046,3.8943
Indonesia,IDN,1999,82.644615,11.234559,6.1208277,5.4180775,109.37473,3.8943
Indonesia,IDN,2000,81.879814,11.589931,6.530259,5.611037,113.27,3.8953
Indonesia,IDN,2001,80.4392,10.7740555,8.786744,5.9496365,120.105316,6.8353
Indonesia,IDN,2002,79.217964,10.082423,10.69961,6.288236,126.94063,6.8353
Indonesia,IDN,2003,78.16955,9.48866,12.341794,6.626836,133.77594,6.8353
Indonesia,IDN,2004,77.25968,8.973367,13.766954,6.9654355,140.61125,6.8353
Indonesia,IDN,2005,76.4626,8.521951,15.015447,7.304035,147.44656,6.8353
Indonesia,IDN,2006,77.60182,8.743801,13.654377,7.6426353,154.28188,6.8353
Indonesia,IDN,2007,78.663025,8.950459,12.386514,7.981235,161.11719,6.8353
Indonesia,IDN,2008,79.65397,9.143432,11.2026,8.319835,167.9525,6.8353
Indonesia,IDN,2009,80.5814,9.3240385,10.0945635,8.658434,174.78781,6.8353
Indonesia,IDN,2010,81.45123,9.493428,9.055339,8.997034,181.62312,6.8353
Indonesia,IDN,2011,82.26868,9.652616,8.078707,9.335633,188.45844,6.8353
Indonesia,IDN,2012,83.03832,9.802496,7.1591783,9.674233,195.29375,6.8353
Indonesia,IDN,2013,83.76425,9.943861,6.2918878,10.012834,202.12906,6.8353
Indonesia,IDN,2014,84.45007,10.077417,5.4725065,10.351433,208.96437,6.8353
Indonesia,IDN,2015,84.83197,10.386672,4.781356,10.690033,215.79968,6.8353
Indonesia,IDN,2016,85.206726,10.690143,4.1031284,11.028632,222.635,6.8353
Indonesia,IDN,2017,85.206726,10.690143,4.1031284,11.028632,222.635,0
Indonesia,IDN,2018,85.206726,10.690143,4.1031284,11.028632,222.635,0
Indonesia,IDN,2019,85.206726,10.690143,4.1031284,11.028632,222.635,0
Indonesia,IDN,2020,85.206726,10.690143,4.1031284,11.028632,222.635,0
Indonesia,IDN,2021,85.206726,10.690143,4.1031284,11.028632,222.635,0
Indonesia,IDN,2022,85.206726,10.690143,4.1031284,11.028632,222.635,0
"Iran, Islamic Rep.",IRN,1990,,,,51.257458,65.86584,
"Iran, Islamic Rep.",IRN,1991,,,,52.337917,67.25422,1.3884
"Iran, Islamic Rep.",IRN,1992,,,,53.42032,68.64511,1.3909
"Iran, Islamic Rep.",IRN,1993,91.6061,6.2750754,2.1188195,54.502724,70.036,1.3909
"Iran, Islamic Rep.",IRN,1994,91.584496,6.792386,1.6231157,59.545914,76.5165,6.4805
"Iran, Islamic Rep.",IRN,1995,91.56626,7.2289157,1.2048193,64.5891,82.997,6.4805
"Iran, Islamic Rep.",IRN,1996,92.033295,6.7776456,1.1890607,65.44514,84.097,1.1
"Iran, Islamic Rep.",IRN,1997,92.488266,6.338028,1.1737089,66.30117,85.197,1.1
"Iran, Islamic Rep.",IRN,1998,92.93163,5.9096174,1.1587485,67.157196,86.297,1.1
"Iran, Islamic Rep.",IRN,1999,93.363846,5.491991,1.1441648,68.01323,87.397,1.1
"Iran, Islamic Rep.",IRN,2000,93.78531,5.084746,1.1299435,68.86926,88.497,1.1
"Iran, Islamic Rep.",IRN,2001,93.366776,5.490524,1.1426979,69.764786,89.64775,1.1507
"Iran, Islamic Rep.",IRN,2002,92.9593,5.8855886,1.1547961,70.66031,90.7985,1.1507
"Iran, Islamic Rep.",IRN,2003,92.56243,6.270358,1.1668943,71.55584,91.94925,1.1507
"Iran, Islamic Rep.",IRN,2004,92.17577,6.6452303,1.1789925,72.33463,92.95,1.0007
"Iran, Islamic Rep.",IRN,2005,92.17577,6.6452303,1.1789925,72.33463,92.95,0
"Iran, Islamic Rep.",IRN,2006,92.17577,6.6452303,1.1789925,72.33463,92.95,0
"Iran, Islamic Rep.",IRN,2007,92.17577,6.6452303,1.1789925,72.33463,92.95,0
"Iran, Islamic Rep.",IRN,2008,92.17577,6.6452303,1.1789925,72.33463,92.95,0
"Iran, Islamic Rep.",IRN,2009,92.17577,6.6452303,1.1789925,72.33463,92.95,0
"Iran, Islamic Rep.",IRN,2010,92.17577,6.6452303,1.1789925,72.33463,92.95,0
"Iran, Islamic Rep.",IRN,2011,92.17577,6.6452303,1.1789925,72.33463,92.95,0
"Iran, Islamic Rep.",IRN,2012,92.17577,6.6452303,1.1789925,72.33463,92.95,0
"Iran, Islamic Rep.",IRN,2013,92.17577,6.6452303,1.1789925,72.33463,92.95,0
"Iran, Islamic Rep.",IRN,2014,92.17577,6.6452303,1.1789925,72.33463,92.95,0
"Iran, Islamic Rep.",IRN,2015,92.17577,6.6452303,1.1789925,72.33463,92.95,0
"Iran, Islamic Rep.",IRN,2016,92.17577,6.6452303,1.1789925,72.33463,92.95,0
"Iran, Islamic Rep.",IRN,2017,92.17577,6.6452303,1.1789925,72.33463,92.95,0
"Iran, Islamic Rep.",IRN,2018,92.17577,6.6452303,1.1789925,72.33463,92.95,0
"Iran, Islamic Rep.",IRN,2019,92.17577,6.6452303,1.1789925,72.33463,92.95,0
"Iran, Islamic Rep.",IRN,2020,92.17577,6.6452303,1.1789925,72.33463,92.95,0
"Iran, Islamic Rep.",IRN,2021,92.17577,6.6452303,1.1789925,72.33463,92.95,0
"Iran, Islamic Rep.",IRN,2022,92.17577,6.6452303,1.1789925,72.33463,92.95,0
Iraq,IRQ,1990,92.009346,2.9906542,5,121.59091,42.8,
Iraq,IRQ,1991,90.075356,3.5062056,6.41844,128.18182,45.12,2.32
Iraq,IRQ,1992,88.33052,3.9713323,7.698145,134.77272,47.44,2.32
Iraq,IRQ,1993,86.74839,4.393087,8.8585205,141.36363,49.76,2.32
Iraq,IRQ,1994,85.30722,4.7772655,9.915515,147.95454,52.08,2.32
Iraq,IRQ,1995,83.98897,5.1286764,10.882353,154.54546,54.4,2.32
Iraq,IRQ,1996,82.778564,5.4513397,11.770099,161.13637,56.72,2.32
Iraq,IRQ,1997,81.66328,5.748645,12.588076,167.70625,59.0326,2.3126
Iraq,IRQ,1998,80.63233,6.023468,13.344198,174.29716,61.3526,2.32
Iraq,IRQ,1999,79.676506,6.2782664,14.045226,180.88806,63.6726,2.32
Iraq,IRQ,2000,78.78788,6.5151515,14.69697,187.47897,65.9926,2.32
Iraq,IRQ,2001,79.35412,6.3697104,14.276169,182.20207,64.13513,-1.8575
Iraq,IRQ,2002,79.95413,6.215596,13.830276,176.92516,62.277657,-1.8575
Iraq,IRQ,2003,80.59102,6.0520096,13.356974,171.64825,60.420185,-1.8575
Iraq,IRQ,2004,81.268295,5.878049,12.853659,166.37135,58.562714,-1.8575
Iraq,IRQ,2005,81.98992,5.692695,12.31738,161.09444,56.705242,-1.8575
Iraq,IRQ,2006,82.760414,5.4947915,11.744792,155.81754,54.84777,-1.8575
Iraq,IRQ,2007,83.58491,5.283019,11.132075,150.54062,52.9903,-1.8575
Iraq,IRQ,2008,84.46928,5.055866,10.47486,145.26372,51.132828,-1.8575
Iraq,IRQ,2009,85.42029,4.811594,9.768116,139.98682,49.275356,-1.8575
Iraq,IRQ,2010,86.445786,4.548193,9.006024,134.7099,47.417885,-1.8575
Iraq,IRQ,2011,87.554855,4.263323,8.181818,129.433,45.560413,-1.8575
Iraq,IRQ,2012,88.75817,3.9542484,7.287582,124.141884,43.697945,-1.8625
Iraq,IRQ,2013,90.06826,3.6177475,6.313993,118.864975,41.840473,-1.8575
Iraq,IRQ,2014,91.5,3.25,5.25,113.588066,39.983,-1.8575
Iraq,IRQ,2015,91.49484,3.1786942,5.3264604,99.15909,34.904,-5.079
Iraq,IRQ,2016,91.49157,3.1906614,5.317769,109.40341,38.51,3.606
Iraq,IRQ,2017,87.81054,2.670072,10.935686,122.338066,43.063,4.553
Iraq,IRQ,2018,91.48049,3.1873696,16.08579,95.35227,33.564,-9.499
Iraq,IRQ,2019,78.11727,12.186506,9.69622,160.84659,56.618,23.054
Iraq,IRQ,2020,72.570045,18.902357,8.527596,127.954544,45.04,-11.578
Iraq,IRQ,2021,73.47021,15.875448,10.654346,120.52187,42.4237,-2.6163
Iraq,IRQ,2022,73.47021,15.875448,10.654346,120.52187,42.4237,0
Ireland,IRL,1990,14.401496,39.600998,45.997505,2.3381925,1.1457143,
Ireland,IRL,1991,14.61043,39.694042,45.69553,2.3536444,1.1532857,0.0076
Ireland,IRL,1992,14.816638,39.785873,45.397488,2.3690963,1.1608572,0.0076
Ireland,IRL,1993,15.020174,39.876514,45.103313,2.3845482,1.1684285,0.0076
Ireland,IRL,1994,15.221088,39.96599,44.812923,2.4,1.176,0.0076
Ireland,IRL,1995,15.079205,42.17121,42.749588,2.3300557,1.1417273,-0.0343
Ireland,IRL,1996,14.929988,44.490383,40.57963,2.2601113,1.1074545,-0.0343
Ireland,IRL,1997,14.772858,46.932568,38.294575,2.190167,1.0731819,-0.0343
Ireland,IRL,1998,14.607165,49.507824,35.88501,2.1202226,1.0389091,-0.0343
Ireland,IRL,1999,14.432192,52.22733,33.34048,2.0502782,1.0046364,-0.0343
Ireland,IRL,2000,14.247135,55.10355,30.649313,1.9803339,0.9703636,-0.0343
Ireland,IRL,2001,14.051098,58.150444,27.79846,1.9103897,0.9360909,-0.0343
Ireland,IRL,2002,13.843073,61.383656,24.773272,1.8404453,0.90181816,-0.0343
Ireland,IRL,2003,12.794332,66.958115,20.247553,1.7705009,0.8675454,-0.0343
Ireland,IRL,2004,11.808915,72.195984,15.995105,1.7005566,0.83327276,-0.0343
Ireland,IRL,2005,14.10826,100,15.548282,1.6306123,0.799,-0.0343
Ireland,IRL,2006,11.432363,79.18009,9.387543,1.560204,0.7645,-0.0345
Ireland,IRL,2007,13.791096,93.0137,6.9863014,1.4897959,0.73,-0.0345
Ireland,IRL,2008,10.91644,78.37,10.713555,1.517347,0.7435,0.0135
Ireland,IRL,2009,11.707397,89.82827,17.804731,1.5448979,0.757,0.0135
Ireland,IRL,2010,8.959374,71.877464,19.16316,1.6968254,0.83144444,0.0744
Ireland,IRL,2011,8.142188,68.61803,23.239782,1.8487529,0.9058889,0.0744
Ireland,IRL,2012,7.3565865,65.48457,27.158844,2.0006802,0.9803333,0.0744
Ireland,IRL,2013,6.3831124,63.70747,29.909416,2.1526077,1.0547777,0.0744
Ireland,IRL,2014,5.5046577,62.103832,32.39151,2.3045352,1.1292223,0.0744
Ireland,IRL,2015,4.924445,58.839966,36.23559,2.4564626,1.2036667,0.0744
Ireland,IRL,2016,4.2018394,57.079887,38.718273,2.60839,1.2781111,0.0744
Ireland,IRL,2017,3.0699794,61.243904,35.686115,2.7603176,1.3525555,0.0744
Ireland,IRL,2018,2.2511616,64.25626,33.492573,2.9122448,1.427,0.0744
Ireland,IRL,2019,2.298626,64.14013,33.56124,3.1387756,1.538,0.111
Ireland,IRL,2020,2.5259068,63.92487,33.54922,3.1510205,1.544,0.006
Ireland,IRL,2021,2.5300443,64.01012,33.396584,3.2265306,1.581,0.037
Ireland,IRL,2022,2.3687985,66.09683,31.788404,3.4142857,1.673,0.092
Israel,ISR,1990,67.40576,26.718403,5.8758316,209.65334,1.5724,
Israel,ISR,1991,67.40576,26.718403,5.8758316,208.26666,1.562,-0.0104
Israel,ISR,1992,67.40576,26.718403,5.8758316,206.88,1.5516,-0.0104
Israel,ISR,1993,67.40576,26.718403,5.8758316,205.49333,1.5412,-0.0104
Israel,ISR,1994,67.40576,26.718403,5.8758316,204.10667,1.5308,-0.0104
Israel,ISR,1995,67.40576,26.718403,5.8758316,204.32,1.5324,0.0016
Israel,ISR,1996,65.67346,28.331333,5.995206,206.48,1.5486,0.0162
Israel,ISR,1997,63.982952,29.905348,6.1116996,208.64,1.5648,0.0162
Israel,ISR,1998,62.33275,31.441837,6.2254167,210.8,1.581,0.0162
Israel,ISR,1999,60.72142,32.942127,6.3364544,212.96,1.5972,0.0162
Israel,ISR,2000,59.14761,34.407486,6.444906,215.12,1.6134,0.0162
Israel,ISR,2001,57.49667,35.952065,6.551265,210.46,1.57845,-0.035
Israel,ISR,2002,55.76188,37.575096,6.663026,205.8,1.5435,-0.035
Israel,ISR,2003,56.182796,37.526882,6.290323,229.33333,1.72,0.1765
Israel,ISR,2004,57.778915,36.438076,5.783009,189.2,1.419,-0.301
Israel,ISR,2005,57.314545,36.68497,6.0004835,187.44444,1.4058334,-0.0132
Israel,ISR,2006,56.838684,36.937977,6.223341,185.68889,1.3926667,-0.0132
Israel,ISR,2007,56.35089,37.197323,6.451784,183.93333,1.3795,-0.0132
Israel,ISR,2008,55.85072,37.463253,6.6860256,182.17778,1.3663334,-0.0132
Israel,ISR,2009,55.337692,37.73602,6.926289,180.42223,1.3531667,-0.0132
Israel,ISR,2010,57.32152,35.904118,6.7743616,178.66667,1.34,-0.0132
Israel,ISR,2011,56.30612,37.234695,6.4591837,173.49333,1.3012,-0.0388
Israel,ISR,2012,55.332333,38.510746,6.1569214,168.32,1.2624,-0.0388
Israel,ISR,2013,54.397648,39.735554,5.8667974,163.06667,1.223,-0.0394
Israel,ISR,2014,53.49976,40.912148,5.588094,157.86667,1.184,-0.039
Israel,ISR,2015,52.636536,42.043316,5.320151,152.8,1.146,-0.038
Israel,ISR,2016,55.614735,41.411453,2.3968043,159.86667,1.199,0.053
Israel,ISR,2017,43.346336,43.346336,4.544183,160.13333,1.201,0.002
Israel,ISR,2018,51.651257,44.033466,4.616217,148.26666,1.112,-0.089
Israel,ISR,2019,51.3805,43.14064,4.5226183,155.2,1.164,0.052
Israel,ISR,2020,49.791668,41.666668,4.3680954,170.13333,1.276,0.112
Israel,ISR,2021,48.396946,38.16794,4.001309,204,1.53,0.254
Italy,ITA,1990,53.907467,15.768497,30.324034,22.53377,41.12413,
Italy,ITA,1991,52.8563,16.274805,30.868895,22.807842,41.62431,0.5002
Italy,ITA,1992,51.830036,16.769117,31.400845,23.081915,42.124493,0.5002
Italy,ITA,1993,50.827805,17.251854,31.92034,23.355988,42.624676,0.5002
Italy,ITA,1994,49.84877,17.72342,32.42781,23.63006,43.12486,0.5002
Italy,ITA,1995,48.892136,18.184195,32.92367,23.904133,43.625042,0.5002
Italy,ITA,1996,47.957138,18.634546,33.408314,24.178205,44.125225,0.5002
Italy,ITA,1997,47.043056,19.074825,33.88212,24.452278,44.62541,0.5002
Italy,ITA,1998,46.149197,19.505363,34.34544,24.72635,45.125587,0.5002
Italy,ITA,1999,44.595013,20.17404,35.230946,24.692986,45.0647,-0.0609
Italy,ITA,2000,44.09156,20.01381,35.89463,24.68632,45.052532,-0.0122
Italy,ITA,2001,43.485046,20.731089,35.783863,23.774109,43.38775,-1.6648
Italy,ITA,2002,42.829224,21.506683,35.664093,22.861898,41.722965,-1.6648
Italy,ITA,2003,42.11782,22.348003,35.534176,21.949688,40.05818,-1.6648
Italy,ITA,2004,41.343468,23.263775,35.392757,21.037477,38.393394,-1.6648
Italy,ITA,2005,40.497417,24.264338,35.238247,20.099514,36.68161,-1.7118
Italy,ITA,2006,39.480297,25.529781,34.98992,19.204927,35.048996,-1.6326
Italy,ITA,2007,38.364677,26.917776,34.71755,18.310343,33.416378,-1.6326
Italy,ITA,2008,25.255814,16.92093,20.472271,29.349072,53.562054,20.1457
Italy,ITA,2009,42.205486,27.18199,30.612524,18.407358,33.593426,-19.9686
Italy,ITA,2010,44.085144,27.353735,28.561121,18.466274,33.70095,0.1075
Italy,ITA,2011,45.95229,27.524334,26.523375,18.525192,33.808475,0.1075
Italy,ITA,2012,47.807045,27.693802,24.499153,18.58411,33.916004,0.1075
Italy,ITA,2013,49.707603,27.777779,22.51462,18.62111,33.98353,0.0675
Italy,ITA,2014,49.716324,27.765104,22.51857,18.614697,33.97182,-0.0117
Italy,ITA,2015,49.725048,27.752428,22.522522,18.608284,33.960117,-0.0117
Italy,ITA,2016,49.85045,27.57023,22.57932,18.558033,33.868412,-0.0917
Italy,ITA,2017,49.976482,27.387112,22.636406,18.507784,33.776707,-0.0917
Italy,ITA,2018,50.103153,27.203066,22.69378,18.457535,33.685,-0.0917
Italy,ITA,2019,50.132706,27.16013,22.707167,18.545206,33.845,0.16
Italy,ITA,2020,50.172653,27.102087,22.72526,18.53041,33.818,-0.027
Italy,ITA,2021,50.27188,26.957912,22.770205,18.493765,33.75112,-0.0669
Italy,ITA,2022,50.224533,27.026707,22.748758,18.511232,33.783,0.0319
Jamaica,JAM,1993,75,17.99569,7.00431,8.569713,0.9275,
Jamaica,JAM,1994,73.62382,19.221327,7.154856,8.8436,0.95714283,0.0296
Jamaica,JAM,1995,72.22743,20.464958,7.3076124,9.117488,0.9867857,0.0296
Jamaica,JAM,1996,70.81039,21.726986,7.462628,9.391376,1.0164286,0.0296
Jamaica,JAM,1997,69.37222,23.00782,7.6199536,9.665263,1.0460714,0.0296
Jamaica,JAM,1998,67.912476,24.307884,7.779641,9.939151,1.0757142,0.0296
Jamaica,JAM,1999,66.43064,25.627615,7.9417443,10.213038,1.1053572,0.0296
Jamaica,JAM,2000,64.92622,26.96746,8.106318,10.486926,1.135,0.0296
Jamaica,JAM,2001,63.398693,28.327887,8.27342,10.760814,1.1646428,0.0296
Jamaica,JAM,2002,61.847523,29.70937,8.443109,11.034701,1.1942858,0.0296
Jamaica,JAM,2003,60.272156,31.112402,8.615444,11.308589,1.2239286,0.0296
Jamaica,JAM,2004,58.67202,32.53749,8.790489,11.582477,1.2535714,0.0296
Jamaica,JAM,2005,57.046528,33.985165,8.9683075,11.856364,1.2832143,0.0296
Jamaica,JAM,2006,50.116154,31.135555,18.748291,12.130252,1.3128572,0.0296
Jamaica,JAM,2007,44.307693,28.747253,26.945055,12.4041395,1.3425,0.0296
Jamaica,JAM,2008,39.114456,26.828842,34.0567,12.678027,1.3721429,0.0296
Jamaica,JAM,2009,34.60973,25.16477,40.225502,12.951915,1.4017857,0.0296
Jamaica,JAM,2010,30.6651,23.707602,45.6273,13.225802,1.4314286,0.0296
Jamaica,JAM,2011,27.182224,22.421007,50.396767,13.49969,1.4610714,0.0296
Jamaica,JAM,2012,24.084507,21.276693,54.6388,13.773578,1.4907143,0.0296
Jamaica,JAM,2013,21.311405,20.252293,58.436302,14.047465,1.5203571,0.0296
Jamaica,JAM,2014,18.814432,19.329897,61.85567,14.321353,1.55,0.0296
Jamaica,JAM,2015,16.363636,25.454546,58.18182,7.6688533,0.83,-0.72
Jamaica,JAM,2016,8.4194975,10.339734,81.24077,12.473436,1.35,0.52
Jamaica,JAM,2017,9.906969,17.447289,72.645744,12.34396,1.3359867,-0.014
Jamaica,JAM,2018,12.048174,27.67856,60.273266,12.214484,1.3219736,-0.014
Jamaica,JAM,2019,15.3954525,43.67279,40.93176,12.085008,1.3079604,-0.014
Jamaica,JAM,2020,21.367327,72.20807,6.4246063,11.046431,1.1955552,-0.1124
Jamaica,JAM,2021,17.06287,73.43275,9.504382,12.382819,1.3401924,0.1446
Jamaica,JAM,2022,17.06287,73.43275,9.504382,12.382819,1.3401924,0
Japan,JPN,1990,64.43093,18.077585,17.491484,21.162016,90.996666,
Japan,JPN,1991,64.27201,18.339151,17.388842,21.208914,91.19833,0.2017
Japan,JPN,1992,64.113785,18.599562,17.286652,21.255814,91.4,0.2017
Japan,JPN,1993,64.68272,18.529152,16.788134,21.060465,90.56,-0.84
Japan,JPN,1994,65.2623,18.457422,16.28028,20.865116,89.72,-0.84
Japan,JPN,1995,65.85284,18.384338,15.762826,20.660465,88.84,-0.88
Japan,JPN,1996,65.500694,18.468061,16.03124,20.701162,89.015,0.175
Japan,JPN,1997,65.154366,18.550404,16.29523,20.741861,89.19,0.175
Japan,JPN,1998,64.53278,18.780146,16.68707,20.835659,89.59333,0.4033
Japan,JPN,1999,63.911522,19.00977,17.07871,20.929457,89.996666,0.4033
Japan,JPN,2000,63.29058,19.239275,17.470146,21.023256,90.4,0.4033
Japan,JPN,2001,64.703865,19.235704,16.060312,20.331396,87.425,-2.975
Japan,JPN,2002,66.21382,19.232132,14.554046,19.639534,84.45,-2.975
Japan,JPN,2003,66.10041,19.175287,14.724305,19.560465,84.11,-0.34
Japan,JPN,2004,65.98604,19.117962,14.896,19.481396,83.77,-0.34
Japan,JPN,2005,65.8707,19.060152,15.069149,19.402325,83.43,-0.34
Japan,JPN,2006,65.75438,19.00185,15.243771,19.323256,83.09,-0.34
Japan,JPN,2007,65.678474,18.920221,15.401301,19.244186,82.75,-0.34
Japan,JPN,2008,66.24703,18.919903,14.833059,19.066511,81.986,-0.764
Japan,JPN,2009,66.82627,18.919582,14.254144,18.888838,81.222,-0.764
Japan,JPN,2010,66.92118,18.85292,14.225897,18.838272,81.00457,-0.2174
Japan,JPN,2011,67.01668,18.785847,14.196588,18.787708,80.78714,-0.2174
Japan,JPN,2012,67.11276,18.718357,14.1688795,18.737143,80.56972,-0.2174
Japan,JPN,2013,67.20945,18.650448,14.140104,18.686579,80.35229,-0.2174
Japan,JPN,2014,67.30673,18.582117,14.111151,18.636013,80.13486,-0.2174
Japan,JPN,2015,67.404625,18.513357,14.082016,18.58545,79.91743,-0.2174
Japan,JPN,2016,67.503136,18.444166,14.052697,18.534883,79.7,-0.2174
Japan,JPN,2017,67.71753,18.411097,13.871374,18.44186,79.3,-0.4
Japan,JPN,2018,67.6359,18.963337,13.400759,18.39535,79.1,-0.2
Japan,JPN,2019,67.984695,18.87755,13.137755,18.232557,78.4,-0.7
Japan,JPN,2020,66.75031,16.938519,16.311167,18.534883,79.7,1.3
Japan,JPN,2021,66.666664,16.981133,16.352201,18.534883,79.7,0
Japan,JPN,2022,66.666664,16.981133,16.352201,18.534883,79.7,0
Jordan,JOR,1990,74.94331,20.294785,4.7619047,122.43402,0.835,
Jordan,JOR,1991,74.91962,21.061092,4.019293,129.84918,0.8855714,0.0506
Jordan,JOR,1992,74.89838,21.747967,3.3536584,137.26434,0.93614286,0.0506
Jordan,JOR,1993,73.977936,22.543802,3.4782608,133.8474,0.9128393,-0.0233
Jordan,JOR,1994,73.016716,23.3749,3.6083841,130.6284,0.8908857,-0.022
Jordan,JOR,1995,72.01194,24.243658,3.7444038,127.40941,0.8689321,-0.022
Jordan,JOR,1996,70.96058,25.152693,3.8867295,124.19041,0.84697855,-0.022
Jordan,JOR,1997,69.859314,26.104874,4.035811,120.971405,0.825025,-0.022
Jordan,JOR,1998,68.70451,27.103348,4.1921396,117.77126,0.8032,-0.0218
Jordan,JOR,1999,67.492165,28.151573,4.3562584,113.54472,0.774375,-0.0288
Jordan,JOR,2000,66.21787,29.253366,4.528764,109.318184,0.74555,-0.0288
Jordan,JOR,2001,63.577023,32.114883,4.308094,102.36175,0.6981071,-0.0474
Jordan,JOR,2002,64.38356,31.008717,4.607721,108.30855,0.73866427,0.0406
Jordan,JOR,2003,62.93532,32.587063,4.477612,108.976746,0.7432214,0.0046
Jordan,JOR,2004,62.90698,32.67442,4.418605,117.709465,0.80277854,0.0596
Jordan,JOR,2005,64.95908,30.959719,4.0811987,127.0088,0.8662,0.0634
Jordan,JOR,2006,64.12214,31.733915,4.1439476,134.45747,0.917,0.0508
Jordan,JOR,2007,63.197426,31.545065,5.2575107,136.65689,0.932,0.015
Jordan,JOR,2008,61.853447,33.943966,4.202586,136.07039,0.928,-0.004
Jordan,JOR,2009,57.937428,37.775204,4.2873697,126.53959,0.863,-0.065
Jordan,JOR,2010,56.103024,39.417694,4.4792833,130.93842,0.893,0.03
Jordan,JOR,2011,56.93471,38.59415,4.471138,116.715546,0.796,-0.097
Jordan,JOR,2012,54.41696,41.696114,3.8869257,124.4868,0.849,0.053
Jordan,JOR,2013,53.385128,42.28635,4.3285236,132.11143,0.901,0.052
Jordan,JOR,2014,53.46767,41.475105,5.057224,142.19942,0.9698,0.0688
Jordan,JOR,2015,51.032566,45.27403,3.6934075,127.302055,0.8682,-0.1016
Jordan,JOR,2016,53.127094,43.760178,3.1127286,132.49268,0.9036,0.0354
Jordan,JOR,2017,52.372818,44.580486,3.0466971,132.97653,0.9069,0.0033
Jordan,JOR,2018,52.248234,44.54664,3.2051282,135.33725,0.923,0.0161
Jordan,JOR,2019,51.64546,45.016563,3.3379796,138.0997,0.94184,0.0188
Jordan,JOR,2020,51.64546,45.016563,3.3379796,140.39883,0.95752,0.0157
Jordan,JOR,2021,51.64546,45.016563,3.3379796,135.7214,0.92562,-0.0319
Jordan,JOR,2022,51.64546,45.016563,3.3379796,139.27713,0.94987,0.0242
Kazakhstan,KAZ,1993,80.94377,1.7308189,17.32541,51.656567,33.241,
Kazakhstan,KAZ,1994,81.17063,1.7311397,17.098234,50.749027,32.657,-0.584
Kazakhstan,KAZ,1995,81.405365,1.7314603,16.863176,49.84149,32.073,-0.584
Kazakhstan,KAZ,1996,79.41626,2.894287,17.689451,45.90396,29.5392,-2.5338
Kazakhstan,KAZ,1997,77.07475,4.2631297,18.662117,41.966434,27.0054,-2.5338
Kazakhstan,KAZ,1998,74.27808,5.8980575,19.823856,38.028904,24.4716,-2.5338
Kazakhstan,KAZ,1999,70.87926,7.8850093,21.235735,34.091373,21.9378,-2.5338
Kazakhstan,KAZ,2000,66.66032,10.351395,22.988287,32.632477,20.999,-0.9388
Kazakhstan,KAZ,2001,67.24585,10.242872,22.51128,32.37762,20.835,-0.164
Kazakhstan,KAZ,2002,68.13078,10.262283,21.606934,34.587414,22.257,1.422
Kazakhstan,KAZ,2003,68.32136,10.333116,21.345526,35.6892,22.966,0.709
Kazakhstan,KAZ,2004,68.89697,9.867197,21.235832,36.731934,23.637,0.671
Kazakhstan,KAZ,2005,71.27012,9.712419,19.017464,38.526806,24.792,1.155
Kazakhstan,KAZ,2006,62.929493,11.983432,25.087074,33.011654,21.243,-3.549
Kazakhstan,KAZ,2007,63.396027,11.144724,25.459248,35.457653,22.817,1.574
Kazakhstan,KAZ,2008,58.915485,12.799218,28.285295,31.810411,20.47,-2.347
Kazakhstan,KAZ,2009,60.62294,11.753238,27.623821,37.076923,23.859,3.389
Kazakhstan,KAZ,2010,59.12737,12.644354,28.22828,34.18182,21.996,-1.863
Kazakhstan,KAZ,2011,59.69741,11.5156765,28.786913,33.250973,21.397,-0.599
Kazakhstan,KAZ,2012,58.380856,11.624755,29.99439,35.10956,22.593,1.196
Kazakhstan,KAZ,2013,60.76073,10.154898,29.084373,35.905205,23.105,0.512
Kazakhstan,KAZ,2014,57.80397,10.200191,31.99584,35.869465,23.082,-0.023
Kazakhstan,KAZ,2015,61.066235,10.685437,28.248327,33.653458,21.656,-1.426
Kazakhstan,KAZ,2016,61.049046,9.946426,29.004526,33.61461,21.631,-0.025
Kazakhstan,KAZ,2017,61.837963,9.598789,28.56325,34.89044,22.452,0.821
Kazakhstan,KAZ,2018,63.579987,15.444737,20.975279,36.584305,23.542,1.09
Kazakhstan,KAZ,2019,66.80487,16.27602,16.919106,36.5439,23.516,-0.026
Kazakhstan,KAZ,2020,62.109295,19.572897,18.317806,38.205128,24.585,1.069
Kazakhstan,KAZ,2021,59.569813,16.26362,24.166565,38.099457,24.517,-0.068
Kazakhstan,KAZ,2022,56.747295,19.40245,23.850254,38.797203,24.966,0.449
Kenya,KEN,1990,76.42753,19.66813,3.9043436,9.898551,2.049,
Kenya,KEN,1991,75.51652,20.40675,4.076735,9.662282,2.0000923,-0.0489
Kenya,KEN,1992,74.55983,21.182398,4.2577686,9.426013,1.9511846,-0.0489
Kenya,KEN,1993,73.55396,21.99793,4.4481106,9.189744,1.9022769,-0.0489
Kenya,KEN,1994,72.494995,22.856503,4.648499,8.953475,1.8533692,-0.0489
Kenya,KEN,1995,71.37863,23.761616,4.8597493,8.717205,1.8044616,-0.0489
Kenya,KEN,1996,70.200066,24.717161,5.0827703,8.480936,1.7555538,-0.0489
Kenya,KEN,1997,68.95396,25.727472,5.3185735,8.244667,1.7066462,-0.0489
Kenya,KEN,1998,67.634315,26.797398,5.56829,8.008398,1.6577384,-0.0489
Kenya,KEN,1999,66.234436,27.932373,5.83319,7.7721295,1.6088308,-0.0489
Kenya,KEN,2000,64.74678,29.138517,6.1147,7.53586,1.559923,-0.0489
Kenya,KEN,2001,69.30343,25.351397,5.345174,8.759817,1.813282,0.2534
Kenya,KEN,2002,72.742836,22.492834,4.764327,9.983773,2.066641,0.2534
Kenya,KEN,2003,75.43104,20.258621,4.3103447,11.207729,2.32,0.2534
Kenya,KEN,2004,72.39468,23.374956,4.2303653,11.827467,2.4482858,0.1283
Kenya,KEN,2005,69.660675,26.180971,4.15835,12.447205,2.5765715,0.1283
Kenya,KEN,2006,67.18601,28.72082,4.093166,13.066943,2.704857,0.1283
Kenya,KEN,2007,64.935455,31.030657,4.0338845,13.686681,2.8331428,0.1283
Kenya,KEN,2008,62.879883,33.140377,3.9797394,14.306418,2.9614286,0.1283
Kenya,KEN,2009,60.995007,35.0749,3.9300907,14.926156,3.0897143,0.1283
Kenya,KEN,2010,59.26041,36.85519,3.8844004,15.545894,3.218,0.1283
Kenya,KEN,2011,59.26041,36.85519,3.8844004,15.547826,3.2184,0.0004
Kenya,KEN,2012,59.26041,36.85519,3.8844004,15.549759,3.2188,0.0004
Kenya,KEN,2013,59.26041,36.85519,3.8844004,15.551691,3.2192,0.0004
Kenya,KEN,2014,59.26041,36.85519,3.8844004,15.553623,3.2196,0.0004
Kenya,KEN,2015,59.26041,36.85519,3.8844004,15.555555,3.22,0.0004
Kenya,KEN,2016,80.208336,12.276786,7.514881,19.47826,4.032,0.812
Kenya,KEN,2017,80.208336,12.276786,7.514881,19.47826,4.032,0
Kenya,KEN,2018,80.208336,12.276786,7.514881,19.47826,4.032,0
Kenya,KEN,2019,80.208336,12.276786,7.514881,19.47826,4.032,0
Kenya,KEN,2020,80.208336,12.276786,7.514881,19.47826,4.032,0
Kenya,KEN,2021,80.208336,12.276786,7.514881,19.47826,4.032,0
Kenya,KEN,2022,80.208336,12.276786,7.514881,19.47826,4.032,0
"Korea, Dem. People's Rep.",PRK,2000,77.25934,10.023844,12.716817,12.769552,8.5556,
"Korea, Dem. People's Rep.",PRK,2001,77.0752,10.105363,12.819436,12.800059,8.57604,0.0204
"Korea, Dem. People's Rep.",PRK,2002,76.89194,10.186495,12.921568,12.830567,8.59648,0.0204
"Korea, Dem. People's Rep.",PRK,2003,76.70954,10.2672415,13.023214,12.861074,8.61692,0.0204
"Korea, Dem. People's Rep.",PRK,2004,76.528015,10.347607,13.124381,12.8915825,8.63736,0.0204
"Korea, Dem. People's Rep.",PRK,2005,76.34734,10.427591,13.225069,12.92209,8.6578,0.0204
"Korea, Dem. People's Rep.",PRK,2006,76.34734,10.427591,13.225069,12.92209,8.6578,0
"Korea, Dem. People's Rep.",PRK,2007,76.34734,10.427591,13.225069,12.92209,8.6578,0
"Korea, Dem. People's Rep.",PRK,2008,76.34734,10.427591,13.225069,12.92209,8.6578,0
"Korea, Dem. People's Rep.",PRK,2009,76.34734,10.427591,13.225069,12.92209,8.6578,0
"Korea, Dem. People's Rep.",PRK,2010,76.34734,10.427591,13.225069,12.92209,8.6578,0
"Korea, Dem. People's Rep.",PRK,2011,76.34734,10.427591,13.225069,12.92209,8.6578,0
"Korea, Dem. People's Rep.",PRK,2012,76.34734,10.427591,13.225069,12.92209,8.6578,0
"Korea, Dem. People's Rep.",PRK,2013,76.34734,10.427591,13.225069,12.92209,8.6578,0
"Korea, Dem. People's Rep.",PRK,2014,76.34734,10.427591,13.225069,12.92209,8.6578,0
"Korea, Dem. People's Rep.",PRK,2015,76.34734,10.427591,13.225069,12.92209,8.6578,0
"Korea, Dem. People's Rep.",PRK,2016,76.34734,10.427591,13.225069,12.92209,8.6578,0
"Korea, Dem. People's Rep.",PRK,2017,76.34734,10.427591,13.225069,12.92209,8.6578,0
"Korea, Dem. People's Rep.",PRK,2018,76.34734,10.427591,13.225069,12.92209,8.6578,0
"Korea, Dem. People's Rep.",PRK,2019,76.34734,10.427591,13.225069,12.92209,8.6578,0
"Korea, Dem. People's Rep.",PRK,2020,76.34734,10.427591,13.225069,12.92209,8.6578,0
"Korea, Dem. People's Rep.",PRK,2021,76.34734,10.427591,13.225069,12.92209,8.6578,0
"Korea, Dem. People's Rep.",PRK,2022,76.34734,10.427591,13.225069,12.92209,8.6578,0
"Korea, Rep.",KOR,1990,68.546425,21.730677,9.722898,31.719353,20.57,
"Korea, Rep.",KOR,1991,67.15352,22.597467,10.249015,32.792156,21.265715,0.6957
"Korea, Rep.",KOR,1992,65.85271,23.406946,10.740344,33.864964,21.961428,0.6957
"Korea, Rep.",KOR,1993,64.63516,24.164614,11.200226,34.937767,22.657143,0.6957
"Korea, Rep.",KOR,1994,63.493126,24.875288,11.631585,36.010574,23.352858,0.6957
"Korea, Rep.",KOR,1995,62.301712,25.62347,12.074817,37.083378,24.04857,0.6957
"Korea, Rep.",KOR,1996,61.17301,26.33227,12.494717,38.156185,24.744286,0.6957
"Korea, Rep.",KOR,1997,60.1022,27.004717,12.893082,39.22899,25.44,0.6957
"Korea, Rep.",KOR,1998,61.158966,25.247576,13.59346,40.37872,26.1856,0.7456
"Korea, Rep.",KOR,1999,61.52709,23.953566,14.519347,41.52845,26.9312,0.7456
"Korea, Rep.",KOR,2000,61.896263,22.655855,15.44788,42.67818,27.6768,0.7456
"Korea, Rep.",KOR,2001,58.345467,26.30688,15.347652,43.82791,28.4224,0.7456
"Korea, Rep.",KOR,2002,55.20694,29.533998,15.259061,44.977642,29.168,0.7456
"Korea, Rep.",KOR,2003,56.07871,28.285313,15.635981,44.992546,29.177668,0.0097
"Korea, Rep.",KOR,2004,57.210453,26.83801,15.951536,45.007454,29.187334,0.0097
"Korea, Rep.",KOR,2005,54.657536,23.712328,15.239726,45.022358,29.197,0.0097
"Korea, Rep.",KOR,2006,58.299713,25.44504,16.255245,45.022358,29.197,0
"Korea, Rep.",KOR,2007,58.21088,25.558645,16.230476,45.022358,29.197,0
"Korea, Rep.",KOR,2008,58.122314,25.671904,16.205784,45.022358,29.197,0
"Korea, Rep.",KOR,2009,58.03402,25.784817,16.181164,45.022358,29.197,0
"Korea, Rep.",KOR,2010,57.94599,25.897388,16.15662,45.022358,29.197,0
"Korea, Rep.",KOR,2011,57.85823,26.009619,16.13215,45.022358,29.197,0
"Korea, Rep.",KOR,2012,57.770737,26.12151,16.107756,45.022358,29.197,0
"Korea, Rep.",KOR,2013,57.683502,26.233063,16.083433,45.022358,29.197,0
"Korea, Rep.",KOR,2014,57.596535,26.34428,16.059185,45.022358,29.197,0
"Korea, Rep.",KOR,2015,59.194424,24.300867,16.504711,45.022358,29.197,0
"Korea, Rep.",KOR,2016,58.932133,24.63629,16.431578,45.022358,29.197,0
"Korea, Rep.",KOR,2017,58.932133,24.63629,16.431578,45.022358,29.197,0
"Korea, Rep.",KOR,2018,58.932133,24.63629,16.431578,45.022358,29.197,0
"Korea, Rep.",KOR,2019,58.932133,24.63629,16.431578,45.022358,29.197,0
"Korea, Rep.",KOR,2020,58.932133,24.63629,16.431578,45.022358,29.197,0
"Korea, Rep.",KOR,2021,58.932133,24.63629,16.431578,45.022358,29.197,0
"Korea, Rep.",KOR,2022,58.932133,24.63629,16.431578,45.022358,29.197,0
Kuwait,KWT,1993,60.22305,37.360596,2.4163568,,0.307,
Kuwait,KWT,1994,57.540085,39.879745,2.5801704,,0.25906348,-0.0479
Kuwait,KWT,1995,56.633415,40.730633,2.635953,,0.27711448,0.0181
Kuwait,KWT,1996,55.85425,41.46186,2.6838906,,0.29516548,0.0181
Kuwait,KWT,1997,55.177464,42.097008,2.7255297,,0.31321648,0.0181
Kuwait,KWT,1998,54.584118,42.653847,2.762035,,0.33126745,0.0181
Kuwait,KWT,1999,54.05968,43.14602,2.7943006,,0.35681844,0.0256
Kuwait,KWT,2000,53.592804,43.58417,2.823025,,0.38236946,0.0256
Kuwait,KWT,2001,53.734898,43.726196,2.5389037,,0.3986847,0.0163
Kuwait,KWT,2002,53.86553,43.856766,2.2777047,,0.415,0.0163
Kuwait,KWT,2003,53.644745,44.066063,2.289192,,0.43536922,0.0204
Kuwait,KWT,2004,53.438347,44.261723,2.2999308,,0.45573846,0.0204
Kuwait,KWT,2005,53.244972,44.445038,2.3099918,,0.4761077,0.0204
Kuwait,KWT,2006,53.932507,43.79147,2.2760231,,0.49647692,0.0204
Kuwait,KWT,2007,54.600117,43.15684,2.2430391,,0.5168462,0.0204
Kuwait,KWT,2008,55.248653,42.540348,2.2109973,,0.5372154,0.0204
Kuwait,KWT,2009,55.878925,41.94122,2.179858,,0.55758464,0.0204
Kuwait,KWT,2010,56.491688,41.35873,2.1495838,,0.5779539,0.0204
Kuwait,KWT,2011,57.08766,40.7922,2.120139,,0.5983231,0.0204
Kuwait,KWT,2012,57.66753,40.240982,2.0914898,,0.6186923,0.0204
Kuwait,KWT,2013,58.231937,39.70446,2.0636046,,0.6390615,0.0204
Kuwait,KWT,2014,58.78149,39.182056,2.036453,,0.65943074,0.0204
Kuwait,KWT,2015,59.31677,38.67322,2.010007,,0.6798,0.0204
Kuwait,KWT,2016,60.50913,37.539776,1.951097,,0.715,0.0352
Kuwait,KWT,2017,62.272,35.864,1.864,,0.7701,0.0551
Kuwait,KWT,2018,62.272,35.864,1.864,,0.7701,0
Kuwait,KWT,2019,62.272,35.864,1.864,,0.7701,0
Kuwait,KWT,2020,62.272,35.864,1.864,,0.7701,0
Kuwait,KWT,2021,62.272,35.864,1.864,,0.7701,0
Kuwait,KWT,2022,62.272,35.864,1.864,,0.7701,0
Kyrgyz Republic,KGZ,1994,94.15031,2.9843347,2.8653579,20.008175,9.79,
Kyrgyz Republic,KGZ,1995,94.08359,3.016046,2.9003644,20.106955,9.838333,0.0483
Kyrgyz Republic,KGZ,1996,94.01687,3.0477576,2.935371,20.205736,9.886666,0.0483
Kyrgyz Republic,KGZ,1997,93.95016,3.079469,2.9703774,20.304516,9.935,0.0483
Kyrgyz Republic,KGZ,1998,93.88344,3.1111803,3.005384,20.403297,9.983334,0.0483
Kyrgyz Republic,KGZ,1999,93.81672,3.142892,3.0403903,20.502077,10.031667,0.0483
Kyrgyz Republic,KGZ,2000,93.75,3.1746032,3.0753968,20.600859,10.08,0.0483
Kyrgyz Republic,KGZ,2001,93.64802,3.1229134,3.229065,19.79256,9.6845,-0.3955
Kyrgyz Republic,KGZ,2002,93.538536,3.0674193,3.3940427,18.984262,9.289,-0.3955
Kyrgyz Republic,KGZ,2003,93.42069,3.0076852,3.571626,18.175966,8.8935,-0.3955
Kyrgyz Republic,KGZ,2004,93.29348,2.9432054,3.7633173,17.367668,8.498,-0.3955
Kyrgyz Republic,KGZ,2005,93.15574,2.8733912,3.970867,16.55937,8.1025,-0.3955
Kyrgyz Republic,KGZ,2006,93.00612,2.797552,4.196328,15.751073,7.707,-0.3955
Kyrgyz Republic,KGZ,2007,92.94497,2.8220117,4.2330174,15.751073,7.707,0
Kyrgyz Republic,KGZ,2008,92.882744,2.8469026,4.2703543,15.751073,7.707,0
Kyrgyz Republic,KGZ,2009,92.819405,2.8722367,4.3083553,15.751073,7.707,0
Kyrgyz Republic,KGZ,2010,92.75494,2.8980258,4.3470387,15.751073,7.707,0
Kyrgyz Republic,KGZ,2011,92.68929,2.924282,4.386423,15.751073,7.707,0
Kyrgyz Republic,KGZ,2012,92.68929,2.924282,4.386423,15.751073,7.707,0
Kyrgyz Republic,KGZ,2013,92.68929,2.924282,4.386423,15.751073,7.707,0
Kyrgyz Republic,KGZ,2014,92.68929,2.924282,4.386423,15.751073,7.707,0
Kyrgyz Republic,KGZ,2015,92.68929,2.924282,4.386423,15.751073,7.707,0
Kyrgyz Republic,KGZ,2016,92.68929,2.924282,4.386423,15.751073,7.707,0
Kyrgyz Republic,KGZ,2017,92.68929,2.924282,4.386423,15.751073,7.707,0
Kyrgyz Republic,KGZ,2018,92.68929,2.924282,4.386423,15.751073,7.707,0
Kyrgyz Republic,KGZ,2019,92.68929,2.924282,4.386423,15.751073,7.707,0
Kyrgyz Republic,KGZ,2020,92.68929,2.924282,4.386423,15.751073,7.707,0
Kyrgyz Republic,KGZ,2021,92.68929,2.924282,4.386423,15.751073,7.707,0
Kyrgyz Republic,KGZ,2022,92.68929,2.924282,4.386423,15.751073,7.707,0
Lao PDR,LAO,2005,91.41139,3.7217293,4.8668766,1.8345588,3.493,
Lao PDR,LAO,2006,92.39736,3.2944753,4.3081603,2.072479,3.946,0.453
Lao PDR,LAO,2007,93.18027,2.9552171,3.8645146,2.310399,4.399,0.453
Lao PDR,LAO,2008,93.816986,2.6793075,3.5037098,2.5483193,4.852,0.453
Lao PDR,LAO,2009,94.344955,2.4505184,3.204524,2.7862394,5.305,0.453
Lao PDR,LAO,2010,94.789856,2.2577283,2.952414,3.0241597,5.758,0.453
Lao PDR,LAO,2011,95.16986,2.0930607,2.7370794,3.2620797,6.211,0.453
Lao PDR,LAO,2012,95.4982,1.9507803,2.5510204,3.5,6.664,0.453
Lao PDR,LAO,2013,95.784744,1.8266124,2.3886468,3.7379203,7.117,0.453
Lao PDR,LAO,2014,96.03699,1.7173052,2.2457068,3.9758403,7.57,0.453
Lao PDR,LAO,2015,96.178345,1.6560509,2.165605,4.122899,7.85,0.28
Lao PDR,LAO,2016,96.08355,1.6971279,2.2193213,4.0231094,7.66,-0.19
Lao PDR,LAO,2017,95.90164,1.7759563,2.3224044,3.8445377,7.32,-0.34
Lao PDR,LAO,2018,95.90164,1.7759563,2.3224044,3.8445377,7.32,0
Lao PDR,LAO,2019,95.918365,1.7687075,2.312925,3.860294,7.35,0.03
Lao PDR,LAO,2020,95.918365,1.7687075,2.312925,3.860294,7.35,0
Lao PDR,LAO,2021,95.918365,1.7687075,2.312925,3.860294,7.35,0
Lao PDR,LAO,2022,95.918365,1.7687075,2.312925,3.860294,7.35,0
Late-demographic dividend,LTE,2014,65.55441,12.9899,21.46178,5.813747,1062.9402,
Late-demographic dividend,LTE,2015,66.05097,13.313719,20.65736,5.7623487,1053.5707,-9.3695
Late-demographic dividend,LTE,2016,65.25532,14.847797,20.084993,5.8722277,1073.6794,20.1088
Late-demographic dividend,LTE,2017,65.37589,15.170698,19.457296,5.8296323,1065.9529,-7.7266
Late-demographic dividend,LTE,2018,64.88727,15.77626,18.916864,5.823875,1064.9011,-1.0518
Late-demographic dividend,LTE,2019,65.19781,16.38002,18.328196,5.883325,1075.762,10.8608
Late-demographic dividend,LTE,2020,65.85126,17.252817,16.891376,5.701669,1042.5754,-33.1865
Late-demographic dividend,LTE,2021,65.78183,17.241117,16.906166,5.718465,1045.6438,3.0684
Latin America & Caribbean,LCN,2014,72.93773,15.833564,11.22871,2.513855,348.59644,
Latin America & Caribbean,LCN,2015,73.20157,15.891172,10.906972,2.5405974,352.30478,3.7083
Latin America & Caribbean,LCN,2016,74.62511,15.466855,10.556017,2.598029,360.26883,7.964
Latin America & Caribbean,LCN,2017,74.91417,15.853647,9.2308855,2.6130087,362.34607,2.0772
Latin America & Caribbean,LCN,2018,74.86445,15.332805,8.984106,2.6444547,366.7067,4.3606
Latin America & Caribbean,LCN,2019,75.67398,15.438893,8.854605,2.6691651,370.1333,3.4266
Latin America & Caribbean,LCN,2020,75.49968,15.545428,8.915787,2.6734629,370.72925,0.5959
Latin America & Caribbean,LCN,2021,75.429474,15.616235,8.954025,2.685644,372.4184,1.6891
Latin America & Caribbean (excluding high income),LAC,2014,71.00469,16.560051,12.435256,2.4193127,280.23163,
Latin America & Caribbean (excluding high income),LAC,2015,71.24855,16.614325,12.136773,2.4472518,283.46786,3.2362
Latin America & Caribbean (excluding high income),LAC,2016,72.937485,16.093225,11.769473,2.5186942,291.7431,8.2752
Latin America & Caribbean (excluding high income),LAC,2017,73.232445,16.656342,10.113016,2.5407948,294.30307,2.56
Latin America & Caribbean (excluding high income),LAC,2018,73.31454,15.863924,9.814327,2.5731435,298.05002,3.7469
Latin America & Caribbean (excluding high income),LAC,2019,74.35526,15.956289,9.648508,2.601997,301.39218,3.3422
Latin America & Caribbean (excluding high income),LAC,2020,74.14187,16.089361,9.720766,2.6071596,301.99017,0.598
Latin America & Caribbean (excluding high income),LAC,2021,74.13329,16.097315,9.769062,2.6190596,303.36856,1.3784
Latin America & the Caribbean (IDA & IBRD countries),TLA,2014,73.286514,15.6366625,11.076823,2.4652026,340.73502,
Latin America & the Caribbean (IDA & IBRD countries),TLA,2015,73.54563,15.697338,10.756737,2.4922378,344.4718,3.7368
Latin America & the Caribbean (IDA & IBRD countries),TLA,2016,74.993034,15.26797,10.401377,2.5498574,352.43582,7.964
Latin America & the Caribbean (IDA & IBRD countries),TLA,2017,75.28633,15.664474,9.047872,2.564886,354.51306,2.0772
Latin America & the Caribbean (IDA & IBRD countries),TLA,2018,75.231,15.1345625,8.797931,2.596435,358.8737,4.3606
Latin America & the Caribbean (IDA & IBRD countries),TLA,2019,76.054565,15.24482,8.66739,2.6212263,362.3003,3.4266
Latin America & the Caribbean (IDA & IBRD countries),TLA,2020,75.87588,15.353972,8.7302,2.625538,362.89624,0.5959
Latin America & the Caribbean (IDA & IBRD countries),TLA,2021,75.80242,15.427187,8.77012,2.637759,364.5854,1.6891
Latvia,LVA,1995,8.61244,,,2.3977962,0.40618667,
Latvia,LVA,1996,9.744239,,,2.2613537,0.38307333,-0.0231
Latvia,LVA,1997,11.016676,,,2.1249115,0.35996,-0.0231
Latvia,LVA,1998,12.4577,,,1.9884691,0.33684668,-0.0231
Latvia,LVA,1999,14.103194,,,1.8520267,0.31373334,-0.0231
Latvia,LVA,2000,16,,,1.7155844,0.29062,-0.0231
Latvia,LVA,2001,16.678596,,,1.5791421,0.26750666,-0.0231
Latvia,LVA,2002,20.756926,,,1.4433295,0.2445,-0.023
Latvia,LVA,2003,21.071257,,,1.3985833,0.23692,-0.0076
Latvia,LVA,2004,17.298597,,,1.353837,0.22934,-0.0076
Latvia,LVA,2005,21.889994,,,1.3090909,0.22176,-0.0076
Latvia,LVA,2006,22.185812,,,1.2643447,0.21418,-0.0076
Latvia,LVA,2007,23.189734,57.286892,19.523373,1.2195985,0.2066,-0.0076
Latvia,LVA,2008,21.465137,58.526035,20.008825,1.3506494,0.2288,0.0222
Latvia,LVA,2009,19.86383,59.676598,20.459574,2.331169,0.3949,0.1661
Latvia,LVA,2010,18.373049,60.74774,20.879211,1.6245573,0.2752,-0.1197
Latvia,LVA,2011,16.981731,61.747417,21.27085,2.1788666,0.3691,0.0939
Latvia,LVA,2012,15.680246,62.682552,21.637201,1.4651712,0.2482,-0.1209
Latvia,LVA,2013,14.6489105,64.28571,21.065374,1.3931524,0.236,-0.0122
Latvia,LVA,2014,21.997622,56.183117,21.819263,0.99468714,0.1685,-0.0675
Latvia,LVA,2015,27.818697,52.351276,19.830029,1.0430933,0.1767,0.0082
Latvia,LVA,2016,31.260447,47.089516,18.609201,1.0971539,0.18585786,0.0092
Latvia,LVA,2017,31.15609,48.6107,20.23321,1.069171,0.18111756,-0.0047
Latvia,LVA,2018,29.928715,49.610306,21.505436,1.0823436,0.183349,0.0022
Latvia,LVA,2019,29.74657,49.84353,20.4099,1.0544806,0.178629,-0.0047
Latvia,LVA,2020,30.53126,52.623184,16.845556,1.0697225,0.181211,0.0026
Latvia,LVA,2021,28.73787,52.678234,18.575224,1.088843,0.18445,0.0032
Latvia,LVA,2022,29.070293,53.35279,17.576914,1.0173199,0.172334,-0.0121
Least developed countries: UN classification,LDC,2014,90.61702,7.6232295,1.7597494,4.395753,196.23529,
Least developed countries: UN classification,LDC,2015,90.6348,7.615,1.7501986,4.4145417,197.07407,0.8388
Least developed countries: UN classification,LDC,2016,90.62372,7.627273,1.7480425,4.417859,197.22217,0.1481
Least developed countries: UN classification,LDC,2017,90.59111,7.6580048,1.7508842,4.4079223,196.77855,-0.4436
Least developed countries: UN classification,LDC,2018,90.65134,7.6101193,1.7385454,4.440416,198.22914,1.4506
Least developed countries: UN classification,LDC,2019,90.64903,7.6092978,1.7366315,4.4460716,198.48161,0.2525
Least developed countries: UN classification,LDC,2020,90.65215,7.611131,1.7367111,4.4460716,198.48161,0
Least developed countries: UN classification,LDC,2021,90.649536,7.6092978,1.7366315,4.4460716,198.48161,0
Lebanon,LBN,1990,69.98973,26.126167,3.8841019,24.560307,1.1788948,
Lebanon,LBN,1991,69.369255,26.751232,3.879517,25.112938,1.2054211,0.0265
Lebanon,LBN,1992,68.77741,27.347443,3.8751438,25.711622,1.2341579,0.0287
Lebanon,LBN,1993,68.21228,27.916754,3.8709676,26.301535,1.2624737,0.0283
Lebanon,LBN,1994,67.67208,28.460943,3.866976,26.895834,1.291,0.0285
Lebanon,LBN,1995,67.04229,28.793365,4.1643453,27.381945,1.3143333,0.0233
Lebanon,LBN,1996,66.43443,29.114208,4.451356,27.868055,1.3376666,0.0233
Lebanon,LBN,1997,65.8474,29.424065,4.72854,28.354166,1.361,0.0233
Lebanon,LBN,1998,65.28011,29.723492,4.996393,28.840279,1.3843334,0.0233
Lebanon,LBN,1999,64.73161,30.013006,5.2553797,29.32639,1.4076667,0.0233
Lebanon,LBN,2000,64.20097,30.29309,5.5059314,26.375,1.266,-0.1417
Lebanon,LBN,2001,63.334282,30.053963,6.611758,25.8625,1.2414,-0.0246
Lebanon,LBN,2002,62.436768,29.80633,7.7569013,25.35,1.2168,-0.0246
Lebanon,LBN,2003,61.506767,29.549736,8.943496,24.8375,1.1922,-0.0246
Lebanon,LBN,2004,60.542484,29.28368,10.173835,24.325,1.1676,-0.0246
Lebanon,LBN,2005,59.541985,29.007633,11.450381,22.833334,1.096,-0.0716
Lebanon,LBN,2006,56.639767,26.852531,16.507704,24.325,1.1676,0.0716
Lebanon,LBN,2007,53.954803,24.858757,21.186441,25.816668,1.2392,0.0716
Lebanon,LBN,2008,51.46358,23.00885,25.52757,27.308332,1.3108,0.0716
Lebanon,LBN,2009,49.145863,21.287779,29.56636,28.8,1.3824,0.0716
Lebanon,LBN,2010,46.984127,19.682539,33.333332,30.291666,1.454,0.0716
Lebanon,LBN,2011,44.963146,18.181818,36.855038,31.783333,1.5256,0.0716
Lebanon,LBN,2012,43.069603,16.775728,40.15467,33.275,1.5972,0.0716
Lebanon,LBN,2013,41.29181,15.455594,43.252594,34.766666,1.6688,0.0716
Lebanon,LBN,2014,39.619473,14.213766,46.16676,36.258335,1.7404,0.0716
Lebanon,LBN,2015,38.04348,13.043478,48.913044,37.75,1.812,0.0716
Lebanon,LBN,2016,38.04348,13.043478,48.913044,37.75,1.812,0
Lebanon,LBN,2017,38.04348,13.043478,48.913044,37.75,1.812,0
Lebanon,LBN,2018,38.04348,13.043478,48.913044,37.75,1.812,0
Lebanon,LBN,2019,38.04348,13.043478,48.913044,37.75,1.812,0
Lebanon,LBN,2020,38.04348,13.043478,48.913044,37.75,1.812,0
Lebanon,LBN,2021,38.04348,13.043478,48.913044,37.75,1.812,0
Lebanon,LBN,2022,38.04348,13.043478,48.913044,37.75,1.812,0
Lesotho,LSO,1990,45.630447,27.184776,27.184776,0.9197676,0.048103847,
Lesotho,LSO,1991,41.989845,29.005077,29.005077,0.9076825,0.047471795,-0.0006
Lesotho,LSO,1992,38.25099,30.874504,30.874504,0.8955974,0.046839744,-0.0006
Lesotho,LSO,1993,34.409855,32.79507,32.79507,0.88351226,0.046207692,-0.0006
Lesotho,LSO,1994,30.46218,34.76891,34.76891,0.8714272,0.04557564,-0.0006
Lesotho,LSO,1995,26.40347,36.798267,36.798267,0.85934204,0.04494359,-0.0006
Lesotho,LSO,1996,22.228973,38.885513,38.885513,0.84725696,0.04431154,-0.0006
Lesotho,LSO,1997,17.933666,41.03317,41.03317,0.8351718,0.043679487,-0.0006
Lesotho,LSO,1998,13.512226,43.24389,43.24389,0.82308674,0.043047436,-0.0006
Lesotho,LSO,1999,8.959013,45.520493,45.520493,0.8110016,0.042415384,-0.0006
Lesotho,LSO,2000,8.675799,45.6621,45.6621,0.8374761,0.0438,0.0014
Lesotho,LSO,2001,8.675799,45.6621,45.6621,0.8374761,0.0438,0
Lesotho,LSO,2002,8.675799,45.6621,45.6621,0.8374761,0.0438,0
Lesotho,LSO,2003,8.675799,45.6621,45.6621,0.8374761,0.0438,0
Lesotho,LSO,2004,8.675799,45.6621,45.6621,0.8374761,0.0438,0
Lesotho,LSO,2005,8.675799,45.6621,45.6621,0.8374761,0.0438,0
Lesotho,LSO,2006,8.675799,45.6621,45.6621,0.8374761,0.0438,0
Lesotho,LSO,2007,8.675799,45.6621,45.6621,0.8374761,0.0438,0
Lesotho,LSO,2008,8.675799,45.6621,45.6621,0.8374761,0.0438,0
Lesotho,LSO,2009,8.675799,45.6621,45.6621,0.8374761,0.0438,0
Lesotho,LSO,2010,8.675799,45.6621,45.6621,0.8374761,0.0438,0
Lesotho,LSO,2011,8.675799,45.6621,45.6621,0.8374761,0.0438,0
Lesotho,LSO,2012,8.675799,45.6621,45.6621,0.8374761,0.0438,0
Lesotho,LSO,2013,8.675799,45.6621,45.6621,0.8374761,0.0438,0
Lesotho,LSO,2014,8.675799,45.6621,45.6621,0.8374761,0.0438,0
Lesotho,LSO,2015,8.675799,45.6621,45.6621,0.8374761,0.0438,0
Lesotho,LSO,2016,8.675799,45.6621,45.6621,0.8374761,0.0438,0
Lesotho,LSO,2017,8.675799,45.6621,45.6621,0.8374761,0.0438,0
Lesotho,LSO,2018,8.675799,45.6621,45.6621,0.8374761,0.0438,0
Lesotho,LSO,2019,8.675799,45.6621,45.6621,0.8374761,0.0438,0
Lesotho,LSO,2020,8.675799,45.6621,45.6621,0.8374761,0.0438,0
Lesotho,LSO,2021,8.675799,45.6621,45.6621,0.8374761,0.0438,0
Lesotho,LSO,2022,8.675799,45.6621,45.6621,0.8374761,0.0438,0
Liberia,LBR,1990,48.26873,33.34318,18.388088,0.06509231,0.13018462,
Liberia,LBR,1991,44.3657,35.45358,20.180723,0.065123074,0.13024615,1.00E-04
Liberia,LBR,1992,40.46635,37.561985,21.971664,0.065153845,0.13030769,1.00E-04
Liberia,LBR,1993,36.570686,39.668396,23.760916,0.065184616,0.13036923,1.00E-04
Liberia,LBR,1994,32.6787,41.772823,25.54848,0.06521539,0.13043077,1.00E-04
Liberia,LBR,1995,28.79038,43.875267,27.334354,0.06524616,0.13049231,1.00E-04
Liberia,LBR,1996,24.905727,45.975723,29.118547,0.06527692,0.13055384,1.00E-04
Liberia,LBR,1997,21.024734,48.074203,30.90106,0.06530769,0.13061538,1.00E-04
Liberia,LBR,1998,17.147398,50.170708,32.681892,0.06533846,0.13067693,1.00E-04
Liberia,LBR,1999,13.273711,52.26524,34.46105,0.06536923,0.13073847,1.00E-04
Liberia,LBR,2000,9.403669,54.3578,36.238533,0.0654,0.1308,1.00E-04
Liberia,LBR,2001,9.191451,54.491108,36.31744,0.06691,0.13382,0.003
Liberia,LBR,2002,8.9886,54.618534,36.392868,0.06842,0.13684,0.003
Liberia,LBR,2003,8.794509,54.740456,36.46504,0.06993,0.13986,0.003
Liberia,LBR,2004,8.608623,54.857224,36.534153,0.07144,0.14288,0.003
Liberia,LBR,2005,8.430431,54.96916,36.60041,0.07295,0.1459,0.003
Liberia,LBR,2006,8.430431,54.96916,36.60041,0.07295,0.1459,0
Liberia,LBR,2007,8.430431,54.96916,36.60041,0.07295,0.1459,0
Liberia,LBR,2008,8.430431,54.96916,36.60041,0.07295,0.1459,0
Liberia,LBR,2009,8.430431,54.96916,36.60041,0.07295,0.1459,0
Liberia,LBR,2010,8.430431,54.96916,36.60041,0.07295,0.1459,0
Liberia,LBR,2011,8.430431,54.96916,36.60041,0.07295,0.1459,0
Liberia,LBR,2012,8.430431,54.96916,36.60041,0.07295,0.1459,0
Liberia,LBR,2013,8.430431,54.96916,36.60041,0.07295,0.1459,0
Liberia,LBR,2014,8.430431,54.96916,36.60041,0.07295,0.1459,0
Liberia,LBR,2015,8.430431,54.96916,36.60041,0.07295,0.1459,0
Liberia,LBR,2016,8.430431,54.96916,36.60041,0.07295,0.1459,0
Liberia,LBR,2017,8.430431,54.96916,36.60041,0.07295,0.1459,0
Liberia,LBR,2018,8.430431,54.96916,36.60041,0.07295,0.1459,0
Liberia,LBR,2019,8.430431,54.96916,36.60041,0.07295,0.1459,0
Liberia,LBR,2020,8.430431,54.96916,36.60041,0.07295,0.1459,0
Liberia,LBR,2021,8.430431,54.96916,36.60041,0.07295,0.1459,0
Liberia,LBR,2022,8.430431,54.96916,36.60041,0.07295,0.1459,0
Libya,LBY,1990,89.91597,8.613445,1.4705882,680,4.76,
Libya,LBY,1991,89.194916,9.163136,1.6419492,674.2857,4.72,-0.04
Libya,LBY,1992,88.46154,9.722222,1.8162394,668.5714,4.68,-0.04
Libya,LBY,1993,87.715515,10.290948,1.9935344,662.8571,4.64,-0.04
Libya,LBY,1994,86.95652,10.869565,2.173913,657.1429,4.6,-0.04
Libya,LBY,1995,86.305626,11.381382,2.312989,650.61145,4.55428,-0.0457
Libya,LBY,1996,85.64153,11.903579,2.4548857,644.08,4.50856,-0.0457
Libya,LBY,1997,84.96384,12.436476,2.59969,637.5486,4.46284,-0.0457
Libya,LBY,1998,84.2721,12.980404,2.7474916,628.44574,4.39912,-0.0637
Libya,LBY,1999,83.5659,13.535709,2.898385,621.9143,4.3534,-0.0457
Libya,LBY,2000,82.84789,14.100786,3.0513177,615.4286,4.308,-0.0454
Libya,LBY,2001,82.84789,14.100786,3.0513177,631.95715,4.4237,0.1157
Libya,LBY,2002,82.84789,14.100786,3.0513177,648.4857,4.5394,0.1157
Libya,LBY,2003,82.84789,14.100786,3.0513177,665.0143,4.6551,0.1157
Libya,LBY,2004,82.84789,14.100786,3.0513177,681.54285,4.7708,0.1157
Libya,LBY,2005,82.84789,14.100786,3.0513177,698.0714,4.8865,0.1157
Libya,LBY,2006,82.90488,13.752436,3.342689,715.0816,5.0055714,0.1191
Libya,LBY,2007,82.95881,13.422681,3.6185064,732.09186,5.124643,0.1191
Libya,LBY,2008,83.00995,13.110071,3.8799832,749.10205,5.2437143,0.1191
Libya,LBY,2009,83.05849,12.813304,4.1282096,766.11224,5.362786,0.1191
Libya,LBY,2010,83.10463,12.531204,4.364167,783.12244,5.4818573,0.1191
Libya,LBY,2011,83.148544,12.26271,4.588744,800.1326,5.600929,0.1191
Libya,LBY,2012,83.19039,12.006861,4.8027444,817.1429,5.72,0.1191
Libya,LBY,2013,83.19039,12.006861,4.8027444,817.1429,5.72,0
Libya,LBY,2014,83.19039,12.006861,4.8027444,817.1429,5.72,0
Libya,LBY,2015,83.19039,12.006861,4.8027444,817.1429,5.72,0
Libya,LBY,2016,83.19039,12.006861,4.8027444,817.1429,5.72,0
Libya,LBY,2017,83.19039,12.006861,4.8027444,817.1429,5.72,0
Libya,LBY,2018,83.19039,12.006861,4.8027444,817.1429,5.72,0
Libya,LBY,2019,83.19039,12.006861,4.8027444,817.1429,5.72,0
Libya,LBY,2020,83.19039,12.006861,4.8027444,817.1429,5.72,0
Libya,LBY,2021,83.19039,12.006861,4.8027444,817.1429,5.72,0
Libya,LBY,2022,83.19039,12.006861,4.8027444,817.1429,5.72,0
Lithuania,LTU,1995,0.18382353,4.710478,95.1057,28.119017,4.3472,
Lithuania,LTU,1996,0.2547209,4.886233,94.85905,26.41656,4.084,-0.2632
Lithuania,LTU,1997,0.33562326,5.08679,94.57758,24.714102,3.8208,-0.2632
Lithuania,LTU,1998,0.4288092,5.3177986,94.253395,23.011642,3.5576,-0.2632
Lithuania,LTU,1999,0.53730613,5.586763,93.87593,21.309185,3.2944,-0.2632
Lithuania,LTU,2000,0.6652253,5.903875,93.4309,19.606728,3.0312,-0.2632
Lithuania,LTU,2001,1.9147398,6.213873,91.87138,17.904268,2.768,-0.2632
Lithuania,LTU,2002,2.6438882,6.391002,90.96511,17.24515,2.6661,-0.1019
Lithuania,LTU,2003,3.477432,6.593492,89.92908,16.58603,2.5642,-0.1019
Lithuania,LTU,2004,3.681135,6.881391,89.43748,15.9269085,2.4623,-0.1019
Lithuania,LTU,2005,3.420719,6.2283297,76.61539,15.267788,2.3604,-0.1019
Lithuania,LTU,2006,4.4733014,7.615135,87.91156,14.956016,2.3122,-0.0482
Lithuania,LTU,2007,3.6051123,5.947554,63.7475,14.644243,2.264,-0.0482
Lithuania,LTU,2008,5.5101495,8.738541,85.75131,11.996119,1.8546,-0.4094
Lithuania,LTU,2009,6.1817527,9.557161,84.261086,9.347995,1.4452,-0.4094
Lithuania,LTU,2010,6.810743,10.693739,82.49552,6.6998706,1.0358,-0.4094
Lithuania,LTU,2011,7.712646,12.323467,79.96389,4.0517464,0.6264,-0.4094
Lithuania,LTU,2012,9.114292,14.856225,76.02948,3.4721863,0.5368,-0.0896
Lithuania,LTU,2013,11.590219,19.330194,69.07959,2.892626,0.4472,-0.0896
Lithuania,LTU,2014,16.191275,37.080536,46.728188,2.313066,0.3576,-0.0896
Lithuania,LTU,2015,15.6024475,33.36484,48.027077,2.469599,0.3818,0.0242
Lithuania,LTU,2016,19.2595,42.838585,37.901917,1.9915912,0.3079,-0.0739
Lithuania,LTU,2017,22.741312,50.347492,26.911198,1.6752911,0.259,-0.0489
Lithuania,LTU,2018,22.461575,53.807148,23.73128,1.6454722,0.25439,-0.0046
Lithuania,LTU,2019,18.252403,42.141716,39.60588,2.1202135,0.327785,0.0734
Lithuania,LTU,2020,15.055586,33.526096,48.526844,2.5949547,0.40118,0.0734
Lithuania,LTU,2021,16.672773,38.96232,42.285038,2.2951488,0.35483,-0.0464
Lithuania,LTU,2022,19.556532,45.53869,29.284859,1.9428202,0.30036,-0.0545
Low & middle income,LMY,2014,81.18622,9.912718,8.901463,10.579393,2850.4749,
Low & middle income,LMY,2015,81.18903,10.108205,8.694523,10.635877,2865.6926,15.2178
Low & middle income,LMY,2016,80.84232,10.653614,8.536338,10.786125,2906.1729,40.4802
Low & middle income,LMY,2017,80.594925,10.77113,8.648549,10.889908,2934.134,27.9612
Low & middle income,LMY,2018,80.386536,10.970588,8.569167,10.841833,2921.1816,-12.9524
Low & middle income,LMY,2019,79.99848,11.389362,8.211039,10.898337,2936.405,15.2234
Low & middle income,LMY,2020,80.34827,11.777058,7.5641007,10.772724,2902.5623,-33.8428
Low & middle income,LMY,2021,80.67994,11.608745,7.5049796,11.008467,2966.0764,63.5142
Luxembourg,LUX,1990,,87.04453,,6.2,0.062,
Luxembourg,LUX,1991,,84.67875,,6.1,0.061,-0.001
Luxembourg,LUX,1992,,82.229675,,6,0.06,-0.001
Luxembourg,LUX,1993,,79.69283,,5.9,0.059,-0.001
Luxembourg,LUX,1994,,77.06342,,5.8,0.058,-0.001
Luxembourg,LUX,1995,0.3539823,74.33628,25.486725,5.7,0.057,-0.001
Luxembourg,LUX,1996,0.34813136,74.82609,24.956522,5.795,0.05795,0.001
Luxembourg,LUX,1997,0.34228042,75.29915,24.444445,5.89,0.0589,0.0009
Luxembourg,LUX,1998,0.33642945,75.7563,23.94958,5.985,0.05985,0.001
Luxembourg,LUX,1999,0.3305785,76.19835,23.471075,6.08,0.0608,0.001
Luxembourg,LUX,2000,0.3218391,77.19387,22.206896,5.942,0.05942,-0.0014
Luxembourg,LUX,2001,0.31274432,78.229866,20.891321,5.804,0.05804,-0.0014
Luxembourg,LUX,2002,0.30592364,80.00225,19.691822,5.666,0.05666,-0.0014
Luxembourg,LUX,2003,0.29690233,81.39412,18.308977,5.528,0.05528,-0.0014
Luxembourg,LUX,2004,0.2874292,82.85569,16.856876,5.39,0.0539,-0.0014
Luxembourg,LUX,2005,0.2774695,84.39234,15.330189,5.252,0.05252,-0.0014
Luxembourg,LUX,2006,0.26698467,86.01,13.723012,5.114,0.05114,-0.0014
Luxembourg,LUX,2007,0.25593215,87.715256,12.0288105,4.976,0.04976,-0.0014
Luxembourg,LUX,2008,0.24426448,89.51542,10.240318,4.838,0.04838,-0.0014
Luxembourg,LUX,2009,0.23192887,91.41863,8.34944,4.7,0.047,-0.0014
Luxembourg,LUX,2010,0.21052632,93.68421,6.105263,4.76,0.0476,0.0006
Luxembourg,LUX,2011,1.0309278,91.546394,7.4226804,4.63,0.0463,-0.0013
Luxembourg,LUX,2012,0.4494382,91.235954,8.314607,4.46,0.0446,-0.0017
Luxembourg,LUX,2013,0.6960557,94.663574,4.6403713,4.31,0.0431,-0.0015
Luxembourg,LUX,2014,0.65789473,92.76316,6.5789475,4.6,0.046,0.0029
Luxembourg,LUX,2015,1.5625,94.19643,4.464286,4.48,0.0448,-0.0012
Luxembourg,LUX,2016,0.6756757,95.4955,2.927928,4.44,0.0444,-0.0004
Luxembourg,LUX,2017,0.877193,95.61404,3.508772,4.56,0.0456,0.0012
Luxembourg,LUX,2018,0.9578544,95.4023,3.6398468,5.22,0.0522,0.0066
Luxembourg,LUX,2019,1.2170385,89.85801,8.92495,4.93,0.0493,-0.0029
Luxembourg,LUX,2020,0,100,0,4.78,0.0478,-0.0015
Luxembourg,LUX,2021,0.8472735,89.63719,12.557028,4.603,0.04603,-0.0018
Luxembourg,LUX,2022,1.0263929,91.1814,3.8332634,4.774,0.04774,0.0017
Madagascar,MDG,1990,98.418236,1.2591286,0.32263422,4.5112686,15.202975,
Madagascar,MDG,1991,98.31296,1.3060402,0.3810012,4.456866,15.019637,-0.1833
Madagascar,MDG,1992,98.20508,1.3541112,0.4408107,4.402463,14.8363,-0.1833
Madagascar,MDG,1993,98.0945,1.4033852,0.5021169,4.34806,14.652963,-0.1833
Madagascar,MDG,1994,97.98112,1.4539077,0.56497663,4.2936573,14.469625,-0.1833
Madagascar,MDG,1995,97.86482,1.505727,0.6294497,4.2392545,14.286287,-0.1833
Madagascar,MDG,1996,97.74551,1.5588937,0.69559914,4.1848516,14.10295,-0.1833
Madagascar,MDG,1997,97.62305,1.6134609,0.7634911,4.130449,13.919613,-0.1833
Madagascar,MDG,1998,97.49732,1.6694846,0.8331953,4.076046,13.736275,-0.1833
Madagascar,MDG,1999,97.36819,1.7270241,0.9047854,4.021643,13.5529375,-0.1833
Madagascar,MDG,2000,97.23552,1.7861418,0.9783389,3.9672403,13.3696,-0.1833
Madagascar,MDG,2001,97.1085,1.8686534,1.0235165,3.972457,13.38718,0.0176
Madagascar,MDG,2002,96.98048,1.9509487,1.0685756,3.9776735,13.40476,0.0176
Madagascar,MDG,2003,96.853455,2.0330286,1.1135167,3.9828901,13.42234,0.0176
Madagascar,MDG,2004,96.72743,2.1148934,1.1581051,3.9881067,13.43992,0.0176
Madagascar,MDG,2005,96.60041,2.1965446,1.2030467,3.9933233,13.4575,0.0176
Madagascar,MDG,2006,95.89213,2.9136455,1.1942258,3.9933233,13.4575,0
Madagascar,MDG,2007,95.89213,2.9136455,1.1942258,3.9933233,13.4575,0
Madagascar,MDG,2008,95.89213,2.9136455,1.1942258,3.9933233,13.4575,0
Madagascar,MDG,2009,95.89213,2.9136455,1.1942258,3.9933233,13.4575,0
Madagascar,MDG,2010,95.89213,2.9136455,1.1942258,3.9933233,13.4575,0
Madagascar,MDG,2011,95.89213,2.9136455,1.1942258,3.9933233,13.4575,0
Madagascar,MDG,2012,95.89213,2.9136455,1.1942258,3.9933233,13.4575,0
Madagascar,MDG,2013,95.89213,2.9136455,1.1942258,3.9933233,13.4575,0
Madagascar,MDG,2014,95.89213,2.9136455,1.1942258,3.9933233,13.4575,0
Madagascar,MDG,2015,95.89213,2.9136455,1.1942258,3.9933233,13.4575,0
Madagascar,MDG,2016,95.89213,2.9136455,1.1942258,3.9933233,13.4575,0
Madagascar,MDG,2017,95.89213,2.9136455,1.1942258,3.9933233,13.4575,0
Madagascar,MDG,2018,95.89213,2.9136455,1.1942258,3.9933233,13.4575,0
Madagascar,MDG,2019,95.89213,2.9136455,1.1942258,3.9933233,13.4575,0
Madagascar,MDG,2020,95.89213,2.9136455,1.1942258,3.9933233,13.4575,0
Madagascar,MDG,2021,95.89213,2.9136455,1.1942258,3.9933233,13.4575,0
Madagascar,MDG,2022,95.89213,2.9136455,1.1942258,3.9933233,13.4575,0
Malawi,MWI,1994,86.431625,10.149572,3.4188035,5.7992563,0.936,
Malawi,MWI,1995,86.570885,10.050285,3.3788295,6.109304,0.98604167,0.05
Malawi,MWI,1996,86.69669,9.960588,3.342717,6.4193516,1.0360833,0.05
Malawi,MWI,1997,86.81091,9.879158,3.309932,6.729399,1.086125,0.05
Malawi,MWI,1998,86.91506,9.804899,3.2800353,7.0394464,1.1361667,0.05
Malawi,MWI,1999,87.01043,9.736907,3.2526608,7.349494,1.1862084,0.05
Malawi,MWI,2000,87.098076,9.674418,3.2275026,7.6595416,1.23625,0.05
Malawi,MWI,2001,87.12179,9.657106,3.2211072,7.974814,1.287135,0.0509
Malawi,MWI,2002,87.14369,9.641111,3.2151985,8.290087,1.33802,0.0509
Malawi,MWI,2003,86.737885,9.945845,3.3162735,8.328873,1.34428,0.0063
Malawi,MWI,2004,86.33584,10.247753,3.4164112,8.367658,1.35054,0.0063
Malawi,MWI,2005,85.9375,10.546875,3.515625,8.406444,1.3568,0.0063
Malawi,MWI,2006,85.9375,10.546875,3.515625,8.406444,1.3568,0
Malawi,MWI,2007,85.9375,10.546875,3.515625,8.406444,1.3568,0
Malawi,MWI,2008,85.9375,10.546875,3.515625,8.406444,1.3568,0
Malawi,MWI,2009,85.9375,10.546875,3.515625,8.406444,1.3568,0
Malawi,MWI,2010,85.9375,10.546875,3.515625,8.406444,1.3568,0
Malawi,MWI,2011,85.9375,10.546875,3.515625,8.406444,1.3568,0
Malawi,MWI,2012,85.9375,10.546875,3.515625,8.406444,1.3568,0
Malawi,MWI,2013,85.9375,10.546875,3.515625,8.406444,1.3568,0
Malawi,MWI,2014,85.9375,10.546875,3.515625,8.406444,1.3568,0
Malawi,MWI,2015,85.9375,10.546875,3.515625,8.406444,1.3568,0
Malawi,MWI,2016,85.9375,10.546875,3.515625,8.406444,1.3568,0
Malawi,MWI,2017,85.9375,10.546875,3.515625,8.406444,1.3568,0
Malawi,MWI,2018,85.9375,10.546875,3.515625,8.406444,1.3568,0
Malawi,MWI,2019,85.9375,10.546875,3.515625,8.406444,1.3568,0
Malawi,MWI,2020,85.9375,10.546875,3.515625,8.406444,1.3568,0
Malawi,MWI,2021,85.9375,10.546875,3.515625,8.406444,1.3568,0
Malawi,MWI,2022,85.9375,10.546875,3.515625,8.406444,1.3568,0
Malaysia,MYS,1990,82.04013,8.085401,9.874469,1.743569,10.1127,
Malaysia,MYS,1991,78.15303,9.833375,12.0135975,1.6172528,9.380067,-0.7326
Malaysia,MYS,1992,73.6076,11.877389,14.515011,1.4909368,8.647433,-0.7326
Malaysia,MYS,1993,68.22114,14.299604,17.47926,1.3646207,7.9148,-0.7326
Malaysia,MYS,1994,61.736412,17.215693,21.047895,1.2383046,7.1821666,-0.7326
Malaysia,MYS,1995,53.779408,20.793844,25.426748,1.2929311,7.499,0.3168
Malaysia,MYS,1996,45.645042,24.453352,29.901604,0.94551724,5.484,-2.015
Malaysia,MYS,1997,45.645042,24.453352,29.901604,0.9522505,5.5230527,0.0391
Malaysia,MYS,1998,45.645042,24.453352,29.901604,0.95898366,5.562105,0.0391
Malaysia,MYS,1999,45.645042,24.453352,29.901604,0.9657169,5.6011577,0.0391
Malaysia,MYS,2000,45.645042,24.453352,29.901604,0.9724501,5.6402106,0.0391
Malaysia,MYS,2001,45.645042,24.453352,29.901604,0.9791833,5.679263,0.0391
Malaysia,MYS,2002,45.645042,24.453352,29.901604,0.9859165,5.7183156,0.0391
Malaysia,MYS,2003,45.645042,24.453352,29.901604,0.99264973,5.7573686,0.0391
Malaysia,MYS,2004,45.645042,24.453352,29.901604,0.9993829,5.796421,0.0391
Malaysia,MYS,2005,45.645042,24.453352,29.901604,1.0061244,5.835521,0.0391
Malaysia,MYS,2006,45.645042,24.453352,29.901604,1.0128493,5.8745265,0.039
Malaysia,MYS,2007,45.645042,24.453352,29.901604,1.0195826,5.913579,0.0391
Malaysia,MYS,2008,45.645042,24.453352,29.901604,1.0263158,5.9526315,0.0391
Malaysia,MYS,2009,45.645042,24.453352,29.901604,1.033049,5.9916844,0.0391
Malaysia,MYS,2010,45.645042,24.453352,29.901604,1.0397822,6.030737,0.0391
Malaysia,MYS,2011,45.645042,24.453352,29.901604,1.0465155,6.0697894,0.0391
Malaysia,MYS,2012,45.645042,24.453352,29.901604,1.0532486,6.108842,0.0391
Malaysia,MYS,2013,45.645042,24.453352,29.901604,1.0599818,6.147895,0.0391
Malaysia,MYS,2014,45.645042,24.453352,29.901604,1.0667151,6.1869473,0.0391
Malaysia,MYS,2015,45.645042,24.453352,29.901604,1.0734483,6.226,0.0391
Malaysia,MYS,2016,45.645042,24.453352,29.901604,1.1296551,6.552,0.326
Malaysia,MYS,2017,45.645042,24.453352,29.901604,1.1563793,6.707,0.155
Malaysia,MYS,2018,45.645042,24.453352,29.901604,1.1563793,6.707,0
Malaysia,MYS,2019,45.645042,24.453352,29.901604,1.1563793,6.707,0
Malaysia,MYS,2020,45.645042,24.453352,29.901604,1.1563793,6.707,0
Malaysia,MYS,2021,45.645042,24.453352,29.901604,1.1563793,6.707,0
Malaysia,MYS,2022,45.645042,24.453352,29.901604,1.1563793,6.707,0
Maldives,MDV,1990,0,105.64493,3.2758117,11.95238,0.003585714,
Maldives,MDV,1991,0,108.15536,3.3736534,11.587303,0.003476191,-1.00E-04
Maldives,MDV,1992,0,96.95946,3.0405405,12.36508,0.003709524,0.0002
Maldives,MDV,1993,0,96.945335,3.0546625,12.57143,0.003771429,1.00E-04
Maldives,MDV,1994,0,96.93252,3.0674846,12.777777,0.003833333,1.00E-04
Maldives,MDV,1995,0,96.92082,3.0791788,15.320514,0.004596154,0.0008
Maldives,MDV,1996,0,96.91011,3.0898876,15.88141,0.004764423,0.0002
Maldives,MDV,1997,0,96.90027,3.0997305,16.442307,0.004932692,0.0002
Maldives,MDV,1998,0,96.89119,3.1088083,17.003206,0.005100962,0.0002
Maldives,MDV,1999,0,96.88279,3.117207,17.564104,0.005269231,0.0002
Maldives,MDV,2000,0,96.875,3.125,17.666666,0.0053,0
Maldives,MDV,2001,0,96.64694,3.3530571,17.125,0.0051375,-0.0002
Maldives,MDV,2002,0,96.414345,3.5856574,16.916666,0.005075,-1.00E-04
Maldives,MDV,2003,0,96.17706,3.8229377,16.708334,0.0050125,-1.00E-04
Maldives,MDV,2004,0,95.93496,4.0650406,16.5,0.00495,-1.00E-04
Maldives,MDV,2005,0,105.09021,4.7358246,14.47619,0.004342857,-0.0006
Maldives,MDV,2006,0,101.55593,4.857023,14.873016,0.004461905,1.00E-04
Maldives,MDV,2007,0,98.16721,4.973229,15.460317,0.004638095,0.0002
Maldives,MDV,2008,0,94.91525,5.084746,15.666667,0.0047,1.00E-04
Maldives,MDV,2009,0.1365043,94.91525,5.084746,9.52381,0.002857143,-0.0018
Maldives,MDV,2010,0.2730086,94.91525,5.084746,3.3809533,0.001014286,-0.0018
Maldives,MDV,2011,0.40951294,94.91525,5.084746,15.666667,0.0047,0.0037
Maldives,MDV,2012,0.5460172,94.91525,5.084746,15.666667,0.0047,0
Maldives,MDV,2013,0.6825216,94.91525,5.084746,15.666667,0.0047,0
Maldives,MDV,2014,0.8190259,94.91525,5.084746,15.666667,0.0047,0
Maldives,MDV,2015,0.9555302,94.91525,5.084746,15.666667,0.0047,0
Maldives,MDV,2016,1.0920345,94.91525,5.084746,15.666667,0.0047,0
Maldives,MDV,2017,1.2285389,94.91525,5.084746,15.666667,0.0047,0
Maldives,MDV,2018,1.3650432,94.91525,5.084746,15.666667,0.0047,0
Maldives,MDV,2019,1.5015475,94.91525,5.084746,15.666667,0.0047,0
Maldives,MDV,2020,3.0236068,94.91525,5.084746,15.666667,0.0047,0
Maldives,MDV,2021,4.545666,94.91525,5.084746,15.666667,0.0047,0
Maldives,MDV,2022,4.545666,94.91525,5.084746,15.666667,0.0047,0
Mali,MLI,1990,97.60463,1.8237745,0.57159466,3.6217544,2.1730525,
Mali,MLI,1991,97.719505,1.7938154,0.48667738,4.07345,2.44407,0.271
Mali,MLI,1992,97.81145,1.7698371,0.41871285,4.525146,2.7150877,0.271
Mali,MLI,1993,97.8867,1.7502115,0.36308518,4.976842,2.9861052,0.271
Mali,MLI,1994,97.94943,1.7338519,0.3167148,5.428538,3.2571228,0.271
Mali,MLI,1995,98.002525,1.7200055,0.27746838,5.880234,3.5281403,0.271
Mali,MLI,1996,98.04804,1.7081348,0.24382135,6.3319297,3.7991579,0.271
Mali,MLI,1997,98.08074,1.703845,0.21541376,6.759737,4.055842,0.2567
Mali,MLI,1998,98.10954,1.7000659,0.19038786,7.187544,4.312526,0.2567
Mali,MLI,1999,98.13512,1.6967114,0.1681737,7.6153507,4.5692105,0.2567
Mali,MLI,2000,98.15797,1.6937138,0.14832264,8.043158,4.825895,0.2567
Mali,MLI,2001,98.178505,1.6910188,0.13047665,8.470965,5.082579,0.2567
Mali,MLI,2002,98.11369,1.7666715,0.119634494,8.505439,5.1032634,0.0207
Mali,MLI,2003,98.04941,1.8417133,0.10887987,8.539912,5.123947,0.0207
Mali,MLI,2004,97.985634,1.9161518,0.09821173,8.574386,5.1446314,0.0207
Mali,MLI,2005,97.92238,1.9899939,0.08762903,8.60886,5.1653156,0.0207
Mali,MLI,2006,97.85962,2.0632472,0.077130735,8.643333,5.186,0.0207
Mali,MLI,2007,97.85962,2.0632472,0.077130735,8.643333,5.186,0
Mali,MLI,2008,97.85962,2.0632472,0.077130735,8.643333,5.186,0
Mali,MLI,2009,97.85962,2.0632472,0.077130735,8.643333,5.186,0
Mali,MLI,2010,97.85962,2.0632472,0.077130735,8.643333,5.186,0
Mali,MLI,2011,97.85962,2.0632472,0.077130735,8.643333,5.186,0
Mali,MLI,2012,97.85962,2.0632472,0.077130735,8.643333,5.186,0
Mali,MLI,2013,97.85962,2.0632472,0.077130735,8.643333,5.186,0
Mali,MLI,2014,97.85962,2.0632472,0.077130735,8.643333,5.186,0
Mali,MLI,2015,97.85962,2.0632472,0.077130735,8.643333,5.186,0
Mali,MLI,2016,97.85962,2.0632472,0.077130735,8.643333,5.186,0
Mali,MLI,2017,97.85962,2.0632472,0.077130735,8.643333,5.186,0
Mali,MLI,2018,97.85962,2.0632472,0.077130735,8.643333,5.186,0
Mali,MLI,2019,97.85962,2.0632472,0.077130735,8.643333,5.186,0
Mali,MLI,2020,97.85962,2.0632472,0.077130735,8.643333,5.186,0
Mali,MLI,2021,97.85962,2.0632472,0.077130735,8.643333,5.186,0
Mali,MLI,2022,97.85962,2.0632472,0.077130735,8.643333,5.186,0
Malta,MLT,1990,,86.25,0,49.70297,0.0251,
Malta,MLT,1991,,86.55173,0,48.9901,0.02474,-0.0004
Malta,MLT,1992,,86.82377,0,48.27723,0.02438,-0.0004
Malta,MLT,1993,,87.07031,0,47.564358,0.02402,-0.0004
Malta,MLT,1994,,87.29478,0,46.851486,0.02366,-0.0004
Malta,MLT,1995,12.5,87.5,0,46.138615,0.0233,-0.0004
Malta,MLT,1996,16.341143,83.48091,0.17794348,49.165485,0.024828572,0.0015
Malta,MLT,1997,20.155367,79.49,0.35463986,52.192364,0.026357142,0.0015
Malta,MLT,1998,23.942951,75.52695,0.53010225,55.219234,0.027885715,0.0015
Malta,MLT,1999,27.704176,71.591484,0.70434344,58.24611,0.029414287,0.0015
Malta,MLT,2000,31.439314,67.68331,0.8773762,61.272984,0.030942857,0.0015
Malta,MLT,2001,35.16621,63.83404,0.9997501,64.29986,0.03247143,0.0015
Malta,MLT,2002,35.037075,63.771187,1.1917373,67.32674,0.034,0.0015
Malta,MLT,2003,32.09945,66.51934,1.3812155,68.435646,0.03456,0.0006
Malta,MLT,2004,33.462387,64.953766,1.583848,68.514854,0.0346,0
Malta,MLT,2005,34.171936,64.57087,1.8421528,70.653465,0.03568,0.0011
Malta,MLT,2006,37.295135,61.13477,2.0371292,71.762375,0.03624,0.0006
Malta,MLT,2007,43.201702,54.670135,2.1281626,72.871284,0.0368,0.0006
Malta,MLT,2008,44.17665,53.81566,2.2889457,70.89109,0.0358,-0.001
Malta,MLT,2009,42.48927,54.935623,2.5751073,62.772278,0.0317,-0.0041
Malta,MLT,2010,48.568188,48.88007,2.5517437,80.9901,0.0409,0.0092
Malta,MLT,2011,54.537792,42.933407,2.5288002,75.44554,0.0381,-0.0028
Malta,MLT,2012,60.401,37.09273,2.5062656,79.40594,0.0401,0.002
Malta,MLT,2013,64.01766,33.774834,2.2075055,91.28713,0.0461,0.006
Malta,MLT,2014,44.28795,54.147106,1.5649452,89.10891,0.045,-0.0011
Malta,MLT,2015,41.100323,57.281555,1.6181229,82.77228,0.0418,-0.0032
Malta,MLT,2016,40.605095,57.802547,1.5923567,82.9703,0.0419,1.00E-04
Malta,MLT,2017,42.424244,56.060608,1.5151515,91.08911,0.046,0.0041
Malta,MLT,2018,39.74604,58.68482,1.5691421,84.623,0.042734616,-0.0033
Malta,MLT,2019,36.51141,61.897694,1.5908965,80.660965,0.04073379,-0.002
Malta,MLT,2020,38.0366,60.382042,1.5813591,81.77715,0.041297466,0.0006
Malta,MLT,2021,36.772038,61.603325,1.624638,78.46722,0.039625943,-0.0017
Malta,MLT,2022,34.529324,63.853996,1.6166778,72.600006,0.036663003,-0.003
Mauritania,MRT,1990,92.643105,5.680052,1.6768403,404.27917,1.6171167,
Mauritania,MRT,1991,92.745735,5.587003,1.6672592,403.83124,1.615325,-0.0018
Mauritania,MRT,1992,92.848595,5.493748,1.6576569,403.38333,1.6135334,-0.0018
Mauritania,MRT,1993,92.95168,5.400286,1.6480333,402.93542,1.6117417,-0.0018
Mauritania,MRT,1994,93.05499,5.3066163,1.6383883,402.4875,1.60995,-0.0018
Mauritania,MRT,1995,93.15854,5.212738,1.6287218,402.03958,1.6081583,-0.0018
Mauritania,MRT,1996,93.262314,5.1186504,1.6190338,401.59167,1.6063666,-0.0018
Mauritania,MRT,1997,93.366325,5.024353,1.6093242,401.14374,1.604575,-0.0018
Mauritania,MRT,1998,93.47056,4.9298453,1.5995929,400.69583,1.6027833,-0.0018
Mauritania,MRT,1999,93.575035,4.835126,1.5898398,400.24792,1.6009917,-0.0018
Mauritania,MRT,2000,93.67974,4.740195,1.5800649,399.8,1.5992,-0.0018
Mauritania,MRT,2001,93.0781,5.191426,1.7304752,383.7875,1.53515,-0.064
Mauritania,MRT,2002,92.42414,5.6818953,1.8939651,367.775,1.4711,-0.0641
Mauritania,MRT,2003,91.710724,6.2169547,2.0723183,351.7625,1.40705,-0.064
Mauritania,MRT,2004,90.92937,6.8029737,2.267658,335.75,1.343,-0.064
Mauritania,MRT,2005,90.57917,7.06562,2.3552067,337.05,1.3482,0.0052
Mauritania,MRT,2006,90.57917,7.06562,2.3552067,337.05,1.3482,0
Mauritania,MRT,2007,90.57917,7.06562,2.3552067,337.05,1.3482,0
Mauritania,MRT,2008,90.57917,7.06562,2.3552067,337.05,1.3482,0
Mauritania,MRT,2009,90.57917,7.06562,2.3552067,337.05,1.3482,0
Mauritania,MRT,2010,90.57917,7.06562,2.3552067,337.05,1.3482,0
Mauritania,MRT,2011,90.57917,7.06562,2.3552067,337.05,1.3482,0
Mauritania,MRT,2012,90.57917,7.06562,2.3552067,337.05,1.3482,0
Mauritania,MRT,2013,90.57917,7.06562,2.3552067,337.05,1.3482,0
Mauritania,MRT,2014,90.57917,7.06562,2.3552067,337.05,1.3482,0
Mauritania,MRT,2015,90.57917,7.06562,2.3552067,337.05,1.3482,0
Mauritania,MRT,2016,90.57917,7.06562,2.3552067,337.05,1.3482,0
Mauritania,MRT,2017,90.57917,7.06562,2.3552067,337.05,1.3482,0
Mauritania,MRT,2018,90.57917,7.06562,2.3552067,337.05,1.3482,0
Mauritania,MRT,2019,90.57917,7.06562,2.3552067,337.05,1.3482,0
Mauritania,MRT,2020,90.57917,7.06562,2.3552067,337.05,1.3482,0
Mauritania,MRT,2021,90.57917,7.06562,2.3552067,337.05,1.3482,0
Mauritania,MRT,2022,90.57917,7.06562,2.3552067,337.05,1.3482,0
Mauritius,MUS,1990,76.888885,16.222221,6.888889,20.574337,0.566,
Mauritius,MUS,1991,76.44197,16.508202,7.049824,20.93057,0.5758,0.0098
Mauritius,MUS,1992,76.01002,16.784609,7.2053733,21.286804,0.5856,0.0098
Mauritius,MUS,1993,75.592285,17.051916,7.355802,21.64304,0.5954,0.0098
Mauritius,MUS,1994,75.18807,17.310568,7.5013585,21.999273,0.6052,0.0098
Mauritius,MUS,1995,74.796745,17.560976,7.6422763,22.355507,0.615,0.0098
Mauritius,MUS,1996,74.796745,17.560976,7.6422763,22.319157,0.614,-0.001
Mauritius,MUS,1997,74.796745,17.560976,7.6422763,22.282806,0.613,-0.001
Mauritius,MUS,1998,74.796745,17.560976,7.6422763,22.246456,0.612,-0.001
Mauritius,MUS,1999,74.796745,17.560976,7.6422763,22.210106,0.611,-0.001
Mauritius,MUS,2000,74.796745,17.560976,7.6422763,22.173756,0.61,-0.001
Mauritius,MUS,2001,72.16043,22.017681,5.821891,23.567188,0.6483333,0.0383
Mauritius,MUS,2002,69.81845,25.976793,4.204752,24.96062,0.68666667,0.0383
Mauritius,MUS,2003,67.72414,29.51724,2.7586207,26.354053,0.725,0.0383
Mauritius,MUS,2004,67.58475,30.225988,2.1892655,25.736095,0.708,-0.017
Mauritius,MUS,2005,67.43849,30.969608,1.5918958,25.11814,0.691,-0.017
Mauritius,MUS,2006,66.42229,31.671555,1.9061583,24.790985,0.682,-0.009
Mauritius,MUS,2007,67.14286,31.904762,0.95238096,22.900763,0.63,-0.052
Mauritius,MUS,2008,67.10183,31.984335,0.91383815,27.84442,0.766,0.136
Mauritius,MUS,2009,63.13291,35.28481,1.5822785,22.973465,0.632,-0.134
Mauritius,MUS,2010,62.44204,36.012363,1.545595,23.155216,0.637,0.005
Mauritius,MUS,2011,62.34676,35.901928,1.7513134,20.756088,0.571,-0.066
Mauritius,MUS,2012,62.714775,35.395187,1.8900343,21.155943,0.582,0.011
Mauritius,MUS,2013,61.67763,36.18421,2.1381578,22.101053,0.608,0.026
Mauritius,MUS,2014,60.16129,37.741936,2.096774,22.53726,0.62,0.012
Mauritius,MUS,2015,56.045753,41.666668,2.2875817,22.246456,0.612,-0.008
Mauritius,MUS,2016,57.028755,41.054314,1.916933,22.53726,0.62,0.008
Mauritius,MUS,2017,55.844154,42.20779,1.9480519,22.173756,0.61,-0.01
Mauritius,MUS,2018,51.00671,47.14765,1.8456376,21.483097,0.591,-0.019
Mauritius,MUS,2019,50.33445,47.993313,1.6722409,21.628498,0.595,0.004
Mauritius,MUS,2020,50.164474,48.355263,1.4802631,22.064703,0.607,0.012
Mauritius,MUS,2021,49.752068,48.76033,1.4876033,21.955652,0.604,-0.003
Mauritius,MUS,2022,47.8673,50.55292,1.5797788,22.973465,0.632,0.028
Mexico,MEX,1990,,,,15.176144,62.070427,
Mexico,MEX,1991,,,,15.325298,62.680473,0.61
Mexico,MEX,1992,,,,15.474453,63.290516,0.61
Mexico,MEX,1993,,,,15.623608,63.90056,0.61
Mexico,MEX,1994,,,,15.772763,64.5106,0.61
Mexico,MEX,1995,95.942986,,,15.921918,65.12064,0.61
Mexico,MEX,1996,93.61182,,,16.071072,65.73068,0.61
Mexico,MEX,1997,91.32348,,,16.220226,66.34073,0.61
Mexico,MEX,1998,89.07679,,,16.36938,66.950775,0.61
Mexico,MEX,1999,86.87063,,,16.518536,67.560814,0.61
Mexico,MEX,2000,84.70391,,,16.667692,68.17086,0.61
Mexico,MEX,2001,76.45349,13.953488,9.593023,16.816847,68.7809,0.61
Mexico,MEX,2002,77.27273,13.223141,9.504132,17.677261,72.3,3.5191
Mexico,MEX,2003,76.17135,14.056225,9.772423,18.26406,74.7,2.4
Mexico,MEX,2004,76.15894,14.172186,9.668874,18.386309,75.2,0.5
Mexico,MEX,2005,76.732025,13.986928,9.281046,18.630806,76.2,1
Mexico,MEX,2006,76.84347,13.842174,9.31436,18.826406,77,0.8
Mexico,MEX,2007,76.719444,14.135529,9.145028,19.22983,78.65,1.65
Mexico,MEX,2008,76.69173,14.035088,9.273183,19.506332,79.7809,1.1309
Mexico,MEX,2009,76.674934,14.143921,9.181142,19.506113,79.78,-0.0009
Mexico,MEX,2010,76.68118,14.195248,9.123572,19.469439,79.63,-0.15
Mexico,MEX,2011,76.68742,14.246575,9.066003,19.432762,79.48,-0.15
Mexico,MEX,2012,76.571625,14.480316,8.948062,20.227385,82.73,3.25
Mexico,MEX,2013,75.716194,14.648425,9.635382,19.963326,81.65,-1.08
Mexico,MEX,2014,76.7202,14.18782,9.091979,20.765282,84.93,3.28
Mexico,MEX,2015,76.2972,14.568377,9.1344185,20.943766,85.66,0.73
Mexico,MEX,2016,76.29047,14.530418,9.183732,21.16797,86.577,0.917
Mexico,MEX,2017,76.047356,16.19991,7.757286,21.476772,87.84,1.263
Mexico,MEX,2018,75.72046,14.740184,9.548361,21.721272,88.84,1
Mexico,MEX,2019,75.70816,14.718358,9.572361,21.84621,89.351,0.511
Mexico,MEX,2020,75.74374,14.701612,9.553535,21.894377,89.548,0.197
Mexico,MEX,2021,75.68042,14.773637,9.545939,21.991198,89.944,0.396
Mexico,MEX,2022,76.30114,14.843106,8.855756,21.956968,89.804,-0.14
"Middle East, North Africa, Afghanistan & Pakistan",MEA,2014,90.1412,7.9577603,1.9010407,145.82037,485.69955,
"Middle East, North Africa, Afghanistan & Pakistan",MEA,2015,90.054085,8.077506,1.864925,145.47023,484.55524,-1.1443
"Middle East, North Africa, Afghanistan & Pakistan",MEA,2016,89.97631,8.121288,1.9011669,147.33115,490.7804,6.2252
"Middle East, North Africa, Afghanistan & Pakistan",MEA,2017,88.598656,8.292574,3.2072384,154.11049,513.3855,22.6051
"Middle East, North Africa, Afghanistan & Pakistan",MEA,2018,88.78297,8.4835205,3.4855328,149.28656,497.33975,-16.0457
"Middle East, North Africa, Afghanistan & Pakistan",MEA,2019,87.2315,9.333078,3.4328141,151.53442,504.81677,7.477
"Middle East, North Africa, Afghanistan & Pakistan",MEA,2020,87.09325,9.7773285,3.1188996,151.85368,505.87872,1.062
"Middle East, North Africa, Afghanistan & Pakistan",MEA,2021,88.09827,8.938315,2.9468727,173.53117,577.98425,72.1055
"Middle East, North Africa, Afghanistan & Pakistan (IDA & IBRD)",TMN,2014,90.892845,7.3416214,1.7655363,139.88377,457.42834,
"Middle East, North Africa, Afghanistan & Pakistan (IDA & IBRD)",TMN,2015,90.838036,7.4464526,1.7155094,139.15213,455.0358,-2.3925
"Middle East, North Africa, Afghanistan & Pakistan (IDA & IBRD)",TMN,2016,90.80095,7.4552307,1.7438211,141.18242,461.675,6.6392
"Middle East, North Africa, Afghanistan & Pakistan (IDA & IBRD)",TMN,2017,89.36469,7.629433,3.131977,147.90349,483.6533,21.9783
"Middle East, North Africa, Afghanistan & Pakistan (IDA & IBRD)",TMN,2018,89.59393,7.809186,3.3694367,142.8705,467.19513,-16.4582
"Middle East, North Africa, Afghanistan & Pakistan (IDA & IBRD)",TMN,2019,87.94501,8.739487,3.3155024,145.15031,474.65024,7.4551
"Middle East, North Africa, Afghanistan & Pakistan (IDA & IBRD)",TMN,2020,87.80751,9.210495,2.9819963,145.45265,475.63892,0.9887
"Middle East, North Africa, Afghanistan & Pakistan (IDA & IBRD)",TMN,2021,88.79259,8.389449,2.8179657,167.45586,547.5907,71.9518
"Middle East, North Africa, Afghanistan & Pakistan (excluding high income)",MNA,2014,90.86545,7.3659134,1.7686383,139.62102,457.70282,
"Middle East, North Africa, Afghanistan & Pakistan (excluding high income)",MNA,2015,90.80886,7.4722905,1.7188493,138.89627,455.327,-2.3758
"Middle East, North Africa, Afghanistan & Pakistan (excluding high income)",MNA,2016,90.77326,7.479765,1.746976,140.91832,461.9556,6.6286
"Middle East, North Africa, Afghanistan & Pakistan (excluding high income)",MNA,2017,89.337204,7.6536336,3.1351888,147.625,483.9413,21.9857
"Middle East, North Africa, Afghanistan & Pakistan (excluding high income)",MNA,2018,89.565384,7.853507,3.37256,142.60803,467.4948,-16.4465
"Middle East, North Africa, Afghanistan & Pakistan (excluding high income)",MNA,2019,87.915634,8.765072,3.318864,144.89133,474.97983,7.485
"Middle East, North Africa, Afghanistan & Pakistan (excluding high income)",MNA,2020,87.77813,9.23632,2.9855509,145.19987,475.99133,1.0115
"Middle East, North Africa, Afghanistan & Pakistan (excluding high income)",MNA,2021,88.76841,8.418805,2.8216796,167.1432,547.92554,71.9342
Middle income,MIC,2014,80.82203,10.042846,9.135535,11.091823,2744.882,
Middle income,MIC,2015,80.82622,10.244932,8.920288,11.152215,2759.8267,14.9446
Middle income,MIC,2016,80.47219,10.8083105,8.752993,11.315598,2800.256,40.4294
Middle income,MIC,2017,80.22071,10.927641,8.866802,11.429163,2828.3584,28.1023
Middle income,MIC,2018,79.99722,11.138135,8.788146,11.373283,2814.531,-13.8274
Middle income,MIC,2019,79.59638,11.571831,8.4158745,11.434051,2829.5679,15.0369
Middle income,MIC,2020,79.95445,11.976421,7.7466855,11.297286,2795.7249,-33.843
Middle income,MIC,2021,80.30745,11.797517,7.6813045,11.553956,2859.239,63.5142
Moldova,MDA,1992,39.48039,13.703515,46.816097,121.17284,1.963,
Moldova,MDA,1993,36.096943,13.811297,50.09176,114.361115,1.85265,-0.1104
Moldova,MDA,1994,32.284912,13.932733,53.782356,107.549385,1.7423,-0.1104
Moldova,MDA,1995,27.957352,14.07059,57.972057,100.737656,1.63195,-0.1104
Moldova,MDA,1996,23.002104,14.228444,62.769455,211.33333,1.5216,-0.1104
Moldova,MDA,1997,21.58928,13.658913,64.75181,91.910774,1.4889545,-0.0326
Moldova,MDA,1998,20.113113,13.063848,66.82304,89.89562,1.4563091,-0.0326
Moldova,MDA,1999,18.569248,12.441492,68.98926,87.88047,1.4236636,-0.0326
Moldova,MDA,2000,16.952919,11.789925,71.25716,85.86532,1.3910182,-0.0326
Moldova,MDA,2001,15.501283,11.995817,72.5029,53.95062,0.874,-0.517
Moldova,MDA,2002,13.927734,12.219001,73.853264,53.45679,0.866,-0.008
Moldova,MDA,2003,12.216242,12.46175,75.32201,53.333332,0.864,-0.002
Moldova,MDA,2004,10.347836,12.726755,76.92541,52.592594,0.852,-0.012
Moldova,MDA,2005,8.299899,13.017224,78.68288,52.592594,0.852,0
Moldova,MDA,2006,6.048673,13.671516,80.27981,52.71605,0.854,0.002
Moldova,MDA,2007,3.5551655,14.396225,82.04861,52.71605,0.854,0
Moldova,MDA,2008,3.7462032,14.748566,81.50523,53.148148,0.861,0.007
Moldova,MDA,2009,3.9471407,15.119164,80.93369,53.39506,0.865,0.004
Moldova,MDA,2010,4.1587677,15.509479,80.33176,52.530865,0.851,-0.014
Moldova,MDA,2011,4.277097,15.938585,79.78432,52.28395,0.847,-0.004
Moldova,MDA,2012,4.402358,16.392826,79.20482,52.469135,0.85,0.003
Moldova,MDA,2013,4.4240346,16.894121,78.68185,51.790123,0.839,-0.011
Moldova,MDA,2014,5.017921,17.323776,77.6583,51.60494,0.836,-0.003
Moldova,MDA,2015,5.2380953,17.5,77.2619,51.851852,0.84,0.004
Moldova,MDA,2016,5.1008306,17.556347,77.34283,51.975307,0.842,0.002
Moldova,MDA,2017,5,17.619047,69.40476,51.851852,0.84,-0.002
Moldova,MDA,2018,5.1373954,18.160095,69.53405,51.666668,0.837,-0.003
Moldova,MDA,2019,5.2380953,18.333334,69.28571,51.790123,0.839,0.002
Moldova,MDA,2020,6.875,20,72.875,52.22222,0.846,0.007
Moldova,MDA,2021,6.8922305,20.050125,73.05765,52.22222,0.846,0
Moldova,MDA,2022,6.8922305,20.050125,73.05765,52.22222,0.846,0
Monaco,MCO,1990,0,100,0,,0.0067,
Monaco,MCO,1991,0,100,0,,0.0066,-1.00E-04
Monaco,MCO,1992,0,100,0,,0.0065,-1.00E-04
Monaco,MCO,1993,0,100,0,,0.0064,-1.00E-04
Monaco,MCO,1994,0,100,0,,0.0063,-1.00E-04
Monaco,MCO,1995,0,100,0,,0.0062,-1.00E-04
Monaco,MCO,1996,0,100,0,,0.0062,0
Monaco,MCO,1997,0,100,0,,0.006,-0.0002
Monaco,MCO,1998,0,100,0,,0.006,0
Monaco,MCO,1999,0,100,0,,0.0061,1.00E-04
Monaco,MCO,2000,0,100,0,,0.006,-1.00E-04
Monaco,MCO,2001,0,100,0,,0.0059,-1.00E-04
Monaco,MCO,2002,0,100,0,,0.0058,-1.00E-04
Monaco,MCO,2003,0,100,0,,0.0062,0.0004
Monaco,MCO,2004,0,100,0,,0.0055,-0.0007
Monaco,MCO,2005,0,100,0,,0.0057,0.0002
Monaco,MCO,2006,0,100,0,,0.0056,-1.00E-04
Monaco,MCO,2007,0,100,0,,0.0055,-1.00E-04
Monaco,MCO,2008,0,100,0,,0.0052,-0.0003
Monaco,MCO,2009,0,100,0,,0.005,-0.0002
Monaco,MCO,2010,0,100,0,,0.005,0
Monaco,MCO,2011,0,100,0,,0.005,0
Monaco,MCO,2012,0,100,0,,0.005,0
Monaco,MCO,2013,0,100,0,,0.005,0
Monaco,MCO,2014,0,100,0,,0.005,0
Monaco,MCO,2015,0,100,0,,0.005,0
Monaco,MCO,2016,0,100,0,,0.005,0
Monaco,MCO,2017,0,100,0,,0.005,0
Monaco,MCO,2018,0,100,0,,0.005,0
Monaco,MCO,2019,0,100,0,,0.005,0
Monaco,MCO,2020,0,100,0,,0.005,0
Monaco,MCO,2021,0,100,0,,0.005,0
Monaco,MCO,2022,0,100,0,,0.005,0
Mongolia,MNG,1993,53.037384,19.859814,27.102804,1.2298851,0.428,
Mongolia,MNG,1994,51.937984,19.69697,28.365046,1.2546419,0.43661538,0.0086
Mongolia,MNG,1995,50.881134,19.540428,29.578438,1.2793988,0.44523078,0.0086
Mongolia,MNG,1996,49.864407,19.38983,30.745762,1.3041556,0.45384616,0.0086
Mongolia,MNG,1997,48.885563,19.244844,31.869595,1.3289125,0.46246153,0.0086
Mongolia,MNG,1998,47.94252,19.10516,32.95232,1.3536693,0.47107694,0.0086
Mongolia,MNG,1999,47.033356,18.970493,33.99615,1.3784262,0.4796923,0.0086
Mongolia,MNG,2000,46.15627,18.84058,35.00315,1.403183,0.48830768,0.0086
Mongolia,MNG,2001,45.309597,18.71517,35.97523,1.4279399,0.4969231,0.0086
Mongolia,MNG,2002,44.491783,18.594036,36.91418,1.4526967,0.50553846,0.0086
Mongolia,MNG,2003,43.701378,18.47696,37.821663,1.4774536,0.51415384,0.0086
Mongolia,MNG,2004,42.937023,18.363743,38.699234,1.5022104,0.5227692,0.0086
Mongolia,MNG,2005,42.197453,18.254198,39.54835,1.4689655,0.5112,-0.0116
Mongolia,MNG,2006,41.48148,18.148148,40.37037,1.5517242,0.54,0.0288
Mongolia,MNG,2007,42.305336,16.370325,41.32434,1.5622605,0.54366666,0.0037
Mongolia,MNG,2008,43.11815,14.616322,42.26553,1.572797,0.54733336,0.0037
Mongolia,MNG,2009,43.920147,12.885662,43.19419,1.5833334,0.551,0.0037
Mongolia,MNG,2010,46.307228,13.499341,40.19343,1.5251915,0.53076667,-0.0202
Mongolia,MNG,2011,48.883522,14.161661,36.95482,1.4670498,0.51053333,-0.0202
Mongolia,MNG,2012,51.672447,14.878646,33.44891,1.408908,0.4903,-0.0202
Mongolia,MNG,2013,54.70146,15.657353,29.641186,1.3507663,0.47006667,-0.0202
Mongolia,MNG,2014,58.002964,16.506113,25.490923,1.2926245,0.44983333,-0.0202
Mongolia,MNG,2015,61.615456,17.434824,20.94972,1.2344828,0.4296,-0.0202
Mongolia,MNG,2016,54.26038,9.796713,35.942905,1.3287356,0.4624,0.0328
Mongolia,MNG,2017,54.26038,9.796713,35.942905,1.3287356,0.4624,0
Mongolia,MNG,2018,54.26038,9.796713,35.942905,1.3287356,0.4624,0
Mongolia,MNG,2019,54.26038,9.796713,35.942905,1.3287356,0.4624,0
Mongolia,MNG,2020,54.26038,9.796713,35.942905,1.3287356,0.4624,0
Mongolia,MNG,2021,54.26038,9.796713,35.942905,1.3287356,0.4624,0
Mongolia,MNG,2022,54.26038,9.796713,35.942905,1.3287356,0.4624,0
Montenegro,MNE,2006,5.4231715,58.34018,36.23665,,0.16226667,
Montenegro,MNE,2007,3.8953373,56.384026,39.72064,,0.16943334,0.0072
Montenegro,MNE,2008,1.0565568,59.91299,39.030453,,0.1609,-0.0085
Montenegro,MNE,2009,0.4954126,28.697989,70.66963,,0.34314832,0.1822
Montenegro,MNE,2010,0.324145,19.17286,80.503,,0.5244567,0.1813
Montenegro,MNE,2011,0.3204584,14.520373,85.159164,,0.7068,0.1823
Montenegro,MNE,2012,0.3182839,11.776129,87.90559,,0.88914335,0.1823
Montenegro,MNE,2013,0.3168495,9.965904,89.71725,,1.0714867,0.1823
Montenegro,MNE,2014,0.3156913,8.678322,90.96134,,1.25439,0.1829
Montenegro,MNE,2015,0.3150734,7.724462,91.960464,,1.4361733,0.1818
Montenegro,MNE,2016,0.3144136,6.9809294,92.6818,,1.6188867,0.1827
Montenegro,MNE,2017,0.3139687,6.3898597,93.28091,,1.801135,0.1822
Montenegro,MNE,2018,0.31360555,5.907414,93.769905,,1.9833833,0.1822
Montenegro,MNE,2019,0.3133035,5.506169,94.176605,,2.1656318,0.1822
Montenegro,MNE,2020,0.31304836,5.167215,94.520164,,2.34788,0.1822
Montenegro,MNE,2021,0.26416534,3.9227097,95.813126,,3.09276,0.7449
Montenegro,MNE,2022,0.3062926,5.4969554,94.197205,,2.20704,-0.8857
Morocco,MAR,1990,89.15832,,,34.40207,9.9766,
Morocco,MAR,1991,90.73959,,,36.238277,10.5091,0.5325
Morocco,MAR,1992,92.1684,4.9162517,2.9153464,38.074482,11.0416,0.5325
Morocco,MAR,1993,91.33448,5.705291,2.9602282,38.050346,11.0346,-0.007
Morocco,MAR,1994,89.213585,6.4030385,2.9624665,38.574482,11.1866,0.152
Morocco,MAR,1995,87.779755,7.133659,2.9862344,38.81586,11.2566,0.07
Morocco,MAR,1996,89.14481,7.848186,3.0070016,39.08993,11.33608,0.0795
Morocco,MAR,1997,88.654785,8.379157,2.9660544,40.179516,11.65206,0.316
Morocco,MAR,1998,88.19069,8.88204,2.9272733,41.269104,11.96804,0.316
Morocco,MAR,1999,87.7505,9.359007,2.8904908,42.35869,12.28402,0.316
Morocco,MAR,2000,87.31166,9.809675,2.854877,43.448277,12.6,0.316
Morocco,MAR,2001,80.44342,15.450534,4.1060424,47.263794,13.7065,1.1065
Morocco,MAR,2002,74.581535,20.24838,5.1700864,51.07931,14.813,1.1065
Morocco,MAR,2003,75.78739,19.329262,4.883348,49.251724,14.283,-0.53
Morocco,MAR,2004,77.0896,18.336704,4.5736985,47.424137,13.753,-0.53
Morocco,MAR,2005,78.50018,17.261538,4.2382774,45.59655,13.223,-0.53
Morocco,MAR,2006,80.03327,16.093,3.8737276,43.768967,12.693,-0.53
Morocco,MAR,2007,81.705536,14.81838,3.4760826,41.94138,12.163,-0.53
Morocco,MAR,2008,83.536835,13.422543,3.040621,40.113792,11.633,-0.53
Morocco,MAR,2009,85.55099,11.887332,2.5616796,38.286205,11.103,-0.53
Morocco,MAR,2010,87.77682,10.190778,2.0324035,36.458622,10.573,-0.53
Morocco,MAR,2011,87.77682,10.190778,2.0324035,36.458622,10.573,0
Morocco,MAR,2012,87.77682,10.190778,2.0324035,36.458622,10.573,0
Morocco,MAR,2013,87.77682,10.190778,2.0324035,36.458622,10.573,0
Morocco,MAR,2014,87.77682,10.190778,2.0324035,36.458622,10.573,0
Morocco,MAR,2015,87.77682,10.190778,2.0324035,36.458622,10.573,0
Morocco,MAR,2016,87.77682,10.190778,2.0324035,36.458622,10.573,0
Morocco,MAR,2017,87.77682,10.190778,2.0324035,36.458622,10.573,0
Morocco,MAR,2018,87.77682,10.190778,2.0324035,36.458622,10.573,0
Morocco,MAR,2019,87.77682,10.190778,2.0324035,36.458622,10.573,0
Morocco,MAR,2020,87.77682,10.190778,2.0324035,36.458622,10.573,0
Morocco,MAR,2021,87.77682,10.190778,2.0324035,36.458622,10.573,0
Morocco,MAR,2022,87.77682,10.190778,2.0324035,36.458622,10.573,0
Mozambique,MOZ,1990,89.256195,8.76033,1.983471,0.6031904,0.605,
Mozambique,MOZ,1991,87.662224,10.2429495,2.0948248,0.62966734,0.6315564,0.0266
Mozambique,MOZ,1992,86.19689,11.605914,2.197192,0.6561443,0.6581127,0.0266
Mozambique,MOZ,1993,84.84523,12.863149,2.2916179,0.68262124,0.6846691,0.0266
Mozambique,MOZ,1994,83.59451,14.026495,2.3789926,0.70909816,0.71122545,0.0266
Mozambique,MOZ,1995,82.43383,15.1060915,2.4600768,0.7355751,0.7377818,0.0266
Mozambique,MOZ,1996,81.353806,16.11067,2.535527,0.762052,0.7643382,0.0266
Mozambique,MOZ,1997,80.346306,17.047785,2.60591,0.788529,0.79089457,0.0266
Mozambique,MOZ,1998,79.40427,17.924011,2.67172,0.8150059,0.8174509,0.0266
Mozambique,MOZ,1999,78.521515,18.7451,2.7333887,0.8414828,0.84400725,0.0266
Mozambique,MOZ,2000,77.69261,19.516092,2.791295,0.86795974,0.8705636,0.0266
Mozambique,MOZ,2001,76.3832,20.663317,2.9534838,0.9006381,0.90334,0.0328
Mozambique,MOZ,2002,75.52975,21.411472,3.0587819,0.9472098,0.9500514,0.0467
Mozambique,MOZ,2003,74.75628,22.089506,3.1542106,0.9937815,0.9967629,0.0467
Mozambique,MOZ,2004,74.05207,22.706837,3.2410958,1.0403532,1.0434743,0.0467
Mozambique,MOZ,2005,73.4082,23.271265,3.3205352,1.0869249,1.0901858,0.0467
Mozambique,MOZ,2006,73.361206,23.53015,3.1086416,1.1250919,1.1284672,0.0383
Mozambique,MOZ,2007,73.3173,23.772045,2.9106529,1.1632588,1.1667485,0.0383
Mozambique,MOZ,2008,73.276184,23.998573,2.7252433,1.2014257,1.20503,0.0383
Mozambique,MOZ,2009,73.237595,24.211151,2.5512514,1.2395927,1.2433114,0.0383
Mozambique,MOZ,2010,73.20132,24.411028,2.3876538,1.2777596,1.2815928,0.0383
Mozambique,MOZ,2011,73.167145,24.599312,2.233546,1.3159266,1.3198743,0.0383
Mozambique,MOZ,2012,73.134895,24.776981,2.0881257,1.3540934,1.3581557,0.0383
Mozambique,MOZ,2013,73.10441,24.94491,1.9506786,1.3922603,1.3964372,0.0383
Mozambique,MOZ,2014,73.075554,25.103878,1.820566,1.4304273,1.4347186,0.0383
Mozambique,MOZ,2015,73.0482,25.254583,1.6972165,1.4685942,1.473,0.0383
Mozambique,MOZ,2016,73.0482,25.254583,1.6972165,1.4685942,1.473,0
Mozambique,MOZ,2017,73.0482,25.254583,1.6972165,1.4685942,1.473,0
Mozambique,MOZ,2018,73.0482,25.254583,1.6972165,1.4685942,1.473,0
Mozambique,MOZ,2019,73.0482,25.254583,1.6972165,1.4685942,1.473,0
Mozambique,MOZ,2020,73.0482,25.254583,1.6972165,1.4685942,1.473,0
Mozambique,MOZ,2021,73.0482,25.254583,1.6972165,1.4685942,1.473,0
Mozambique,MOZ,2022,73.0482,25.254583,1.6972165,1.4685942,1.473,0
Myanmar,MMR,1990,96.09511,3.333282,0.57161033,2.9320664,29.402761,
Myanmar,MMR,1991,95.303474,4.0771146,0.6194132,2.970185,29.785015,0.3823
Myanmar,MMR,1992,94.5319,4.802097,0.66600454,3.0083036,30.167269,0.3823
Myanmar,MMR,1993,93.77963,5.5089364,0.71142995,3.0464222,30.549522,0.3823
Myanmar,MMR,1994,93.04596,6.198306,0.75573266,3.084541,30.931776,0.3823
Myanmar,MMR,1995,92.3302,6.870845,0.7989537,3.1226597,31.314032,0.3823
Myanmar,MMR,1996,91.63171,7.527162,0.84113234,3.1607783,31.696285,0.3823
Myanmar,MMR,1997,90.94986,8.167838,0.8823057,3.198897,32.078537,0.3823
Myanmar,MMR,1998,90.284065,8.793425,0.9225094,3.2370155,32.460793,0.3823
Myanmar,MMR,1999,89.63377,9.404449,0.96177715,3.2751343,32.843044,0.3823
Myanmar,MMR,2000,88.99844,10.001414,1.0001415,3.3138213,33.231,0.388
Myanmar,MMR,2001,88.909546,9.991425,1.0990267,3.3138213,33.231,0
Myanmar,MMR,2002,88.82083,9.981455,1.1977146,3.3138213,33.231,0
Myanmar,MMR,2003,88.73229,9.971505,1.2962056,3.3138213,33.231,0
Myanmar,MMR,2004,88.64393,9.961575,1.3945005,3.3138213,33.231,0
Myanmar,MMR,2005,88.55573,9.951664,1.4925998,3.3138213,33.231,0
Myanmar,MMR,2006,88.55573,9.951664,1.4925998,3.3138213,33.231,0
Myanmar,MMR,2007,88.55573,9.951664,1.4925998,3.3138213,33.231,0
Myanmar,MMR,2008,88.55573,9.951664,1.4925998,3.3138213,33.231,0
Myanmar,MMR,2009,88.55573,9.951664,1.4925998,3.3138213,33.231,0
Myanmar,MMR,2010,88.55573,9.951664,1.4925998,3.3138213,33.231,0
Myanmar,MMR,2011,88.55573,9.951664,1.4925998,3.3138213,33.231,0
Myanmar,MMR,2012,88.55573,9.951664,1.4925998,3.3138213,33.231,0
Myanmar,MMR,2013,88.55573,9.951664,1.4925998,3.3138213,33.231,0
Myanmar,MMR,2014,88.55573,9.951664,1.4925998,3.3138213,33.231,0
Myanmar,MMR,2015,88.55573,9.951664,1.4925998,3.3138213,33.231,0
Myanmar,MMR,2016,88.55573,9.951664,1.4925998,3.3138213,33.231,0
Myanmar,MMR,2017,88.55573,9.951664,1.4925998,3.3138213,33.231,0
Myanmar,MMR,2018,88.55573,9.951664,1.4925998,3.3138213,33.231,0
Myanmar,MMR,2019,88.55573,9.951664,1.4925998,3.3138213,33.231,0
Myanmar,MMR,2020,88.55573,9.951664,1.4925998,3.3138213,33.231,0
Myanmar,MMR,2021,88.55573,9.951664,1.4925998,3.3138213,33.231,0
Myanmar,MMR,2022,88.55573,9.951664,1.4925998,3.3138213,33.231,0
Namibia,NAM,1990,69.67071,,,3.741883,0.2305,
Namibia,NAM,1991,68.273094,28.514057,3.2128515,4.037338,0.2487,0.0182
Namibia,NAM,1992,68.77451,27.843138,3.3823528,4.1347404,0.2547,0.006
Namibia,NAM,1993,69.25288,27.203066,3.5440612,4.232143,0.2607,0.006
Namibia,NAM,1994,69.70974,26.59176,3.6985018,4.3295455,0.2667,0.006
Namibia,NAM,1995,70.14652,26.007326,3.8461537,4.426948,0.2727,0.006
Namibia,NAM,1996,70.564514,25.448029,3.9874551,4.3327923,0.2669,-0.0058
Namibia,NAM,1997,70.96491,24.912281,4.122807,4.462662,0.2749,0.008
Namibia,NAM,1998,71.3488,24.398626,4.2525773,4.5925326,0.2829,0.008
Namibia,NAM,1999,71.71717,23.905724,4.3771043,4.7224026,0.2909,0.008
Namibia,NAM,2000,71,24.333334,4.6666665,4.8652596,0.2997,0.0088
Namibia,NAM,2001,70.563705,24.605581,4.830716,4.7207794,0.2908,-0.0089
Namibia,NAM,2002,70.10717,24.890453,5.0023737,4.5762987,0.2819,-0.0089
Namibia,NAM,2003,70.266,24.660517,5.073485,4.428852,0.27281728,-0.0091
Namibia,NAM,2004,70.425545,24.429535,5.144919,4.2814054,0.26373458,-0.0091
Namibia,NAM,2005,70.585815,24.197504,5.216678,4.133959,0.25465187,-0.0091
Namibia,NAM,2006,70.746826,23.964413,5.288765,3.9865124,0.24556915,-0.0091
Namibia,NAM,2007,70.90856,23.730255,5.3611813,3.842863,0.23672035,-0.0088
Namibia,NAM,2008,71.071045,23.495026,5.4339294,3.6961758,0.22768444,-0.009
Namibia,NAM,2009,71.23427,23.258717,5.507012,3.5494888,0.21864851,-0.009
Namibia,NAM,2010,71.398254,23.021318,5.5804305,3.4028015,0.20961258,-0.009
Namibia,NAM,2011,71.56299,22.782825,5.654188,3.2561145,0.20057665,-0.009
Namibia,NAM,2012,71.728485,22.543228,5.7282867,3.1094272,0.19154072,-0.009
Namibia,NAM,2013,71.89475,22.30252,5.802729,2.9627402,0.18250479,-0.009
Namibia,NAM,2014,72.06179,22.060694,5.877517,2.8069396,0.17290747,-0.0096
Namibia,NAM,2015,72.22961,21.817743,5.952654,2.659493,0.16382477,-0.0091
Namibia,NAM,2016,72.3982,21.573656,6.028141,2.5120463,0.15474206,-0.0091
Namibia,NAM,2017,72.56759,21.328428,6.1039815,2.3645997,0.14565934,-0.0091
Namibia,NAM,2018,72.73777,21.082048,6.1801777,2.217153,0.13657664,-0.0091
Namibia,NAM,2019,72.90876,20.83451,6.256732,2.0826173,0.12828922,-0.0083
Namibia,NAM,2020,138.67691,39.063423,12.018665,1.9359301,0.11925329,-0.009
Namibia,NAM,2021,155.80188,47.72357,14.425239,1.6714201,0.10295948,-0.0163
Namibia,NAM,2022,71.484924,21.8965,6.618579,1.6714201,0.10295948,0
Nepal,NPL,2000,97.46405,2.113464,0.42248365,4.824672,9.5625,
Nepal,NPL,2001,97.59755,2.0022159,0.40023375,4.818073,9.54942,-0.0131
Nepal,NPL,2002,97.731415,1.8906624,0.37792277,4.8114734,9.53634,-0.0131
Nepal,NPL,2003,97.86565,1.7788026,0.35555053,4.804874,9.52326,-0.0131
Nepal,NPL,2004,98.00025,1.6666352,0.3331167,4.7982745,9.51018,-0.0131
Nepal,NPL,2005,98.13522,1.5541587,0.31062114,4.791675,9.4971,-0.0131
Nepal,NPL,2006,98.13522,1.5541587,0.31062114,4.791675,9.4971,0
Nepal,NPL,2007,98.13522,1.5541587,0.31062114,4.791675,9.4971,0
Nepal,NPL,2008,98.13522,1.5541587,0.31062114,4.791675,9.4971,0
Nepal,NPL,2009,98.13522,1.5541587,0.31062114,4.791675,9.4971,0
Nepal,NPL,2010,98.13522,1.5541587,0.31062114,4.791675,9.4971,0
Nepal,NPL,2011,98.13522,1.5541587,0.31062114,4.791675,9.4971,0
Nepal,NPL,2012,98.13522,1.5541587,0.31062114,4.791675,9.4971,0
Nepal,NPL,2013,98.13522,1.5541587,0.31062114,4.791675,9.4971,0
Nepal,NPL,2014,98.13522,1.5541587,0.31062114,4.791675,9.4971,0
Nepal,NPL,2015,98.13522,1.5541587,0.31062114,4.791675,9.4971,0
Nepal,NPL,2016,98.13522,1.5541587,0.31062114,4.791675,9.4971,0
Nepal,NPL,2017,98.13522,1.5541587,0.31062114,4.791675,9.4971,0
Nepal,NPL,2018,98.13522,1.5541587,0.31062114,4.791675,9.4971,0
Nepal,NPL,2019,98.13522,1.5541587,0.31062114,4.791675,9.4971,0
Nepal,NPL,2020,98.13522,1.5541587,0.31062114,4.791675,9.4971,0
Nepal,NPL,2021,98.13522,1.5541587,0.31062114,4.791675,9.4971,0
Nepal,NPL,2022,98.13522,1.5541587,0.31062114,4.791675,9.4971,0
Netherlands,NLD,1990,,,,72.57273,7.983,
Netherlands,NLD,1991,2.304898,16.034073,81.661026,72.57273,7.983,0
Netherlands,NLD,1992,2.6371856,16.594782,80.76803,69.88909,7.6878,-0.2952
Netherlands,NLD,1993,2.995062,17.198673,79.80627,67.20545,7.3926,-0.2952
Netherlands,NLD,1994,3.3816018,17.85093,78.76747,64.52182,7.0974,-0.2952
Netherlands,NLD,1995,3.8003917,18.557606,77.642006,61.83818,6.8022,-0.2952
Netherlands,NLD,1996,3.534655,19.471338,76.994,59.154545,6.507,-0.2952
Netherlands,NLD,1997,2.7840145,18.283144,78.93284,63.53182,6.9885,0.4815
Netherlands,NLD,1998,2.1308916,17.24931,80.6198,67.90909,7.47,0.4815
Netherlands,NLD,1999,1.5574423,16.341593,82.10097,72.28636,7.9515,0.4815
Netherlands,NLD,2000,1.0499259,15.53824,83.411835,76.663635,8.433,0.4815
Netherlands,NLD,2001,0.5990308,14.616799,84.78417,81.04091,8.9145,0.4815
Netherlands,NLD,2002,0.5497865,13.496423,85.95379,87.0325,9.573575,0.6591
Netherlands,NLD,2003,1.6072223,12.38074,86.01204,93.02409,10.23265,0.6591
Netherlands,NLD,2004,0.8029441,11.620234,87.57682,99.01568,10.891725,0.6591
Netherlands,NLD,2005,0.6475742,10.873706,88.47872,105.00727,11.5508,0.6591
Netherlands,NLD,2006,1.0780383,11.081313,87.840645,102.23818,11.2462,-0.3046
Netherlands,NLD,2007,0.65668696,11.398405,87.94491,99.46909,10.9416,-0.3046
Netherlands,NLD,2008,0.66954905,11.691428,87.63902,97.36364,10.71,-0.2316
Netherlands,NLD,2009,0.85927814,11.423127,87.7176,103.72727,11.41,0.7
Netherlands,NLD,2010,1.1171138,11.143668,87.73922,99.36364,10.93,-0.48
Netherlands,NLD,2011,1.0992045,11.314259,87.58654,92.63636,10.19,-0.74
Netherlands,NLD,2012,0.5613996,11.349224,88.08938,97.420906,10.7163,0.5263
Netherlands,NLD,2013,1.0844095,12.39615,86.51944,96.72727,10.64,-0.0763
Netherlands,NLD,2014,0.92726517,13.723973,85.34876,86.27273,9.49,-1.15
Netherlands,NLD,2015,1.2590954,14.707281,84.03124,76.46364,8.411,-1.079
Netherlands,NLD,2016,0.9534611,15.704065,76.404015,72.94,8.0234,-0.3876
Netherlands,NLD,2017,1.5120891,21.31073,77.15949,71.965454,7.9162,-0.1072
Netherlands,NLD,2018,3.7341475,24.213245,72.052605,73.54727,8.0902,0.174
Netherlands,NLD,2019,3.0154462,23.401243,73.58331,76.39455,8.4034,0.3132
Netherlands,NLD,2020,3.6985312,24.73754,71.56393,75.509094,8.306,-0.0974
Netherlands,NLD,2021,1.0549283,25.940613,73.004456,72.23818,7.9462,-0.3598
Netherlands,NLD,2022,3.2192955,26.531748,70.248955,74.85727,8.2343,0.2881
New Zealand,NZL,1990,44,46,10,0.71647006,2.3428571,
New Zealand,NZL,1991,44,46,10,0.74355614,2.4314287,0.0886
New Zealand,NZL,1992,44,46,10,0.7706422,2.52,0.0886
New Zealand,NZL,1993,44,46,10,0.79772824,2.6085715,0.0886
New Zealand,NZL,1994,44,46,10,0.8248143,2.6971428,0.0886
New Zealand,NZL,1995,44,46,10,0.8519004,2.7857144,0.0886
New Zealand,NZL,1996,44,46,10,0.8789865,2.8742857,0.0886
New Zealand,NZL,1997,44,46,10,0.9060725,2.9628572,0.0886
New Zealand,NZL,1998,44,46,10,0.9331586,3.0514286,0.0886
New Zealand,NZL,1999,44,46,10,0.96024466,3.14,0.0886
New Zealand,NZL,2000,65.93391,25.757288,8.308803,1.0374836,3.3925714,0.2526
New Zealand,NZL,2001,63.478466,25.07757,11.443965,1.1147226,3.6451428,0.2526
New Zealand,NZL,2002,61.654655,24.5727,13.772643,1.1919615,3.8977144,0.2526
New Zealand,NZL,2003,60.246536,24.182901,15.570562,1.2692006,4.1502857,0.2526
New Zealand,NZL,2004,59.126526,23.872858,17.000618,1.3464395,4.4028573,0.2526
New Zealand,NZL,2005,58.214405,23.620365,18.16523,1.4236785,4.6554284,0.2526
New Zealand,NZL,2006,57.457214,23.410757,19.132029,1.5009174,4.908,0.2526
New Zealand,NZL,2007,58.55458,21.36512,20.080301,1.523318,4.98125,0.0732
New Zealand,NZL,2008,59.62014,19.37877,21.001087,1.5457187,5.0545,0.0733
New Zealand,NZL,2009,60.65526,17.449173,21.895569,1.5681193,5.12775,0.0732
New Zealand,NZL,2010,61.66122,15.573928,22.764853,1.5905199,5.201,0.0733
New Zealand,NZL,2011,62.38684,14.580413,23.032747,1.9478593,6.3695,1.1685
New Zealand,NZL,2012,63.12974,13.563236,23.30702,2.3051987,7.538,1.1685
New Zealand,NZL,2013,63.890553,12.521542,23.587906,2.6625383,8.7065,1.1685
New Zealand,NZL,2014,64.66992,11.454433,23.875643,3.0198777,9.875,1.1685
New Zealand,NZL,2015,65.468544,10.36097,24.170488,3.0198777,9.875,0
New Zealand,NZL,2016,66.28713,9.240161,24.472706,3.0198777,9.875,0
New Zealand,NZL,2017,66.098335,9.498667,24.403002,3.0198777,9.875,0
New Zealand,NZL,2018,65.73248,9.999588,24.267931,3.0198777,9.875,0
New Zealand,NZL,2019,65.58773,10.197776,24.21449,3.0198777,9.875,0
New Zealand,NZL,2020,64.774796,11.310846,23.91436,3.0198777,9.875,0
New Zealand,NZL,2021,64.85995,11.194256,23.945799,3.0198777,9.875,0
New Zealand,NZL,2022,64.94532,11.077359,23.977318,3.0198777,9.875,0
Nicaragua,NIC,1998,83.81323,14.085603,2.1011672,0.8224825,1.2848,
Nicaragua,NIC,1999,83.15311,14.328572,2.5183227,0.8554449,1.3362905,0.0515
Nicaragua,NIC,2000,82.54196,14.553514,2.9045272,0.88770306,1.386681,0.0504
Nicaragua,NIC,2001,81.97453,14.762363,3.2631025,0.9206654,1.4381714,0.0515
Nicaragua,NIC,2002,81.0155,15.304071,3.6804283,0.93196887,1.4558285,0.0177
Nicaragua,NIC,2003,80.07943,15.8328085,4.087761,0.94327235,1.4734857,0.0177
Nicaragua,NIC,2004,79.16551,16.349035,4.4854555,0.9545758,1.4911429,0.0177
Nicaragua,NIC,2005,78.272964,16.85319,4.8738494,0.96587926,1.5088,0.0177
Nicaragua,NIC,2006,77.73979,17.421602,4.8386035,0.9729211,1.5198,0.011
Nicaragua,NIC,2007,77.21428,17.981855,4.803864,0.9799629,1.5308,0.011
Nicaragua,NIC,2008,76.69626,18.53412,4.7696195,0.9870047,1.5418,0.011
Nicaragua,NIC,2009,77.47483,18.143293,4.3818727,0.9774732,1.5269109,-0.0149
Nicaragua,NIC,2010,78.2687,17.74479,3.9865105,0.96794176,1.5120218,-0.0149
Nicaragua,NIC,2011,79.07831,17.338383,3.583306,0.9584103,1.4971328,-0.0149
Nicaragua,NIC,2012,79.72478,17.074884,3.2003353,0.9404767,1.4691186,-0.028
Nicaragua,NIC,2013,80.39633,16.801163,2.8025043,0.9225431,1.4411045,-0.028
Nicaragua,NIC,2014,81.09446,16.51661,2.3889315,0.90460944,1.4130905,-0.028
Nicaragua,NIC,2015,81.82077,16.220568,1.9586631,0.88667583,1.3850764,-0.028
Nicaragua,NIC,2016,82.577,15.912331,1.5106677,0.8687422,1.3570622,-0.028
Nicaragua,NIC,2017,83.36504,15.591127,1.0438267,0.8508086,1.3290482,-0.028
Nicaragua,NIC,2018,84.18695,15.256121,0.5569252,0.832875,1.3010341,-0.028
Nicaragua,NIC,2019,85.08634,14.913658,0.04866562,0.8145445,1.2724,-0.0286
Nicaragua,NIC,2020,85.04495,14.906404,0.04866562,0.8149414,1.27302,0.0006
Nicaragua,NIC,2021,85.04495,14.906404,0.04866562,0.8149414,1.27302,0
Nicaragua,NIC,2022,85.04495,14.906404,0.04866562,0.8149414,1.27302,0
Niger,NER,1990,78.211296,19.460775,2.3279293,15.911261,0.5568941,
Niger,NER,1991,76.6112,20.922375,2.4664245,16.724033,0.58534116,0.0284
Niger,NER,1992,75.16865,22.240068,2.5912838,17.536806,0.61378825,0.0284
Niger,NER,1993,73.861465,23.43411,2.7044265,18.34958,0.6422353,0.0284
Niger,NER,1994,72.67144,24.52113,2.807428,19.162354,0.6706824,0.0284
Niger,NER,1995,71.58351,25.514893,2.901593,19.975126,0.6991294,0.0284
Niger,NER,1996,70.585075,26.42691,2.988012,20.787899,0.7275765,0.0284
Niger,NER,1997,69.66553,27.266869,3.0676033,21.600672,0.7560235,0.0284
Niger,NER,1998,68.81587,28.042984,3.1411448,22.413445,0.7844706,0.0284
Niger,NER,1999,68.02843,28.762268,3.2093015,23.22622,0.81291765,0.0284
Niger,NER,2000,67.296616,29.430744,3.2726436,24.038992,0.8413647,0.0284
Niger,NER,2001,67.174736,29.541168,3.2840981,24.851765,0.8698118,0.0284
Niger,NER,2002,67.05903,29.645998,3.2949722,25.664537,0.8982588,0.0284
Niger,NER,2003,66.94904,29.745647,3.305309,26.47731,0.9267059,0.0284
Niger,NER,2004,66.84436,29.84049,3.3151472,27.290085,0.9551529,0.0284
Niger,NER,2005,66.74461,29.930866,3.3245223,28.102858,0.9836,0.0284
Niger,NER,2006,71.50713,25.5583,2.9345698,29.77873,1.0422555,0.0587
Niger,NER,2007,75.92631,21.500961,2.57273,31.454603,1.1009111,0.0587
Niger,NER,2008,80.03799,17.725948,2.2360685,33.130478,1.1595666,0.0587
Niger,NER,2009,83.87317,14.204783,1.9220455,34.80635,1.2182223,0.0587
Niger,NER,2010,87.458855,10.912695,1.628452,36.482224,1.2768778,0.0587
Niger,NER,2011,90.81861,7.828033,1.3533568,38.158096,1.3355334,0.0587
Niger,NER,2012,93.973145,4.9317913,1.0950656,39.83397,1.3941889,0.0587
Niger,NER,2013,90.48349,7.8622537,1.6542587,41.509842,1.4528445,0.0587
Niger,NER,2014,87.5951,10.287793,2.1171021,43.185715,1.5115,0.0587
Niger,NER,2015,88.52745,9.532385,1.9401685,49.185715,1.7215,0.21
Niger,NER,2016,87.91209,10.101877,1.9860348,49.92,1.7472,0.0257
Niger,NER,2017,86.41096,11.312037,2.277003,45.179688,1.581289,-0.1659
Niger,NER,2018,90.8656,7.599143,1.5352594,69.47174,2.431511,0.8502
Niger,NER,2019,91.02311,7.4806027,1.4962909,73.80879,2.5833077,0.1518
Niger,NER,2020,91.02311,7.4806027,1.4962909,73.80879,2.5833077,0
Niger,NER,2021,91.02311,7.4806027,1.4962909,73.80879,2.5833077,0
Niger,NER,2022,91.02311,7.4806027,1.4962909,73.80879,2.5833077,0
Nigeria,NGA,1990,64.19176,24.160889,11.647354,3.0205011,6.6753078,
Nigeria,NGA,1991,62.62154,25.228876,12.149584,3.1846502,7.038077,0.3628
Nigeria,NGA,1992,61.205196,26.192207,12.602597,3.3487992,7.400846,0.3628
Nigeria,NGA,1993,59.92116,27.065546,13.013291,3.512948,7.7636156,0.3628
Nigeria,NGA,1994,58.751728,27.86094,13.387332,3.677097,8.126385,0.3628
Nigeria,NGA,1995,57.682205,28.58838,13.729415,3.8412461,8.489154,0.3628
Nigeria,NGA,1996,56.700314,29.256216,14.04347,4.005395,8.851923,0.3628
Nigeria,NGA,1997,55.79571,29.871485,14.332805,4.1698575,9.2153845,0.3635
Nigeria,NGA,1998,54.959614,30.440159,14.600228,4.333693,9.577461,0.3621
Nigeria,NGA,1999,54.184525,30.967339,14.848138,4.4979463,9.940461,0.363
Nigeria,NGA,2000,53.464,31.457403,15.078595,4.661991,10.303,0.3625
Nigeria,NGA,2001,52.180008,32.32509,15.494905,4.776742,10.5566,0.2536
Nigeria,NGA,2002,50.956238,33.152073,15.891688,4.8914933,10.8102,0.2536
Nigeria,NGA,2003,49.788555,33.94116,16.270287,5.006244,11.0638,0.2536
Nigeria,NGA,2004,48.67319,34.694885,16.631922,5.1209955,11.3174,0.2536
Nigeria,NGA,2005,47.606705,35.41559,16.977709,5.2357464,11.571,0.2536
Nigeria,NGA,2006,46.87686,36.405712,16.717428,5.317285,11.7512,0.1802
Nigeria,NGA,2007,46.169056,37.365932,16.465008,5.3988237,11.9314,0.1802
Nigeria,NGA,2008,45.48231,38.297592,16.220098,5.480362,12.1116,0.1802
Nigeria,NGA,2009,44.815693,39.20194,15.982367,5.5619006,12.2918,0.1802
Nigeria,NGA,2010,44.168335,40.080162,15.751503,5.643439,12.472,0.1802
Nigeria,NGA,2011,44.168335,40.080162,15.751503,5.643439,12.472,0
Nigeria,NGA,2012,44.168335,40.080162,15.751503,5.643439,12.472,0
Nigeria,NGA,2013,44.168335,40.080162,15.751503,5.643439,12.472,0
Nigeria,NGA,2014,44.168335,40.080162,15.751503,5.643439,12.472,0
Nigeria,NGA,2015,44.168335,40.080162,15.751503,5.643439,12.472,0
Nigeria,NGA,2016,44.168335,40.080162,15.751503,5.643439,12.472,0
Nigeria,NGA,2017,44.168335,40.080162,15.751503,5.643439,12.472,0
Nigeria,NGA,2018,44.168335,40.080162,15.751503,5.643439,12.472,0
Nigeria,NGA,2019,44.168335,40.080162,15.751503,5.643439,12.472,0
Nigeria,NGA,2020,44.168335,40.080162,15.751503,5.643439,12.472,0
Nigeria,NGA,2021,44.168335,40.080162,15.751503,5.643439,12.472,0
Nigeria,NGA,2022,44.168335,40.080162,15.751503,5.643439,12.472,0
North America,NAC,2014,36.551704,13.129288,50.319008,8.394176,475.7819,
North America,NAC,2015,37.266014,13.227014,49.506973,8.47082,480.1261,4.3442
North America,NAC,2016,37.3692,13.197258,49.43354,8.475434,480.3876,0.2615
North America,NAC,2017,37.470387,13.168015,49.3616,8.480048,480.6491,0.2615
North America,NAC,2018,37.48936,13.189706,49.32093,8.480048,480.6491,0
North America,NAC,2019,37.509254,13.212448,49.278297,8.480048,480.6491,0
North America,NAC,2020,37.529854,13.238422,49.231724,8.480048,480.6491,0
North America,NAC,2021,37.529854,13.238422,49.231724,8.480048,480.6491,0
North Macedonia,MKD,1996,68.553055,13.826366,17.620579,28.796297,1.555,
North Macedonia,MKD,1997,66.847115,15.861489,17.291395,24.800926,1.33925,-0.2157
North Macedonia,MKD,1998,64.485985,18.678238,16.835781,20.805555,1.1235,-0.2157
North Macedonia,MKD,1999,61.00248,22.833931,16.163591,16.810184,0.90775,-0.2157
North Macedonia,MKD,2000,55.34682,29.580925,15.072254,12.814815,0.692,-0.2158
North Macedonia,MKD,2001,48.14001,32.71072,19.149271,12.2703705,0.6626,-0.0294
North Macedonia,MKD,2002,44.440933,33.496525,22.06254,11.725926,0.6332,-0.0294
North Macedonia,MKD,2003,42.36625,23.02334,34.610413,14.958025,0.80773336,0.1745
North Macedonia,MKD,2004,25.4188,22.36259,52.21861,18.190123,0.98226666,0.1745
North Macedonia,MKD,2005,22.056026,18.761889,59.182087,21.422222,1.1568,0.1745
North Macedonia,MKD,2006,21.523178,26.21807,52.25875,15.814815,0.854,-0.3028
North Macedonia,MKD,2007,22.768505,41.07402,36.157475,10.207407,0.5512,-0.3028
North Macedonia,MKD,2008,40.33662,32.977848,26.68553,14.799074,0.79915,0.248
North Macedonia,MKD,2009,47.574997,30.152857,22.272146,19.390741,1.0471,0.2479
North Macedonia,MKD,2010,48.504448,30.860954,20.6346,16.833334,0.909,-0.1381
North Macedonia,MKD,2011,44.346905,34.80147,20.851622,14.275926,0.7709,-0.1381
North Macedonia,MKD,2012,79.29903,13.528113,7.1728597,11.718518,0.6328,-0.1381
North Macedonia,MKD,2013,31.534264,46.836468,21.62927,9.161111,0.4947,-0.1381
North Macedonia,MKD,2014,39.3999,45.772026,14.828078,12.550765,0.67774135,0.183
North Macedonia,MKD,2015,31.296486,57.324352,11.379162,15.94042,0.8607827,0.183
North Macedonia,MKD,2016,13.3164215,25.488014,2.1372378,19.330074,1.043824,0.183
North Macedonia,MKD,2017,31.706602,63.299152,4.994246,29.606796,1.598767,0.5549
North Macedonia,MKD,2018,6.2517147,13.735782,0.96609235,39.88352,2.15371,0.5549
North Macedonia,MKD,2019,8.691955,19.097288,1.5451669,29.614445,1.59918,-0.5545
North Macedonia,MKD,2020,9.653784,21.210543,1.096642,26.663889,1.43985,-0.1593
North Macedonia,MKD,2021,8.868246,19.484621,0.8479064,29.025742,1.56739,0.1275
North Macedonia,MKD,2022,6.4011054,14.064011,1.4524522,40.212963,2.1715,0.6041
Norway,NOR,1990,,33.14917,,0.59226114,2.2624376,
Norway,NOR,1991,,32.99472,,0.5991312,2.2886813,0.0262
Norway,NOR,1992,,32.843773,,0.6060013,2.314925,0.0262
Norway,NOR,1993,,32.69621,,0.6128714,2.3411686,0.0262
Norway,NOR,1994,,32.551918,,0.6197415,2.3674126,0.0262
Norway,NOR,1995,,32.410793,,0.6266116,2.3936563,0.0262
Norway,NOR,1996,30.165289,32.272728,37.561985,0.6334817,2.4199,0.0262
Norway,NOR,1997,31.012896,32.803307,36.1838,0.62723386,2.3960333,-0.0239
Norway,NOR,1998,31.877583,33.344574,34.777843,0.62098604,2.3721666,-0.0239
Norway,NOR,1999,32.75987,33.896862,33.34327,0.6147382,2.3483,-0.0239
Norway,NOR,2000,31.988174,33.32621,34.685616,0.62995136,2.4064143,0.0581
Norway,NOR,2001,34.165897,31.332361,34.50174,0.67254674,2.5691285,0.1627
Norway,NOR,2002,31.634878,31.634878,36.730244,0.6685976,2.5540428,-0.0151
Norway,NOR,2003,28.913153,32.7018,38.385048,0.67504114,2.5786572,0.0246
Norway,NOR,2004,31.651209,31.2739,37.074894,0.73541135,2.8092713,0.2306
Norway,NOR,2005,26.725945,33.362713,39.911343,0.7170643,2.7391858,-0.0701
Norway,NOR,2006,28.746895,32.2956,38.957504,0.76937175,2.939,0.1998
Norway,NOR,2007,27.920425,31.33406,40.745514,0.7921466,3.026,0.087
Norway,NOR,2008,28.79343,31.94745,39.25912,0.7681283,2.93425,-0.0917
Norway,NOR,2009,29.72279,32.600437,37.676773,0.7441099,2.8425,-0.0918
Norway,NOR,2010,30.113697,31.71401,38.17229,0.7344503,2.8056,-0.0369
Norway,NOR,2011,30.515024,30.803959,38.68102,0.7247644,2.7686,-0.037
Norway,NOR,2012,30.927193,29.869322,39.203484,0.7151047,2.7317,-0.0369
Norway,NOR,2013,30.680126,30.429573,38.8903,0.72089005,2.7538,0.0221
Norway,NOR,2014,30.404118,31.055454,38.54043,0.7274267,2.77877,0.025
Norway,NOR,2015,31.135761,29.396374,39.467865,0.7102958,2.71333,-0.0654
Norway,NOR,2016,31.903484,27.655478,40.441036,0.69316494,2.64789,-0.0654
Norway,NOR,2017,31.394917,28.80871,39.796375,0.7043534,2.69063,0.0427
Norway,NOR,2018,31.419998,28.751833,39.828167,0.70378315,2.6884518,-0.0022
Norway,NOR,2019,31.445122,28.694866,39.860012,0.7032626,2.6864634,-0.002
Norway,NOR,2020,31.470284,28.637808,39.89191,0.7027029,2.684325,-0.0021
Norway,NOR,2021,31.956217,27.535904,40.50788,0.6917513,2.64249,-0.0418
Norway,NOR,2022,31.41698,28.758678,39.82434,0.70363086,2.68787,0.0454
OECD members,OED,2014,47.656895,16.0878,36.253353,7.954755,1014.7746,
OECD members,OED,2015,48.203487,16.098293,35.63683,7.9232254,1010.7524,-4.0222
OECD members,OED,2016,49.097298,15.951615,35.01768,7.941419,1013.07336,2.321
OECD members,OED,2017,49.04856,16.215393,34.711452,7.9560757,1014.94305,1.8697
OECD members,OED,2018,49.390656,16.187056,34.44019,7.972141,1016.99243,2.0494
OECD members,OED,2019,49.61154,16.273846,34.11289,7.9479284,1013.9037,-3.0887
OECD members,OED,2020,49.750748,16.307693,33.89409,7.9328094,1011.97504,-1.9286
OECD members,OED,2021,49.08499,16.378529,33.995796,7.9309554,1011.73846,-0.2366
Oman,OMN,1991,93.86754,4.578904,1.5535568,85.5,1.197,
Oman,OMN,1992,93.44939,4.917444,1.6331658,86.47366,1.2106314,0.0136
Oman,OMN,1993,93.0414,5.2477617,1.7108412,87.44733,1.2242626,0.0136
Oman,OMN,1994,92.643196,5.5701523,1.7866527,88.421,1.2378939,0.0136
Oman,OMN,1995,92.25443,5.884898,1.8606664,86.96609,1.2175252,-0.0204
Oman,OMN,1996,91.87479,6.1922684,1.9329456,87.93976,1.2311566,0.0136
Oman,OMN,1997,91.50393,6.4925184,2.0035505,88.91342,1.2447879,0.0136
Oman,OMN,1998,91.14157,6.7858934,2.0725389,89.887085,1.2584192,0.0136
Oman,OMN,1999,90.78741,7.0726266,2.1399653,90.86075,1.2720505,0.0136
Oman,OMN,2000,90.44118,7.352941,2.2058823,92.85714,1.3,0.0279
Oman,OMN,2001,89.779755,8.265281,1.9549617,90.792206,1.2710909,-0.0289
Oman,OMN,2002,89.105446,9.195402,1.6991504,89.75,1.2565,-0.0146
Oman,OMN,2003,88.41786,10.14383,1.4383043,84.71429,1.186,-0.0705
Oman,OMN,2004,88.067726,9.708597,2.2236755,87.91428,1.2308,0.0448
Oman,OMN,2005,87.74455,9.306875,2.9485745,91.11429,1.2756,0.0448
Oman,OMN,2006,87.445335,8.934939,3.619727,94.314285,1.3204,0.0448
Oman,OMN,2007,87.16751,8.589594,4.242896,97.51428,1.3652,0.0448
Oman,OMN,2008,86.90887,8.268086,4.8230505,100.71429,1.41,0.0448
Oman,OMN,2009,86.66747,7.968031,5.364495,103.91428,1.4548,0.0448
Oman,OMN,2010,86.44167,7.68735,5.8709793,107.11429,1.4996,0.0448
Oman,OMN,2011,86.229996,7.4242253,6.3457828,110.314285,1.5444,0.0448
Oman,OMN,2012,86.03115,7.1770597,6.791788,113.51428,1.5892,0.0448
Oman,OMN,2013,85.84402,6.9444447,7.2115383,116.71429,1.634,0.0448
Oman,OMN,2014,84.67872,6.2287455,9.092536,116.71429,1.634,0
Oman,OMN,2015,82.638885,5.448718,10.87963,116.71429,1.634,0
Oman,OMN,2016,82.638885,4.700855,12.7136755,116.71429,1.634,0
Oman,OMN,2017,82.638885,4.700855,12.7136755,116.71429,1.634,0
Oman,OMN,2018,82.594765,6.940737,12.706887,116.71429,1.634,0
Oman,OMN,2019,80.78329,6.7885118,12.428199,116.71429,1.634,0
Oman,OMN,2020,80.78329,6.7885118,12.428199,116.71429,1.634,0
Oman,OMN,2021,80.78329,6.7885118,12.428199,116.71429,1.634,0
Oman,OMN,2022,80.78329,6.7885118,12.428199,116.71429,1.634,0
Other small states,OSS,2014,50.941902,16.784405,34.064556,1.9897698,5.8958964,
Other small states,OSS,2015,51.49183,17.554665,32.818027,1.9591155,5.807717,-0.0882
Other small states,OSS,2016,50.505154,17.305738,34.169437,2.0005662,5.9269524,0.1192
Other small states,OSS,2017,49.774395,17.329765,34.70602,2.0223644,5.989657,0.0627
Other small states,OSS,2018,50.67335,18.417686,32.762608,1.9526559,5.7891355,-0.2005
Other small states,OSS,2019,56.36976,21.113409,24.438562,1.7470685,5.19775,-0.5914
Other small states,OSS,2020,58.02513,21.902529,22.005358,1.7289685,5.1456842,-0.0521
Other small states,OSS,2021,56.61093,21.123665,24.188555,1.7674948,5.2565074,0.1108
Pacific island small states,PSS,2014,58.892815,29.799765,11.307421,,,
Pacific island small states,PSS,2015,58.892815,29.799765,11.307421,,,
Pacific island small states,PSS,2016,58.892815,29.799765,11.307421,,,
Pacific island small states,PSS,2017,58.892815,29.799765,11.307421,,,
Pacific island small states,PSS,2018,58.892815,29.799765,11.307421,,,
Pacific island small states,PSS,2019,58.892815,29.799765,11.307421,,,
Pacific island small states,PSS,2020,58.892815,29.799765,11.307421,,,
Pacific island small states,PSS,2021,58.892815,29.799765,11.307421,,,
Pakistan,PAK,1990,96.86142,1.5687791,1.5687791,282.65546,155.4605,
Pakistan,PAK,1991,96.78663,1.6066839,1.6066839,282.9091,155.6,0.1395
Pakistan,PAK,1992,96.48219,1.8619123,1.6558955,286.33536,157.48445,1.8844
Pakistan,PAK,1993,96.18495,2.111105,1.7039434,289.76163,159.3689,1.8844
Pakistan,PAK,1994,95.89466,2.3544734,1.7508682,293.18787,161.25333,1.8844
Pakistan,PAK,1995,95.61107,2.5922194,1.796709,296.61414,163.13777,1.8844
Pakistan,PAK,1996,95.33396,2.8245354,1.8415028,300.0404,165.02222,1.8844
Pakistan,PAK,1997,95.06311,3.0516057,1.8852851,303.46667,166.90666,1.8844
Pakistan,PAK,1998,94.7983,3.2736058,1.92809,306.89294,168.7911,1.8844
Pakistan,PAK,1999,94.539345,3.4907036,1.9699495,310.31918,170.67555,1.8844
Pakistan,PAK,2000,94.28605,3.70306,2.0108948,313.74545,172.56,1.8844
Pakistan,PAK,2001,94.291595,3.861116,1.8472898,316.065,173.83575,1.2758
Pakistan,PAK,2002,94.297066,4.016869,1.6860685,318.38455,175.1115,1.2757
Pakistan,PAK,2003,94.30245,4.1703696,1.5271796,320.7041,176.38725,1.2758
Pakistan,PAK,2004,94.30776,4.3216653,1.3705723,323.02365,177.663,1.2757
Pakistan,PAK,2005,94.312996,4.4708037,1.2161983,325.34317,178.93875,1.2758
Pakistan,PAK,2006,94.19898,4.7383513,1.0626653,328.07727,180.4425,1.5038
Pakistan,PAK,2007,94.08685,5.0014772,0.9116703,330.81137,181.94624,1.5037
Pakistan,PAK,2008,93.97656,5.2602887,0.76315075,333.63635,183.5,1.5538
Pakistan,PAK,2009,93.97656,5.2602887,0.76315075,332.8909,183.09,-0.41
Pakistan,PAK,2010,93.97656,5.2602887,0.76315075,336.87274,185.28,2.19
Pakistan,PAK,2011,93.97656,5.2602887,0.76315075,326.32727,179.48,-5.8
Pakistan,PAK,2012,93.97656,5.2602887,0.76315075,341.6,187.88,8.4
Pakistan,PAK,2013,93.97656,5.2602887,0.76315075,333.63635,183.5,-4.38
Pakistan,PAK,2014,93.97656,5.2602887,0.76315075,354.30908,194.87,11.37
Pakistan,PAK,2015,93.97656,5.2602887,0.76315075,358.0182,196.91,2.04
Pakistan,PAK,2016,93.97656,5.2602887,0.76315075,363.21817,199.77,2.86
Pakistan,PAK,2017,93.97656,5.2602887,0.76315075,363.58182,199.97,0.2
Pakistan,PAK,2018,93.97656,5.2602887,0.76315075,350.43637,192.74,-7.23
Pakistan,PAK,2019,93.97656,5.2602887,0.76315075,322.0182,177.11,-15.63
Pakistan,PAK,2020,93.97656,5.2602887,0.76315075,344.70908,189.59,12.48
Pakistan,PAK,2021,93.97656,5.2602887,0.76315075,334.83636,184.16,-5.43
Pakistan,PAK,2022,93.97656,5.2602887,0.76315075,326,179.3,-4.86
Panama,PAN,2010,43.00868,56.027,0.9643202,0.7591508,1.037,
Panama,PAN,2011,41.5045,57.6198,0.87569934,0.8025378,1.0962666,0.0593
Panama,PAN,2012,40.154617,59.049213,0.79616916,0.84592485,1.1555333,0.0593
Panama,PAN,2013,38.93645,60.33915,0.7243991,0.88931185,1.2148,0.0593
Panama,PAN,2014,38.764465,60.694363,0.5411706,0.8792826,1.2011,-0.0137
Panama,PAN,2015,35.73084,63.75769,0.51146805,0.9160322,1.2513,0.0502
Panama,PAN,2016,36.82516,62.663036,0.5118045,0.8868228,1.2114,-0.0399
Panama,PAN,2017,36.82516,62.663036,0.5118045,0.8868228,1.2114,0
Panama,PAN,2018,36.82516,62.663036,0.5118045,0.8868228,1.2114,0
Panama,PAN,2019,36.82516,62.663036,0.5118045,0.8868228,1.2114,0
Panama,PAN,2020,36.82516,62.663036,0.5118045,0.8868228,1.2114,0
Panama,PAN,2021,36.82516,62.663036,0.5118045,0.8868228,1.2114,0
Panama,PAN,2022,36.82516,62.663036,0.5118045,0.8868228,1.2114,0
Papua New Guinea,PNG,2000,0.36845985,56.927044,42.704494,0.033882648,0.2714,
Papua New Guinea,PNG,2001,0.33836368,56.946606,42.71503,0.036896378,0.29554,0.0241
Papua New Guinea,PNG,2002,0.3128128,56.963215,42.723972,0.03991011,0.31968,0.0241
Papua New Guinea,PNG,2003,0.29084986,56.97749,42.731663,0.042923845,0.34382,0.0241
Papua New Guinea,PNG,2004,0.27176866,56.98989,42.738342,0.04593758,0.36796,0.0241
Papua New Guinea,PNG,2005,0.25503698,57.000767,42.744198,0.04895131,0.3921,0.0241
Papua New Guinea,PNG,2006,0.25503698,57.000767,42.744198,0.04895131,0.3921,0
Papua New Guinea,PNG,2007,0.25503698,57.000767,42.744198,0.04895131,0.3921,0
Papua New Guinea,PNG,2008,0.25503698,57.000767,42.744198,0.04895131,0.3921,0
Papua New Guinea,PNG,2009,0.25503698,57.000767,42.744198,0.04895131,0.3921,0
Papua New Guinea,PNG,2010,0.25503698,57.000767,42.744198,0.04895131,0.3921,0
Papua New Guinea,PNG,2011,0.25503698,57.000767,42.744198,0.04895131,0.3921,0
Papua New Guinea,PNG,2012,0.25503698,57.000767,42.744198,0.04895131,0.3921,0
Papua New Guinea,PNG,2013,0.25503698,57.000767,42.744198,0.04895131,0.3921,0
Papua New Guinea,PNG,2014,0.25503698,57.000767,42.744198,0.04895131,0.3921,0
Papua New Guinea,PNG,2015,0.25503698,57.000767,42.744198,0.04895131,0.3921,0
Papua New Guinea,PNG,2016,0.25503698,57.000767,42.744198,0.04895131,0.3921,0
Papua New Guinea,PNG,2017,0.25503698,57.000767,42.744198,0.04895131,0.3921,0
Papua New Guinea,PNG,2018,0.25503698,57.000767,42.744198,0.04895131,0.3921,0
Papua New Guinea,PNG,2019,0.25503698,57.000767,42.744198,0.04895131,0.3921,0
Papua New Guinea,PNG,2020,0.25503698,57.000767,42.744198,0.04895131,0.3921,0
Papua New Guinea,PNG,2021,0.25503698,57.000767,42.744198,0.04895131,0.3921,0
Papua New Guinea,PNG,2022,0.25503698,57.000767,42.744198,0.04895131,0.3921,0
Paraguay,PRY,1990,76.32582,16.377817,7.2963605,0.3793557,0.44384617,
Paraguay,PRY,1991,75.79074,16.818182,7.391081,0.38330045,0.44846153,0.0046
Paraguay,PRY,1992,75.266556,17.249575,7.483871,0.38724524,0.45307693,0.0046
Paraguay,PRY,1993,74.752945,17.67227,7.57479,0.39119,0.4576923,0.0046
Paraguay,PRY,1994,74.24958,18.086523,7.6638937,0.39513478,0.4623077,0.0046
Paraguay,PRY,1995,73.75618,18.492586,7.7512355,0.39907956,0.4669231,0.0046
Paraguay,PRY,1996,73.27243,18.890701,7.836868,0.40302432,0.47153845,0.0046
Paraguay,PRY,1997,72.798065,19.2811,7.9208403,0.4069691,0.47615385,0.0046
Paraguay,PRY,1998,72.3328,19.664,8.0032,0.41091388,0.48076922,0.0046
Paraguay,PRY,1999,71.87639,20.03962,8.083994,0.41485864,0.4853846,0.0046
Paraguay,PRY,2000,71.42857,20.408163,8.163265,0.41880342,0.49,0.0046
Paraguay,PRY,2001,72.89615,18.846428,8.257421,0.5615255,0.65698487,0.167
Paraguay,PRY,2002,73.76889,17.917694,8.313413,0.7042476,0.8239697,0.167
Paraguay,PRY,2003,74.3475,17.301958,8.350534,0.8469697,0.9909545,0.167
Paraguay,PRY,2004,74.75924,16.863811,8.376949,0.9896918,1.1579394,0.167
Paraguay,PRY,2005,75.067184,16.536108,8.396707,1.1324139,1.3249242,0.167
Paraguay,PRY,2006,75.3062,16.281763,8.412041,1.275136,1.4919091,0.167
Paraguay,PRY,2007,75.49709,16.07862,8.424288,1.4178581,1.658894,0.167
Paraguay,PRY,2008,75.65307,15.912637,8.434295,1.5605801,1.8258787,0.167
Paraguay,PRY,2009,76.3287,15.888076,7.7832274,1.6911228,1.9786136,0.1527
Paraguay,PRY,2010,76.90749,15.867035,7.2254725,1.8216654,2.1313484,0.1527
Paraguay,PRY,2011,77.40888,15.848809,6.742311,1.9254273,2.25275,0.1214
Paraguay,PRY,2012,78.61583,15.002072,6.382097,2.0623932,2.413,0.1603
Paraguay,PRY,2013,78.61583,15.002072,6.382097,2.0623932,2.413,0
Paraguay,PRY,2014,78.61583,15.002072,6.382097,2.0623932,2.413,0
Paraguay,PRY,2015,78.61583,15.002072,6.382097,2.0623932,2.413,0
Paraguay,PRY,2016,78.61583,15.002072,6.382097,2.0623932,2.413,0
Paraguay,PRY,2017,78.61583,15.002072,6.382097,2.0623932,2.413,0
Paraguay,PRY,2018,78.61583,15.002072,6.382097,2.0623932,2.413,0
Paraguay,PRY,2019,78.61583,15.002072,6.382097,2.0623932,2.413,0
Paraguay,PRY,2020,78.61583,15.002072,6.382097,2.0623932,2.413,0
Paraguay,PRY,2021,78.61583,15.002072,6.382097,2.0623932,2.413,0
Paraguay,PRY,2022,78.61583,15.002072,6.382097,2.0623932,2.413,0
Peru,PER,2008,88.72621,9.180088,2.1156662,0.8266301,13.565,
Peru,PER,2009,88.02288,8.218281,3.7588356,0.9714016,15.9407,2.3757
Peru,PER,2010,87.51495,7.505382,4.979668,1.116173,18.3164,2.3757
Peru,PER,2011,87.12279,6.954968,5.9222474,1.2609446,20.6921,2.3757
Peru,PER,2012,86.81086,6.517171,6.671971,1.4057161,23.0678,2.3757
Peru,PER,2013,86.55683,6.1606355,7.282534,1.5504875,25.4435,2.3757
Peru,PER,2014,86.34595,5.8646584,7.789392,1.695259,27.8192,2.3757
Peru,PER,2015,86.16808,5.6150184,8.216898,1.8400304,30.1949,2.3757
Peru,PER,2016,86.017624,5.4017234,8.582493,1.984802,32.5706,2.3757
Peru,PER,2017,85.885315,5.2171597,8.89838,2.1295733,34.9463,2.3757
Peru,PER,2018,85.76979,5.0559993,9.174213,2.274345,37.322,2.3757
Peru,PER,2019,85.084305,5.8106356,9.105059,2.3491774,38.55,1.228
Peru,PER,2020,85.084305,5.8106356,9.105059,2.3491774,38.55,0
Peru,PER,2021,80.99076,12.565637,6.443603,1.497075,24.567,-13.983
Peru,PER,2022,81.45376,12.118523,6.427717,1.5794637,25.919,1.352
Philippines,PHL,2006,83.13476,7.4122896,9.4529505,16.469728,78.89,
Philippines,PHL,2007,82.44576,8.537843,9.016394,17.013779,81.496,2.606
Philippines,PHL,2008,81.47753,8.524773,9.997697,17.221087,82.489,0.993
Philippines,PHL,2009,82.23495,7.6447725,10.120281,17.026304,81.556,-0.933
Philippines,PHL,2010,81.515015,8.557396,9.9275875,17.38476,83.273,1.717
Philippines,PHL,2011,80.776596,8.5654125,10.65799,17.548851,84.059,0.786
Philippines,PHL,2012,80.607254,8.666081,10.726665,17.588308,84.248,0.189
Philippines,PHL,2013,80.429146,8.849338,10.721518,17.629854,84.447,0.199
Philippines,PHL,2014,81.22229,7.9832234,10.794488,17.626722,84.432,-0.015
Philippines,PHL,2015,78.63335,9.872571,11.49408,18.036951,86.397,1.965
Philippines,PHL,2016,77.48213,10.474719,12.043146,18.186848,87.115,0.718
Philippines,PHL,2017,74.03928,8.621887,17.338825,19.163107,91.79128,4.6763
Philippines,PHL,2018,73.75214,8.681472,17.566395,19.239626,92.157814,0.3665
Philippines,PHL,2019,78.85297,9.656787,11.490247,17.952925,85.994514,-6.1633
Philippines,PHL,2020,77.564255,10.279886,12.155861,18.262478,87.47727,1.4828
Philippines,PHL,2021,76.23379,10.322389,13.443826,18.580452,89.00037,1.5231
Philippines,PHL,2022,74.626015,10.433023,14.94096,19.005615,91.036896,2.0365
Poland,POL,1990,11.885336,,,28.296642,15.167,
Poland,POL,1991,11.084238,,,26.629663,14.2735,-0.8935
Poland,POL,1992,10.231516,21.209858,68.558624,24.962687,13.38,-0.8935
Poland,POL,1993,9.8428955,20.583387,69.573715,24.743656,13.2626,-0.1174
Poland,POL,1994,9.446885,19.945004,70.60811,24.524628,13.1452,-0.1174
Poland,POL,1995,9.043272,19.294363,71.66236,24.305597,13.0278,-0.1174
Poland,POL,1996,8.754532,18.606092,72.63937,24.086567,12.9104,-0.1174
Poland,POL,1997,8.4609375,17.90625,73.63281,23.867537,12.793,-0.1174
Poland,POL,1998,8.510617,17.99896,73.490425,23.466791,12.5782,-0.2148
Poland,POL,1999,8.561579,18.09406,73.34436,23.066044,12.3634,-0.2148
Poland,POL,2000,8.613871,18.191645,73.19448,22.665298,12.1486,-0.2148
Poland,POL,2001,8.5120125,18.322964,73.16502,22.264553,11.9338,-0.2148
Poland,POL,2002,9.445866,18.811129,74.53275,21.863806,11.719,-0.2148
Poland,POL,2003,8.593913,18.537912,72.86817,21.975,11.7786,0.0596
Poland,POL,2004,9.151339,18.54481,72.30385,22.086193,11.8382,0.0596
Poland,POL,2005,9.499912,18.596642,71.90344,22.197388,11.8978,0.0596
Poland,POL,2006,9.564205,18.70998,71.725815,22.308582,11.9574,0.0596
Poland,POL,2007,9.326683,17.631678,67.002365,22.419777,12.017,0.0596
Poland,POL,2008,10.28011,18.824501,70.895386,21.19403,11.36,-0.657
Poland,POL,2009,10.060764,17.942709,67.599495,21.468283,11.507,0.147
Poland,POL,2010,10.61108,18.976624,70.41229,20.272388,10.866,-0.641
Poland,POL,2011,10.293232,18.835411,70.87136,22.22015,11.91,1.044
Poland,POL,2012,9.599303,17.691637,66.62021,21.395523,11.468,-0.442
Poland,POL,2013,10.068585,18.578827,71.352585,20.97015,11.24,-0.228
Poland,POL,2014,9.879315,18.598558,71.522125,19.833956,10.631,-0.609
Poland,POL,2015,9.444921,19.499191,71.055885,19.492537,10.448,-0.183
Poland,POL,2016,9.95086,19.334719,70.714424,19.195896,10.289,-0.159
Poland,POL,2017,10.098205,20.117052,69.784744,18.80597,10.08,-0.209
Poland,POL,2018,13.8470745,21.224205,64.92872,17.906717,9.598,-0.482
Poland,POL,2019,13.885395,21.655739,64.45887,16.761154,8.983979,-0.614
Poland,POL,2020,14.646753,21.33145,64.0218,16.169777,8.667,-0.317
Poland,POL,2021,13.866608,21.37744,64.75595,17.289179,9.267,0.6
Poland,POL,2022,13.019337,21.488382,65.49228,17.509329,9.385,0.118
Portugal,PRT,1991,59.302326,4.6511626,36.046513,22.627369,8.5984,
Portugal,PRT,1992,66.85358,4.640981,28.50544,26.500425,10.070162,1.4718
Portugal,PRT,1993,72.47931,4.6333957,22.887293,30.373484,11.5419235,1.4718
Portugal,PRT,1994,76.83273,4.627526,18.53974,34.24654,13.013686,1.4718
Portugal,PRT,1995,77.79852,5.2102785,16.991198,33.821354,12.852115,-0.1616
Portugal,PRT,1996,78.079056,6.0022335,15.918714,32.314587,12.279543,-0.5726
Portugal,PRT,1997,78.38702,6.8716445,14.741337,30.80782,11.706971,-0.5726
Portugal,PRT,1998,78.726654,7.8304596,13.442888,29.301052,11.1344,-0.5726
Portugal,PRT,1999,77.83029,8.278472,13.891235,28.68693,10.901033,-0.2334
Portugal,PRT,2000,76.89472,8.746082,14.359197,28.064913,10.664667,-0.2364
Portugal,PRT,2001,75.917305,9.234606,14.848086,27.45079,10.4313,-0.2334
Portugal,PRT,2002,74.89518,9.745478,15.359342,26.836668,10.197934,-0.2334
Portugal,PRT,2003,73.8252,10.280268,15.894533,26.222546,9.964568,-0.2334
Portugal,PRT,2004,72.703926,10.840695,16.455381,25.608425,9.731201,-0.2334
Portugal,PRT,2005,71.52757,11.42865,17.043776,24.994303,9.497835,-0.2334
Portugal,PRT,2006,71.88709,10.050316,18.06259,23.83894,9.058797,-0.439
Portugal,PRT,2007,68.123314,10.668779,18.081026,24.06842,9.146,0.0872
Portugal,PRT,2008,69.38011,11.130509,19.48938,23.892866,9.0792885,-0.0667
Portugal,PRT,2009,68.37321,11.255945,20.370848,23.71731,9.012578,-0.0667
Portugal,PRT,2010,67.046776,11.716599,21.236626,23.541754,8.945867,-0.0667
Portugal,PRT,2011,65.633194,12.2075205,22.159288,23.3662,8.879155,-0.0667
Portugal,PRT,2012,64.53381,12.173486,23.292704,23.190643,8.812445,-0.0667
Portugal,PRT,2013,63.07538,12.505611,24.41901,23.015087,8.745733,-0.0667
Portugal,PRT,2014,61.501972,12.86392,25.63411,22.839533,8.679022,-0.0667
Portugal,PRT,2015,59.79944,13.251635,26.948929,22.663977,8.612311,-0.0667
Portugal,PRT,2016,57.802822,13.893561,28.303617,22.48842,8.5456,-0.0667
Portugal,PRT,2017,55.481136,14.831942,29.686922,16.214396,6.16147,-2.3841
Portugal,PRT,2018,56.991333,14.729167,30.494333,16.130342,6.12953,-0.0319
Portugal,PRT,2019,55.59199,14.662422,29.745586,16.130342,6.12953,0
Portugal,PRT,2020,55.428528,14.913351,29.658123,16.130342,6.12953,0
Portugal,PRT,2021,55.428528,14.913351,29.658123,16.130342,6.12953,0
Portugal,PRT,2022,55.428528,14.913351,29.658123,16.130342,6.12953,0
Post-demographic dividend,PST,2014,40.133392,17.28065,42.58596,9.305422,826.73395,
Post-demographic dividend,PST,2015,40.391903,17.3102,42.22184,9.187184,816.22925,-10.5047
Post-demographic dividend,PST,2016,40.877502,17.218962,41.958115,9.119321,810.19995,-6.0293
Post-demographic dividend,PST,2017,40.863003,17.306982,41.81313,9.161093,813.91113,3.7112
Post-demographic dividend,PST,2018,40.93957,17.362598,41.714886,9.148384,812.78204,-1.1291
Post-demographic dividend,PST,2019,40.935097,17.487701,41.554504,9.095517,808.0851,-4.697
Post-demographic dividend,PST,2020,40.871117,17.618128,41.44445,9.036545,802.84576,-5.2393
Post-demographic dividend,PST,2021,41.032646,17.599648,41.367706,9.06456,805.3348,2.489
Pre-demographic dividend,PRE,2014,86.28409,9.52039,4.19552,4.2092214,150.26099,
Pre-demographic dividend,PRE,2015,86.10573,9.727852,4.166419,4.0750694,145.47203,-4.789
Pre-demographic dividend,PRE,2016,86.64355,9.070755,4.2857003,4.200708,149.95708,4.485
Pre-demographic dividend,PRE,2017,85.740265,8.769023,5.8857718,4.3247037,154.38348,4.4264
Pre-demographic dividend,PRE,2018,86.58273,9.201026,6.6831627,4.098549,146.31021,-8.0733
Pre-demographic dividend,PRE,2019,82.79712,11.381494,5.8213835,4.74961,169.5518,23.2416
Pre-demographic dividend,PRE,2020,81.55854,13.237253,5.2042074,4.425278,157.9738,-11.578
Pre-demographic dividend,PRE,2021,81.95572,12.315288,5.7289944,4.351989,155.35751,-2.6163
Puerto Rico (US),PRI,1990,4.900005,13.512423,81.58757,11.232394,0.7975,
Puerto Rico (US),PRI,1991,4.757345,13.956283,81.28637,11.315352,0.80339,0.0059
Puerto Rico (US),PRI,1992,4.6124225,14.407185,80.98039,11.39831,0.80928,0.0059
Puerto Rico (US),PRI,1993,4.465183,14.865295,80.669525,11.481268,0.81517,0.0059
Puerto Rico (US),PRI,1994,4.3155694,15.3307905,80.35364,11.564225,0.82106,0.0059
Puerto Rico (US),PRI,1995,4.1635256,15.803848,80.03262,11.647183,0.82695,0.0059
Puerto Rico (US),PRI,1996,4.008991,16.284657,79.70635,11.730141,0.83284,0.0059
Puerto Rico (US),PRI,1997,3.8519037,16.773405,79.37469,11.813099,0.83873,0.0059
Puerto Rico (US),PRI,1998,3.6922002,17.270296,79.037506,11.896056,0.84462,0.0059
Puerto Rico (US),PRI,1999,3.5298145,17.77553,78.69466,11.979014,0.85051,0.0059
Puerto Rico (US),PRI,2000,3.3646786,18.289322,78.346,12.061972,0.8564,0.0059
Puerto Rico (US),PRI,2001,3.02881,19.01349,77.9577,12.461972,0.8848,0.0284
Puerto Rico (US),PRI,2002,2.7023642,19.717344,77.58029,12.861972,0.9132,0.0284
Puerto Rico (US),PRI,2003,2.3849504,20.401722,77.213326,13.261971,0.9416,0.0284
Puerto Rico (US),PRI,2004,2.0761988,21.067425,76.85638,13.661972,0.97,0.0284
Puerto Rico (US),PRI,2005,1.7757593,21.715206,76.50903,14.061972,0.9984,0.0284
Puerto Rico (US),PRI,2006,1.7293223,21.892294,76.37808,14.114367,1.00212,0.0037
Puerto Rico (US),PRI,2007,1.6828852,22.069988,76.24712,14.16676,1.00584,0.0037
Puerto Rico (US),PRI,2008,1.6365675,22.24738,76.11651,14.2166195,1.00938,0.0035
Puerto Rico (US),PRI,2009,1.5900111,22.424467,75.985214,14.271549,1.01328,0.0039
Puerto Rico (US),PRI,2010,1.5435741,22.602163,75.85426,14.323944,1.017,0.0037
Puerto Rico (US),PRI,2011,1.8601681,22.883236,75.2566,13.920564,0.98836,-0.0286
Puerto Rico (US),PRI,2012,2.2060177,23.19028,74.6037,13.523944,0.9602,-0.0282
Puerto Rico (US),PRI,2013,2.5853748,23.527075,73.88755,13.123943,0.9318,-0.0284
Puerto Rico (US),PRI,2014,3.0033565,23.89816,73.09848,12.723944,0.9034,-0.0284
Puerto Rico (US),PRI,2015,3.466178,24.309055,72.22477,12.323944,0.875,-0.0284
Puerto Rico (US),PRI,2016,3.466178,24.309055,72.22477,12.323944,0.875,0
Puerto Rico (US),PRI,2017,3.466178,24.309055,72.22477,12.323944,0.875,0
Puerto Rico (US),PRI,2018,3.466178,24.309055,72.22477,12.323944,0.875,0
Puerto Rico (US),PRI,2019,3.466178,24.309055,72.22477,12.323944,0.875,0
Puerto Rico (US),PRI,2020,3.466178,24.309055,72.22477,12.323944,0.875,0
Puerto Rico (US),PRI,2021,3.466178,24.309055,72.22477,12.323944,0.875,0
Puerto Rico (US),PRI,2022,3.466178,24.309055,72.22477,12.323944,0.875,0
Qatar,QAT,1990,,23.155844,,341.9643,0.1915,
Qatar,QAT,1991,,23.149109,,339.4643,0.1901,-0.0014
Qatar,QAT,1992,,23.142729,,336.9643,0.1887,-0.0014
Qatar,QAT,1993,,23.136675,,334.4643,0.1873,-0.0014
Qatar,QAT,1994,73.92068,23.130922,2.948403,286.9643,0.1607,-0.0266
Qatar,QAT,1995,73.498604,23.248371,3.253026,287.91666,0.16123334,0.0005
Qatar,QAT,1996,73.08093,23.364594,3.5544748,288.86905,0.16176666,0.0005
Qatar,QAT,1997,72.66759,23.479612,3.852799,289.82144,0.1623,0.0005
Qatar,QAT,1998,72.25851,23.593445,4.1480465,290.7738,0.16283333,0.0005
Qatar,QAT,1999,71.85362,23.70611,4.4402647,291.7262,0.16336666,0.0005
Qatar,QAT,2000,71.45287,23.817625,4.7295,292.67856,0.1639,0.0005
Qatar,QAT,2001,68.04149,28.031612,3.9268956,311.64285,0.17452,0.0106
Qatar,QAT,2002,65.20879,31.530767,3.2604396,333.4643,0.18674,0.0122
Qatar,QAT,2003,62.819042,34.482758,2.6981978,353.85715,0.19816,0.0114
Qatar,QAT,2004,60.775883,37.00662,2.2174985,374.25,0.20958,0.0114
Qatar,QAT,2005,59.00901,39.18919,1.8018018,387.5,0.217,0.0074
Qatar,QAT,2006,53.775726,44.262722,1.9615515,394.9107,0.22115,0.0042
Qatar,QAT,2007,49.317993,48.585022,2.0969856,402.32144,0.2253,0.0042
Qatar,QAT,2008,45.2311,52.545616,2.2232852,409.73215,0.22945,0.0042
Qatar,QAT,2009,42.261654,55.429153,2.3091943,417.14285,0.2336,0.0042
Qatar,QAT,2010,40.763935,56.895107,2.340961,424.55356,0.23775,0.0041
Qatar,QAT,2011,39.315063,58.310104,2.3748326,431.9643,0.2419,0.0042
Qatar,QAT,2012,38.641266,58.977104,2.3816292,439.375,0.24605,0.0042
Qatar,QAT,2013,36.41006,61.13877,2.451168,446.7857,0.2502,0.0042
Qatar,QAT,2014,35.14061,54.683033,10.176358,450.17856,0.2521,0.0019
Qatar,QAT,2015,28.304209,57.599064,14.096726,446.42856,0.25,-0.0021
Qatar,QAT,2016,31.963621,52.29016,15.74622,447.85715,0.2508,0.0008
Qatar,QAT,2017,26.963657,69.05041,3.985932,446.42856,0.25,-0.0008
Qatar,QAT,2018,41.369076,53.919716,4.7512465,446.42856,0.25,0
Qatar,QAT,2019,35.819973,59.196472,4.983554,446.42856,0.25,0
Qatar,QAT,2020,35.611042,59.414204,4.9747543,446.42856,0.25,0
Qatar,QAT,2021,36.252953,59.40516,4.4117446,446.42856,0.25,0
Qatar,QAT,2022,33.307278,62.39171,4.3010144,446.42856,0.25,0
Romania,ROU,1990,44.585987,11.024008,44.390003,48.159508,20.41,
Romania,ROU,1991,44.684002,11.1092825,44.206715,47.789837,20.253334,-0.1567
Romania,ROU,1992,44.783546,11.195887,44.02057,47.420166,20.096666,-0.1567
Romania,ROU,1993,44.884655,11.283852,43.831493,47.050495,19.94,-0.1567
Romania,ROU,1994,41.54146,11.825264,46.633278,42.402077,17.97,-1.97
Romania,ROU,1995,37.375,12.5,50.125,37.75366,16,-1.97
Romania,ROU,1996,31.482782,14.230499,54.286716,33.57716,14.23,-1.77
Romania,ROU,1997,23.916533,16.452648,59.630817,29.400661,12.46,-1.77
Romania,ROU,1998,26.09718,16.30094,57.60188,30.108541,12.76,0.3
Romania,ROU,1999,26.561264,16.679842,56.758892,29.848986,12.65,-0.11
Romania,ROU,2000,9.740932,21.450777,68.80829,22.770174,9.65,-3
Romania,ROU,2001,11.238684,22.07993,66.68139,21.37329,9.058,-0.592
Romania,ROU,2002,12.925612,20.16916,66.90523,21.760263,9.222,0.164
Romania,ROU,2003,15.079925,19.51105,65.40903,20.075508,8.508,-0.714
Romania,ROU,2004,9.882089,20.494104,69.62381,16.809816,7.124,-1.384
Romania,ROU,2005,8.101473,20.621931,71.276596,14.417178,6.11,-1.014
Romania,ROU,2006,9.756098,19.88743,70.356476,12.576687,5.33,-0.78
Romania,ROU,2007,15.964556,15.906449,63.625797,16.243511,6.884,1.554
Romania,ROU,2008,14.958448,15.6509695,69.39058,17.036339,7.22,0.336
Romania,ROU,2009,17.03025,22.46946,60.50029,16.224634,6.876,-0.344
Romania,ROU,2010,11.897106,16.559486,71.22186,14.674375,6.219,-0.657
Romania,ROU,2011,14.606061,15.151515,66.40909,15.554507,6.592,0.373
Romania,ROU,2012,16.86208,16.244986,66.89294,15.2949505,6.482,-0.11
Romania,ROU,2013,17.684637,15.269554,67.04581,15.143936,6.418,-0.064
Romania,ROU,2014,17.430754,16.157274,66.41197,14.8230295,6.282,-0.136
Romania,ROU,2015,19.969065,15.931941,64.563034,15.254837,6.465,0.183
Romania,ROU,2016,19.501099,16.488861,64.01004,15.040113,6.374,-0.091
Romania,ROU,2017,22.013878,15.473203,62.51292,15.981595,6.773,0.399
Romania,ROU,2018,22.241272,16.910849,60.84788,15.139216,6.416,-0.357
Romania,ROU,2019,23.051622,16.530817,60.41756,16.500708,6.993,0.577
Romania,ROU,2020,30.827475,14.575446,54.59708,17.451628,7.396,0.403
Romania,ROU,2021,31.536114,16.149542,52.314342,18.555923,7.864,0.468
Romania,ROU,2022,36.25322,15.409152,48.337627,19.23313,8.151,0.287
Russian Federation,RUS,1992,,,,2.309833,99.6,
Russian Federation,RUS,1993,,,,2.0489333,88.35,-11.25
Russian Federation,RUS,1994,19.844358,18.54734,61.6083,1.7880334,77.1,-11.25
Russian Federation,RUS,1995,19.881025,18.753662,61.36531,1.7524626,75.56619,-1.5338
Russian Federation,RUS,1996,19.919212,18.968534,61.112255,1.716892,74.03238,-1.5338
Russian Federation,RUS,1997,19.959015,19.192497,60.848488,1.6813213,72.49857,-1.5338
Russian Federation,RUS,1998,20.000536,19.42614,60.573322,1.6457505,70.96476,-1.5338
Russian Federation,RUS,1999,20.043894,19.670107,60.286,1.6101798,69.430954,-1.5338
Russian Federation,RUS,2000,20.08921,19.925097,59.98569,1.7602041,75.9,6.469
Russian Federation,RUS,2001,19.939577,20.241692,59.81873,1.5352504,66.2,-9.7
Russian Federation,RUS,2002,19.939577,20.241692,59.81873,1.525201,65.76667,-0.4333
Russian Federation,RUS,2003,19.939577,20.241692,59.81873,1.5151515,65.333336,-0.4333
Russian Federation,RUS,2004,19.939577,20.241692,59.81873,1.505102,64.9,-0.4333
Russian Federation,RUS,2005,19.939577,20.241692,59.81873,1.6071428,69.3,4.4
Russian Federation,RUS,2006,19.939577,20.241692,59.81873,1.4850031,64.03333,-5.2667
Russian Federation,RUS,2007,19.939577,20.241692,59.81873,1.4749537,63.6,-0.4333
Russian Federation,RUS,2008,19.939577,20.241692,59.81873,1.4649042,63.166668,-0.4333
Russian Federation,RUS,2009,19.939577,20.241692,59.81873,1.4548547,62.733334,-0.4333
Russian Federation,RUS,2010,19.939577,20.241692,59.81873,1.6164193,69.7,6.9667
Russian Federation,RUS,2011,19.939577,20.241692,59.81873,1.4347557,61.866665,-7.8333
Russian Federation,RUS,2012,19.939577,20.241692,59.81873,1.48423,64,2.1333
Russian Federation,RUS,2013,19.939577,20.241692,59.81873,1.4146568,61,-3
Russian Federation,RUS,2014,26.380455,24.488066,49.131477,1.6421614,70.81,9.81
Russian Federation,RUS,2015,28.017931,26.224783,45.757286,1.4480519,62.44,-8.37
Russian Federation,RUS,2016,28.075321,28.152493,43.772186,1.5025511,64.79,2.35
Russian Federation,RUS,2017,28.970657,27.46468,43.564663,1.4937384,64.41,-0.38
Russian Federation,RUS,2018,28.756557,26.457884,44.78556,1.5032468,64.82,0.41
Russian Federation,RUS,2019,28.756557,26.457884,44.78556,1.5032468,64.82,0
Russian Federation,RUS,2020,28.756557,26.457884,44.78556,1.5032468,64.82,0
Russian Federation,RUS,2021,28.756557,26.457884,44.78556,1.5032468,64.82,0
Russian Federation,RUS,2022,28.756557,26.457884,44.78556,1.5032468,64.82,0
Rwanda,RWA,2000,68,24,8,1.5789474,0.15,
Rwanda,RWA,2001,67.84437,24.11379,8.041843,1.7932521,0.17035894,0.0204
Rwanda,RWA,2002,67.72196,24.203287,8.074754,2.0075567,0.19071789,0.0204
Rwanda,RWA,2003,67.62317,24.27552,8.1013155,2.2218616,0.21107684,0.0204
Rwanda,RWA,2004,67.541756,24.335043,8.123203,2.4361663,0.23143579,0.0204
Rwanda,RWA,2005,67.4735,24.384941,8.141552,2.650471,0.25179473,0.0204
Rwanda,RWA,2006,66.31582,26.545624,7.1385574,2.9122794,0.27666655,0.0249
Rwanda,RWA,2007,65.34911,28.349865,6.301023,3.1740878,0.30153835,0.0249
Rwanda,RWA,2008,64.529724,29.879148,5.591125,3.4358964,0.32641014,0.0249
Rwanda,RWA,2009,63.82637,31.191875,4.9817533,3.6977048,0.35128194,0.0249
Rwanda,RWA,2010,63.21603,32.331005,4.452966,3.9595132,0.37615377,0.0249
Rwanda,RWA,2011,62.681396,33.328835,3.9897707,4.2213216,0.40102556,0.0249
Rwanda,RWA,2012,62.209206,34.21012,3.580675,4.48313,0.42589736,0.0249
Rwanda,RWA,2013,61.789124,34.994152,3.216724,4.744939,0.4507692,0.0249
Rwanda,RWA,2014,61.41297,35.69619,2.8908358,5.0067472,0.47564098,0.0249
Rwanda,RWA,2015,61.074207,36.328457,2.5973363,5.2685556,0.5005128,0.0249
Rwanda,RWA,2016,60.767513,36.90086,2.3316252,5.530364,0.5253846,0.0249
Rwanda,RWA,2017,60.48855,37.421516,2.0899348,5.7921724,0.5502564,0.0249
Rwanda,RWA,2018,60.23371,37.89714,1.8691485,6.053981,0.5751282,0.0249
Rwanda,RWA,2019,59.01639,37.704918,1.6393442,6.4210525,0.61,0.0349
Rwanda,RWA,2020,60.033306,38.301414,1.6652789,6.4210525,0.61,0
Rwanda,RWA,2021,59.18033,37.704918,1.6393442,6.4210525,0.61,0
Rwanda,RWA,2022,60.066555,38.26955,1.6638935,6.4210525,0.61,0
Sao Tome and Principe,STP,1993,,,,0.32110092,0.007,
Sao Tome and Principe,STP,1994,,,,0.3887116,0.008473913,0.0015
Sao Tome and Principe,STP,1995,,,,0.45632228,0.009947826,0.0015
Sao Tome and Principe,STP,1996,,,,0.523933,0.011421739,0.0015
Sao Tome and Principe,STP,1997,,,,0.5915437,0.012895652,0.0015
Sao Tome and Principe,STP,1998,,,,0.65915436,0.014369565,0.0015
Sao Tome and Principe,STP,1999,,,,0.72676504,0.015843477,0.0015
Sao Tome and Principe,STP,2000,,,,0.7943757,0.01731739,0.0015
Sao Tome and Principe,STP,2001,,,,0.8619864,0.018791305,0.0015
Sao Tome and Principe,STP,2002,,,,0.92959714,0.020265218,0.0015
Sao Tome and Principe,STP,2003,,,,0.9972078,0.02173913,0.0015
Sao Tome and Principe,STP,2004,,,,1.0648185,0.023213044,0.0015
Sao Tome and Principe,STP,2005,,,,1.1324292,0.024686957,0.0015
Sao Tome and Principe,STP,2006,,,,1.2000399,0.02616087,0.0015
Sao Tome and Principe,STP,2007,,,,1.2676506,0.027634783,0.0015
Sao Tome and Principe,STP,2008,,,,1.3352612,0.029108696,0.0015
Sao Tome and Principe,STP,2009,,,,1.402872,0.030582609,0.0015
Sao Tome and Principe,STP,2010,,,,1.4704827,0.03205652,0.0015
Sao Tome and Principe,STP,2011,,,,1.5380933,0.033530436,0.0015
Sao Tome and Principe,STP,2012,,,,1.6057041,0.035004348,0.0015
Sao Tome and Principe,STP,2013,,,,1.6733147,0.036478262,0.0015
Sao Tome and Principe,STP,2014,,39.78692,,1.7409254,0.037952174,0.0015
Sao Tome and Principe,STP,2015,,37.284958,,1.808536,0.03942609,0.0015
Sao Tome and Principe,STP,2016,62.591686,35.94132,1.4669926,1.8761468,0.0409,0.0015
Sao Tome and Principe,STP,2017,62.591686,35.94132,1.4669926,1.8761468,0.0409,0
Sao Tome and Principe,STP,2018,62.591686,35.94132,1.4669926,1.8761468,0.0409,0
Sao Tome and Principe,STP,2019,62.591686,35.94132,1.4669926,1.8761468,0.0409,0
Sao Tome and Principe,STP,2020,62.591686,35.94132,1.4669926,1.8761468,0.0409,0
Sao Tome and Principe,STP,2021,62.591686,35.94132,1.4669926,1.8761468,0.0409,0
Sao Tome and Principe,STP,2022,62.591686,35.94132,1.4669926,1.8761468,0.0409,0
Saudi Arabia,SAU,1992,89.952995,8.913043,1.13396,671.6667,16.12,
Saudi Arabia,SAU,1993,89.62085,9.2077,1.1714542,690.39685,16.569525,0.4495
Saudi Arabia,SAU,1994,89.30668,9.486403,1.2069184,708.54376,17.00505,0.4355
Saudi Arabia,SAU,1995,89.00907,9.750416,1.2405132,728.024,17.472574,0.4675
Saudi Arabia,SAU,1996,88.726746,10.00087,1.2723827,746.2125,17.9091,0.4365
Saudi Arabia,SAU,1997,88.45856,10.238783,1.3026564,765.3594,18.368626,0.4595
Saudi Arabia,SAU,1998,88.203476,10.465074,1.3314513,783.8812,18.81315,0.4445
Saudi Arabia,SAU,1999,87.960556,10.680574,1.358873,801.56976,19.237675,0.4245
Saudi Arabia,SAU,2000,87.72894,10.886039,1.3850178,819.75836,19.6742,0.4365
Saudi Arabia,SAU,2001,87.87435,10.393147,1.732504,832.6443,19.983463,0.3093
Saudi Arabia,SAU,2002,88.01443,9.918319,2.0672567,847.7802,20.346725,0.3633
Saudi Arabia,SAU,2003,88.14946,9.460576,2.389963,858.16614,20.595987,0.2493
Saudi Arabia,SAU,2004,88.279724,9.019015,2.7012618,870.13544,20.88325,0.2873
Saudi Arabia,SAU,2005,88.13721,9.008874,2.854173,894.8203,21.475687,0.5924
Saudi Arabia,SAU,2006,88.001686,8.998733,2.9995775,943.3333,22.64,1.1643
Saudi Arabia,SAU,2007,87.38059,9.464196,3.1552107,936.1285,22.467083,-0.1729
Saudi Arabia,SAU,2008,86.73409,9.948695,3.317209,928.9236,22.294167,-0.1729
Saudi Arabia,SAU,2009,86.06061,10.4534235,3.4859707,921.71875,22.12125,-0.1729
Saudi Arabia,SAU,2010,85.3584,10.979673,3.661929,914.5139,21.948334,-0.1729
Saudi Arabia,SAU,2011,84.625595,11.5288515,3.8455532,907.309,21.775417,-0.1729
Saudi Arabia,SAU,2012,83.86015,12.10249,4.0373564,900.1042,21.6025,-0.1729
Saudi Arabia,SAU,2013,83.73389,12.268092,3.9980235,894.23956,21.46175,-0.1408
Saudi Arabia,SAU,2014,83.75331,12.274708,3.9719825,894.7083,21.473,0.0112
Saudi Arabia,SAU,2015,83.8837,12.181862,3.9344394,948.875,22.773,1.3
Saudi Arabia,SAU,2016,82.68572,13.073452,4.240829,929.5833,22.31,-0.463
Saudi Arabia,SAU,2017,82.22698,13.490364,4.2826552,955.9583,22.943,0.633
Saudi Arabia,SAU,2018,81.56356,13.050169,5.386273,974.1667,23.38,0.437
Saudi Arabia,SAU,2019,81.56356,13.050169,5.386273,974.1667,23.38,0
Saudi Arabia,SAU,2020,81.56356,13.050169,5.386273,974.1667,23.38,0
Saudi Arabia,SAU,2021,81.56356,13.050169,5.386273,974.1667,23.38,0
Saudi Arabia,SAU,2022,81.56356,13.050169,5.386273,974.1667,23.38,0
Senegal,SEN,1990,91.45345,5.334785,3.2117584,5.476998,1.4130654,
Senegal,SEN,1991,91.28494,5.4408603,3.2741935,5.5455575,1.4307538,0.0177
Senegal,SEN,1992,91.12055,5.544344,3.3351035,5.6141176,1.4484423,0.0177
Senegal,SEN,1993,90.96013,5.6453304,3.3945436,5.6826773,1.4661307,0.0177
Senegal,SEN,1994,90.80353,5.743909,3.4525661,5.7512374,1.4838192,0.0177
Senegal,SEN,1995,90.65061,5.8401637,3.5092213,5.8197227,1.5014884,0.0177
Senegal,SEN,1996,90.50127,5.9341774,3.564557,5.888357,1.5191962,0.0177
Senegal,SEN,1997,90.355354,6.0260262,3.6186187,5.9569173,1.5368847,0.0177
Senegal,SEN,1998,90.21277,6.115784,3.6714497,6.025477,1.554573,0.0177
Senegal,SEN,1999,90.07339,6.2035227,3.723092,6.094037,1.5722616,0.0177
Senegal,SEN,2000,89.9371,6.289308,3.7735848,6.1625967,1.58995,0.0177
Senegal,SEN,2001,91.70821,5.1954865,3.0963001,7.385465,1.90545,0.3155
Senegal,SEN,2002,92.976135,4.412427,2.6114364,8.608334,2.22095,0.3155
Senegal,SEN,2003,92.681046,4.895044,2.4239116,8.673878,2.2378604,0.0169
Senegal,SEN,2004,92.39041,5.370365,2.239222,8.739422,2.2547708,0.0169
Senegal,SEN,2005,92.10414,5.8385544,2.0573034,8.804966,2.2716813,0.0169
Senegal,SEN,2006,91.822136,6.299771,1.8780942,8.870511,2.2885916,0.0169
Senegal,SEN,2007,91.5443,6.7541695,1.7015342,8.936055,2.3055022,0.0169
Senegal,SEN,2008,91.27054,7.2019,1.5275649,9.004751,2.3232257,0.0177
Senegal,SEN,2009,91.00076,7.643109,1.3561299,9.070821,2.3402717,0.017
Senegal,SEN,2010,90.734886,8.077937,1.1871741,9.13689,2.3573177,0.017
Senegal,SEN,2011,90.47283,8.506521,1.0206443,9.20296,2.3743637,0.017
Senegal,SEN,2012,90.214516,8.928996,0.8564884,9.26903,2.3914096,0.017
Senegal,SEN,2013,89.959854,9.345491,0.69465613,9.335099,2.4084556,0.017
Senegal,SEN,2014,89.70877,9.756132,0.5350985,9.401169,2.4255016,0.017
Senegal,SEN,2015,89.46119,10.161041,0.37776777,9.467238,2.4425476,0.017
Senegal,SEN,2016,89.21704,10.560338,0.22261778,9.533308,2.4595933,0.017
Senegal,SEN,2017,88.97626,10.954139,0.06960344,9.591498,2.4746065,0.015
Senegal,SEN,2018,91.114845,8.838398,0.04676041,11.727907,3.0258,0.5512
Senegal,SEN,2019,91.313896,8.639243,0.04676041,11.866667,3.0616,0.0358
Senegal,SEN,2020,91.313896,8.639243,0.04676041,11.866667,3.0616,0
Senegal,SEN,2021,91.313896,8.639243,0.04676041,11.866667,3.0616,0
Senegal,SEN,2022,91.313896,8.639243,0.04676041,11.866667,3.0616,0
Serbia,SRB,2006,3.261459,,,46.06459,3.87265,
Serbia,SRB,2007,3.2390096,,,47.077435,3.9578,0.0852
Serbia,SRB,2008,18.213753,17.209766,,55.79874,4.691,0.7332
Serbia,SRB,2009,13.388269,16.597189,,55.12073,4.634,-0.057
Serbia,SRB,2010,14.677007,16.50359,,52.56334,4.419,-0.215
Serbia,SRB,2011,14.160485,17.01534,,56.500534,4.75,0.331
Serbia,SRB,2012,16.14112,17.606617,80.046524,52.373024,4.403,-0.347
Serbia,SRB,2013,15.233735,15.845783,69.578316,56.012848,4.709,0.306
Serbia,SRB,2014,16.029371,15.930283,68.040344,46.806232,3.935,-0.774
Serbia,SRB,2015,15.410046,14.055668,70.53429,55.77495,4.689,0.754
Serbia,SRB,2016,13.481356,14.065654,72.45299,55.98192,4.7064,0.0174
Serbia,SRB,2017,12.288466,12.264292,75.44538,63.958607,5.377,0.6706
Serbia,SRB,2018,12.816914,11.766082,75.41701,66.10563,5.5575,0.1805
Serbia,SRB,2019,12.620582,11.892642,75.48678,66.825264,5.618,0.0605
Serbia,SRB,2020,8.510157,13.282714,78.20713,60.639942,5.098,-0.52
Serbia,SRB,2021,8.535479,14.221244,77.24328,57.46402,4.831,-0.267
Serbia,SRB,2022,8.289138,13.78904,77.92182,60.55668,5.091,0.26
Seychelles,SYC,1990,7.5454574,83.67992,9.297768,,0.011856714,
Seychelles,SYC,1991,7.5268817,84.16422,9.351581,,0.011813429,0
Seychelles,SYC,1992,7.5089393,84.646225,9.405136,,0.011770143,0
Seychelles,SYC,1993,7.491082,85.12593,9.458437,,0.011726857,0
Seychelles,SYC,1994,7.4733095,85.60336,9.511485,,0.011683571,0
Seychelles,SYC,1995,7.4556212,86.07854,9.564281,,0.011640286,0
Seychelles,SYC,1996,7.1791153,83.538795,9.282088,,0.011597,0
Seychelles,SYC,1997,7.12743,83.58531,9.287257,,0.011553714,0
Seychelles,SYC,1998,7.0764832,83.631165,9.292352,,0.011510429,0
Seychelles,SYC,1999,7.02626,83.67637,9.297374,,0.011467143,0
Seychelles,SYC,2000,6.976744,83.72093,9.302325,,0.011423857,0
Seychelles,SYC,2001,7.086614,77.69029,15.223097,,0.011380571,0
Seychelles,SYC,2002,7.3341093,72.79783,21.730694,,0.011337286,0
Seychelles,SYC,2003,7.3170733,65.04065,27.642277,,0.011294,0
Seychelles,SYC,2004,6.923077,65.38461,27.692308,,0.011294,0
Seychelles,SYC,2005,6.569343,65.69343,27.737226,,0.011294,0
Seychelles,SYC,2006,6.569343,65.69343,27.737226,,0.011294,0
Seychelles,SYC,2007,6.569343,65.69343,27.737226,,0.011294,0
Seychelles,SYC,2008,6.569343,65.69343,27.737226,,0.011294,0
Seychelles,SYC,2009,6.569343,65.69343,27.737226,,0.011294,0
Seychelles,SYC,2010,6.569343,65.69343,27.737226,,0.011294,0
Seychelles,SYC,2011,6.569343,65.69343,27.737226,,0.011294,0
Seychelles,SYC,2012,6.569343,65.69343,27.737226,,0.011294,0
Seychelles,SYC,2013,6.569343,65.69343,27.737226,,0.011294,0
Seychelles,SYC,2014,6.569343,65.69343,27.737226,,0.011294,0
Seychelles,SYC,2015,6.569343,65.69343,27.737226,,0.011294,0
Seychelles,SYC,2016,6.569343,65.69343,27.737226,,0.011294,0
Seychelles,SYC,2017,6.569343,65.69343,27.737226,,0.011294,0
Seychelles,SYC,2018,6.569343,65.69343,27.737226,,0.011294,0
Seychelles,SYC,2019,6.569343,65.69343,27.737226,,0.011294,0
Seychelles,SYC,2020,6.569343,65.69343,27.737226,,0.011294,0
Seychelles,SYC,2021,6.569343,65.69343,27.737226,,0.011294,0
Seychelles,SYC,2022,6.569343,65.69343,27.737226,,0.011294,0
Sierra Leone,SLE,1990,71.1166,18.800356,10.083045,0.13975288,0.22360462,
Sierra Leone,SLE,1991,58.55629,27.106949,14.33676,0.109253846,0.17480615,-0.0488
Sierra Leone,SLE,1992,36.267628,41.847263,21.88511,0.078754805,0.12600769,-0.0488
Sierra Leone,SLE,1993,34.13779,43.383324,22.478884,0.08366827,0.13386923,0.0079
Sierra Leone,SLE,1994,32.244232,44.74898,23.006784,0.08858173,0.14173077,0.0079
Sierra Leone,SLE,1995,30.5497,45.9711,23.4792,0.09349519,0.14959231,0.0079
Sierra Leone,SLE,1996,29.024378,47.071182,23.90444,0.098408654,0.15745385,0.0079
Sierra Leone,SLE,1997,27.64413,48.06663,24.289238,0.10332212,0.16531539,0.0079
Sierra Leone,SLE,1998,26.389198,48.971706,24.639097,0.108235575,0.17317693,0.0079
Sierra Leone,SLE,1999,25.243256,49.798172,24.958572,0.11314904,0.18103847,0.0079
Sierra Leone,SLE,2000,24.192694,50.55585,25.251455,0.1180625,0.1889,0.0079
Sierra Leone,SLE,2001,23.61025,50.940277,25.449472,0.120975,0.19356,0.0047
Sierra Leone,SLE,2002,23.055191,51.30663,25.63818,0.1238875,0.19822,0.0047
Sierra Leone,SLE,2003,22.52563,51.65615,25.818218,0.1268,0.20288,0.0047
Sierra Leone,SLE,2004,22.019852,51.98998,25.990171,0.1297125,0.20754,0.0047
Sierra Leone,SLE,2005,21.536287,52.309143,26.154572,0.132625,0.2122,0.0047
Sierra Leone,SLE,2006,21.536287,52.309143,26.154572,0.132625,0.2122,0
Sierra Leone,SLE,2007,21.536287,52.309143,26.154572,0.132625,0.2122,0
Sierra Leone,SLE,2008,21.536287,52.309143,26.154572,0.132625,0.2122,0
Sierra Leone,SLE,2009,21.536287,52.309143,26.154572,0.132625,0.2122,0
Sierra Leone,SLE,2010,21.536287,52.309143,26.154572,0.132625,0.2122,0
Sierra Leone,SLE,2011,21.536287,52.309143,26.154572,0.132625,0.2122,0
Sierra Leone,SLE,2012,21.536287,52.309143,26.154572,0.132625,0.2122,0
Sierra Leone,SLE,2013,21.536287,52.309143,26.154572,0.132625,0.2122,0
Sierra Leone,SLE,2014,21.536287,52.309143,26.154572,0.132625,0.2122,0
Sierra Leone,SLE,2015,21.536287,52.309143,26.154572,0.132625,0.2122,0
Sierra Leone,SLE,2016,21.536287,52.309143,26.154572,0.132625,0.2122,0
Sierra Leone,SLE,2017,21.536287,52.309143,26.154572,0.132625,0.2122,0
Sierra Leone,SLE,2018,21.536287,52.309143,26.154572,0.132625,0.2122,0
Sierra Leone,SLE,2019,21.536287,52.309143,26.154572,0.132625,0.2122,0
Sierra Leone,SLE,2020,21.536287,52.309143,26.154572,0.132625,0.2122,0
Sierra Leone,SLE,2021,21.536287,52.309143,26.154572,0.132625,0.2122,0
Sierra Leone,SLE,2022,21.536287,52.309143,26.154572,0.132625,0.2122,0
Singapore,SGP,1990,1.2159832,46.30609,52.477924,200.52292,1.2031375,
Singapore,SGP,1991,1.1883976,46.319035,52.49257,211.86,1.27116,0.068
Singapore,SGP,1992,1.1635995,46.33067,52.505733,223.19708,1.3391825,0.068
Singapore,SGP,1993,1.1411866,46.341183,52.51763,234.53416,1.407205,0.068
Singapore,SGP,1994,1.1208305,46.35073,52.52844,245.87125,1.4752275,0.068
Singapore,SGP,1995,1.1022606,46.359444,52.538296,257.20834,1.54325,0.068
Singapore,SGP,1996,1.0852517,46.367424,52.547325,268.5454,1.6112725,0.068
Singapore,SGP,1997,1.0696148,46.37476,52.555626,279.8825,1.679295,0.068
Singapore,SGP,1998,1.0551904,46.381527,52.563282,291.21957,1.7473176,0.068
Singapore,SGP,1999,1.0418427,46.387787,52.57037,302.55667,1.81534,0.068
Singapore,SGP,2000,1.0294555,46.3936,52.576946,313.89374,1.8833625,0.068
Singapore,SGP,2001,1.0086426,46.406563,52.584797,328.23618,1.969417,0.0861
Singapore,SGP,2002,0.9895662,46.41844,52.59199,338.24524,2.0294714,0.0601
Singapore,SGP,2003,0.9720178,46.42937,52.59861,352.521,2.115126,0.0857
Singapore,SGP,2004,0.9558209,46.43946,52.604717,366.79675,2.2007804,0.0857
Singapore,SGP,2005,0.94082516,46.4488,52.610374,377.51694,2.2651017,0.0643
Singapore,SGP,2006,1.0351468,46.40413,52.560722,346.28915,2.077735,-0.1874
Singapore,SGP,2007,1.1451732,46.35202,52.502804,315.06134,1.890368,-0.1874
Singapore,SGP,2008,1.2751828,46.29045,52.43437,284.45575,1.7067345,-0.1836
Singapore,SGP,2009,1.4311635,46.21658,52.352257,252.1835,1.513101,-0.1936
Singapore,SGP,2010,1.6217611,46.126312,52.251926,219.91125,1.3194675,-0.1936
Singapore,SGP,2011,1.8599373,46.013515,52.12655,187.639,1.125834,-0.1936
Singapore,SGP,2012,2.1660488,45.868546,51.96541,160.03342,0.9602005,-0.1656
Singapore,SGP,2013,2.5739958,45.675343,51.75066,132.42783,0.794567,-0.1656
Singapore,SGP,2014,3.144735,45.405045,51.45022,108.505585,0.6510335,-0.1435
Singapore,SGP,2015,4,45,51,84.583336,0.5075,-0.1435
Singapore,SGP,2016,4,45,51,84.96667,0.5098,0.0023
Singapore,SGP,2017,4,45,51,83.21667,0.4993,-0.0105
Singapore,SGP,2018,4,45,51,81.38333,0.4883,-0.011
Singapore,SGP,2019,4,45,51,82.166664,0.493,0.0047
Singapore,SGP,2020,4,45,51,83.11667,0.4987,0.0057
Singapore,SGP,2021,2.5861275,48.51018,48.90369,58.185944,0.34911567,-0.1496
Singapore,SGP,2022,0,54.93069,45.06931,33.255222,0.19953133,-0.1496
Slovak Republic,SVK,1993,8.481764,39.37659,52.141647,12.476191,1.572,
Slovak Republic,SVK,1994,7.7529864,39.553753,52.69326,11.738095,1.479,-0.093
Slovak Republic,SVK,1995,6.926407,39.75469,53.318905,11,1.386,-0.093
Slovak Republic,SVK,1996,6.0459943,38.316025,55.63798,10.698413,1.348,-0.038
Slovak Republic,SVK,1997,5.114504,36.79389,58.091602,10.396826,1.31,-0.038
Slovak Republic,SVK,1998,5.9422393,37.47857,56.57919,10.030423,1.2638333,-0.0462
Slovak Republic,SVK,1999,6.8327403,38.215164,54.952095,9.6640215,1.2176666,-0.0462
Slovak Republic,SVK,2000,7.7934275,39.009815,53.196754,9.297619,1.1715,-0.0462
Slovak Republic,SVK,2001,6.1652937,38.66153,55.173176,8.991667,1.13295,-0.0386
Slovak Republic,SVK,2002,5.116959,38.00256,56.88048,8.685715,1.0944,-0.0385
Slovak Republic,SVK,2003,8.29099,37.520138,54.18887,8.189683,1.0319,-0.0625
Slovak Republic,SVK,2004,3.229368,40.515457,56.255177,7.6936507,0.9694,-0.0625
Slovak Republic,SVK,2005,2.6025584,41.81738,55.580063,7.197619,0.9069,-0.0625
Slovak Republic,SVK,2006,3.489749,45.97121,50.539043,6.3285713,0.7974,-0.1095
Slovak Republic,SVK,2007,3.2703488,52.10756,44.622093,5.4595237,0.6879,-0.1095
Slovak Republic,SVK,2008,2.7439024,51.219513,46.036587,5.2674603,0.6637,-0.0242
Slovak Republic,SVK,2009,4.1432815,52.54209,43.314625,4.9849205,0.6281,-0.0356
Slovak Republic,SVK,2010,3.0652661,53.19442,43.740314,4.7674603,0.6007,-0.0274
Slovak Republic,SVK,2011,4.1129313,52.70129,43.18578,4.707143,0.5931,-0.0076
Slovak Republic,SVK,2012,4.6144595,45.964226,49.421314,5.2801585,0.6653,0.0722
Slovak Republic,SVK,2013,5.1160026,58.477097,36.406902,5.05873,0.6374,-0.0279
Slovak Republic,SVK,2014,4.0944037,50.974434,41.391026,4.438889,0.5593,-0.0781
Slovak Republic,SVK,2015,5.5181856,52.23279,42.24578,4.552381,0.5736,0.0143
Slovak Republic,SVK,2016,3.8878505,53.51402,42.59813,4.4071426,0.5553,-0.0183
Slovak Republic,SVK,2017,5.6803885,52.759304,41.56031,4.4150796,0.5563,0.001
Slovak Republic,SVK,2018,4.6001797,52.560646,42.839172,4.4166665,0.5565,0.0002
Slovak Republic,SVK,2019,5.227354,52.327248,42.449608,4.4333334,0.5586,0.0021
Slovak Republic,SVK,2020,5.3153152,52.81081,41.873875,4.404762,0.555,-0.0036
Slovak Republic,SVK,2021,5.3737497,52.721947,41.904305,4.4942307,0.5662731,0.0113
Slovak Republic,SVK,2022,5.828545,54.32881,39.84264,4.4732027,0.56362355,-0.0026
Slovenia,SVN,2002,0.7339858,20.807384,78.45863,4.8162827,0.8992,
Slovenia,SVN,2003,0.7044062,19.727043,79.56855,4.8598466,0.9073333,0.0081
Slovenia,SVN,2004,0.50200075,18.701345,80.79665,4.90341,0.91546667,0.0081
Slovenia,SVN,2005,0.24902555,17.702469,82.04851,4.946974,0.9236,0.0081
Slovenia,SVN,2006,0.6758931,17.750242,81.57387,4.978575,0.9295,0.0059
Slovenia,SVN,2007,0.49203125,17.905659,81.60231,5.0101767,0.9354,0.0059
Slovenia,SVN,2008,0.24521562,17.772802,81.98198,5.5704336,1.04,0.1046
Slovenia,SVN,2009,0.26522386,17.515383,82.21939,5.049277,0.9427,-0.0973
Slovenia,SVN,2010,0.1703638,17.696539,82.133095,4.9571505,0.9255,-0.0172
Slovenia,SVN,2011,0.34041345,17.988724,81.67086,4.554365,0.8503,-0.0752
Slovenia,SVN,2012,0.24781813,17.422691,82.32949,4.970541,0.928,0.0777
Slovenia,SVN,2013,0.31152648,14.191762,85.49671,6.189609,1.1556,0.2276
Slovenia,SVN,2014,0.16321534,16.637764,83.19902,5.2506695,0.9803,-0.1753
Slovenia,SVN,2015,0.39018953,18.327759,81.2932,4.804499,0.897,-0.0833
Slovenia,SVN,2016,0.3719148,18.235096,81.39299,4.7525444,0.8873,-0.0097
Slovenia,SVN,2017,0.4187245,18.198412,81.382866,4.988752,0.9314,0.0441
Slovenia,SVN,2018,0.31217483,17.793964,81.89386,5.147295,0.961,0.0296
Slovenia,SVN,2019,0.31779662,18.008474,81.67373,5.05624,0.944,-0.017
Slovenia,SVN,2020,0.2988048,16.93227,82.76892,5.372255,1.003,0.059
Slovenia,SVN,2021,0.32223415,18.58217,81.0956,4.9866095,0.931,-0.072
Slovenia,SVN,2022,0.41112456,21.644499,77.992744,4.4295664,0.827,-0.104
Small states,SST,2014,57.976307,16.518078,26.645676,1.2536408,8.650096,
Small states,SST,2015,58.422512,17.037817,25.727486,1.2406015,8.561917,-0.0882
Small states,SST,2016,57.622204,16.874964,26.77653,1.2582331,8.681152,0.1192
Small states,SST,2017,57.070587,16.894512,27.19588,1.2675053,8.743856,0.0627
Small states,SST,2018,57.850986,17.621494,25.707615,1.2378539,8.543336,-0.2005
Small states,SST,2019,62.10821,19.324326,19.769573,1.1504048,7.9519506,-0.5914
Small states,SST,2020,63.224277,19.826538,18.163538,1.1427057,7.899884,-0.0521
Small states,SST,2021,62.224377,19.34418,19.641165,1.1590934,8.010708,0.1108
"Somalia, Fed. Rep.",SOM,1990,98.4975,1.5025042,0,23.038076,1.3822846,
"Somalia, Fed. Rep.",SOM,1991,98.74817,1.2518338,0,26.217436,1.5730462,0.1908
"Somalia, Fed. Rep.",SOM,1992,98.94461,1.055386,0,29.396795,1.7638077,0.1908
"Somalia, Fed. Rep.",SOM,1993,99.102715,0.8972845,0,32.576153,1.9545692,0.1908
"Somalia, Fed. Rep.",SOM,1994,99.2327,0.7673001,0,35.755512,2.1453307,0.1908
"Somalia, Fed. Rep.",SOM,1995,99.34145,0.6585446,0,38.93487,2.3360922,0.1908
"Somalia, Fed. Rep.",SOM,1996,99.43379,0.56621003,0,42.11423,2.5268538,0.1908
"Somalia, Fed. Rep.",SOM,1997,99.51316,0.48683837,0,45.29359,2.7176154,0.1908
"Somalia, Fed. Rep.",SOM,1998,99.58212,0.41787887,0,48.47295,2.908377,0.1908
"Somalia, Fed. Rep.",SOM,1999,99.64259,0.3574088,0,51.65231,3.0991385,0.1908
"Somalia, Fed. Rep.",SOM,2000,99.696045,0.30395138,0,54.831665,3.2899,0.1908
"Somalia, Fed. Rep.",SOM,2001,99.62543,0.35424128,0.02021427,54.876667,3.2926,0.0027
"Somalia, Fed. Rep.",SOM,2002,99.55504,0.40453118,0.04042854,54.921665,3.2953,0.0027
"Somalia, Fed. Rep.",SOM,2003,99.484535,0.4548211,0.060642812,54.966667,3.298,0.0027
"Somalia, Fed. Rep.",SOM,2004,99.484535,0.4548211,0.060642812,54.966667,3.298,0
"Somalia, Fed. Rep.",SOM,2005,99.484535,0.4548211,0.060642812,54.966667,3.298,0
"Somalia, Fed. Rep.",SOM,2006,99.484535,0.4548211,0.060642812,54.966667,3.298,0
"Somalia, Fed. Rep.",SOM,2007,99.484535,0.4548211,0.060642812,54.966667,3.298,0
"Somalia, Fed. Rep.",SOM,2008,99.484535,0.4548211,0.060642812,54.966667,3.298,0
"Somalia, Fed. Rep.",SOM,2009,99.484535,0.4548211,0.060642812,54.966667,3.298,0
"Somalia, Fed. Rep.",SOM,2010,99.484535,0.4548211,0.060642812,54.966667,3.298,0
"Somalia, Fed. Rep.",SOM,2011,99.484535,0.4548211,0.060642812,54.966667,3.298,0
"Somalia, Fed. Rep.",SOM,2012,99.484535,0.4548211,0.060642812,54.966667,3.298,0
"Somalia, Fed. Rep.",SOM,2013,99.484535,0.4548211,0.060642812,54.966667,3.298,0
"Somalia, Fed. Rep.",SOM,2014,99.484535,0.4548211,0.060642812,54.966667,3.298,0
"Somalia, Fed. Rep.",SOM,2015,99.484535,0.4548211,0.060642812,54.966667,3.298,0
"Somalia, Fed. Rep.",SOM,2016,99.484535,0.4548211,0.060642812,54.966667,3.298,0
"Somalia, Fed. Rep.",SOM,2017,99.484535,0.4548211,0.060642812,54.966667,3.298,0
"Somalia, Fed. Rep.",SOM,2018,99.484535,0.4548211,0.060642812,54.966667,3.298,0
"Somalia, Fed. Rep.",SOM,2019,99.484535,0.4548211,0.060642812,54.966667,3.298,0
"Somalia, Fed. Rep.",SOM,2020,99.484535,0.4548211,0.060642812,54.966667,3.298,0
"Somalia, Fed. Rep.",SOM,2021,99.484535,0.4548211,0.060642812,54.966667,3.298,0
"Somalia, Fed. Rep.",SOM,2022,99.484535,0.4548211,0.060642812,54.966667,3.298,0
South Africa,ZAF,1990,71.98137,17.138779,10.879856,29.66741,13.291,
South Africa,ZAF,1991,71.10587,18.47047,10.423659,29.485714,13.2096,-0.0814
South Africa,ZAF,1992,70.21953,19.818655,9.961814,29.304018,13.1282,-0.0814
South Africa,ZAF,1993,69.32215,21.183638,9.494213,29.122322,13.0468,-0.0814
South Africa,ZAF,1994,68.41351,22.565739,9.02075,28.940624,12.9654,-0.0814
South Africa,ZAF,1995,67.49341,23.965277,8.541311,28.758928,12.884,-0.0814
South Africa,ZAF,1996,66.25466,25.26708,8.477827,28.709822,12.862,-0.022
South Africa,ZAF,1997,65.011665,26.57334,8.414994,28.660715,12.84,-0.022
South Africa,ZAF,1998,63.764412,27.884075,8.351511,28.611607,12.818,-0.022
South Africa,ZAF,1999,62.51288,29.199314,8.28781,28.5625,12.796,-0.022
South Africa,ZAF,2000,61.257034,30.519073,8.22389,28.421875,12.733,-0.063
South Africa,ZAF,2001,61.372513,30.196327,8.431161,28.896978,12.945847,0.2128
South Africa,ZAF,2002,61.484344,29.883759,8.631895,29.372082,13.158692,0.2128
South Africa,ZAF,2003,61.59271,29.580896,8.826396,29.847183,13.371538,0.2128
South Africa,ZAF,2004,61.697754,29.287294,9.01495,30.322287,13.584385,0.2128
South Africa,ZAF,2005,61.79964,29.002535,9.1978245,30.79739,13.797231,0.2128
South Africa,ZAF,2006,61.898502,28.726225,9.375274,31.272493,14.0100765,0.2128
South Africa,ZAF,2007,61.994473,28.457993,9.547535,31.747597,14.222923,0.2128
South Africa,ZAF,2008,62.087677,28.197489,9.714833,32.2227,14.435769,0.2128
South Africa,ZAF,2009,62.178238,27.944386,9.877378,32.697803,14.648616,0.2128
South Africa,ZAF,2010,62.26626,27.69837,10.035372,33.172905,14.861462,0.2128
South Africa,ZAF,2011,62.35185,27.45915,10.189001,33.648006,15.074307,0.2128
South Africa,ZAF,2012,62.43511,27.226448,10.338444,34.12311,15.287154,0.2128
South Africa,ZAF,2013,62.51613,27,10.4838705,31.888393,14.286,-1.0012
South Africa,ZAF,2014,61.563232,23.170374,15.266394,36.77009,16.473,2.187
South Africa,ZAF,2015,60.771706,19.989283,19.239014,41.651787,18.66,2.187
South Africa,ZAF,2016,59.475067,19.84252,20.682415,42.5,19.04,0.38
South Africa,ZAF,2017,58.77193,20.072239,21.15583,43.25893,19.38,0.34
South Africa,ZAF,2018,57.83375,15.098237,20.503778,43.839287,19.64,0.26
South Africa,ZAF,2019,60.84656,16.666666,22.486773,44.642857,20,0.36
South Africa,ZAF,2020,62.479183,16.207378,21.31344,45.33482,20.31,0.31
South Africa,ZAF,2021,61.32422,17.435217,21.240562,46.629463,20.89,0.58
South Africa,ZAF,2022,59.39993,17.440168,23.159903,47.120537,21.11,0.22
South Asia,SAS,2014,90.325066,7.395237,2.2797039,37.560875,706.1557,
South Asia,SAS,2015,90.325066,7.395237,2.2797039,37.560875,706.1557,0
South Asia,SAS,2016,90.325066,7.395237,2.2797039,37.560875,706.1557,0
South Asia,SAS,2017,90.325066,7.395237,2.2797039,37.560875,706.1557,0
South Asia,SAS,2018,90.325066,7.395237,2.2797039,37.560875,706.1557,0
South Asia,SAS,2019,90.325066,7.395237,2.2797039,37.560875,706.1557,0
South Asia,SAS,2020,90.32508,7.395237,2.2797039,37.560875,706.1557,0
South Asia,SAS,2021,90.32509,7.395237,2.2797039,37.560875,706.1557,0
South Asia (IDA & IBRD),TSA,2014,90.325066,7.395237,2.2797039,37.560875,706.1557,
South Asia (IDA & IBRD),TSA,2015,90.325066,7.395237,2.2797039,37.560875,706.1557,0
South Asia (IDA & IBRD),TSA,2016,90.325066,7.395237,2.2797039,37.560875,706.1557,0
South Asia (IDA & IBRD),TSA,2017,90.325066,7.395237,2.2797039,37.560875,706.1557,0
South Asia (IDA & IBRD),TSA,2018,90.325066,7.395237,2.2797039,37.560875,706.1557,0
South Asia (IDA & IBRD),TSA,2019,90.325066,7.395237,2.2797039,37.560875,706.1557,0
South Asia (IDA & IBRD),TSA,2020,90.32508,7.395237,2.2797039,37.560875,706.1557,0
South Asia (IDA & IBRD),TSA,2021,90.32509,7.395237,2.2797039,37.560875,706.1557,0
South Sudan,SSD,2012,36.474163,29.331306,34.19453,2.5307693,0.658,
South Sudan,SSD,2013,36.474163,29.331306,34.19453,2.5307693,0.658,0
South Sudan,SSD,2014,36.474163,29.331306,34.19453,2.5307693,0.658,0
South Sudan,SSD,2015,36.474163,29.331306,34.19453,2.5307693,0.658,0
South Sudan,SSD,2016,36.474163,29.331306,34.19453,2.5307693,0.658,0
South Sudan,SSD,2017,36.474163,29.331306,34.19453,2.5307693,0.658,0
South Sudan,SSD,2018,36.474163,29.331306,34.19453,2.5307693,0.658,0
South Sudan,SSD,2019,36.474163,29.331306,34.19453,2.5307693,0.658,0
South Sudan,SSD,2020,36.474163,29.331306,34.19453,2.5307693,0.658,0
South Sudan,SSD,2021,36.474163,29.331306,34.19453,2.5307693,0.658,0
South Sudan,SSD,2022,36.474163,29.331306,34.19453,2.5307693,0.658,0
Spain,ESP,1990,63.700558,16.904451,19.394993,34.721584,38.6104,
Spain,ESP,1991,64.227646,18.428185,17.344173,33.093525,36.8,-1.8104
Spain,ESP,1992,64.769806,17.576073,17.65412,32.748802,36.416668,-0.3833
Spain,ESP,1993,65.32348,16.705873,17.970646,32.404076,36.033333,-0.3833
Spain,ESP,1994,65.88903,15.817004,18.293962,32.059353,35.65,-0.3833
Spain,ESP,1995,66.46685,14.908858,18.62429,31.714628,35.266666,-0.3833
Spain,ESP,1996,67.057335,13.9808,18.961863,31.369904,34.883335,-0.3833
Spain,ESP,1997,67.66091,13.032168,19.306917,31.025179,34.5,-0.3833
Spain,ESP,1998,66.68369,13.837976,19.478333,31.506294,35.035,0.535
Spain,ESP,1999,65.74169,14.614735,19.64357,31.98741,35.57,0.535
Spain,ESP,2000,64.83306,15.363985,19.802956,32.468525,36.105,0.535
Spain,ESP,2001,64.46269,15.269515,20.26779,32.199642,35.806,-0.299
Spain,ESP,2002,64.11576,15.1607065,20.723528,31.930756,35.507,-0.299
Spain,ESP,2003,63.9602,15.47835,20.56145,32.509293,36.150333,0.6433
Spain,ESP,2004,63.066307,16.112019,20.821672,33.08783,36.793667,0.6433
Spain,ESP,2005,64.37701,15.773418,19.849577,33.666367,37.437,0.6433
Spain,ESP,2006,64.15235,16.440248,19.4074,32.559803,36.2065,-1.2305
Spain,ESP,2007,65.16178,16.57999,18.25823,31.453238,34.976,-1.2305
Spain,ESP,2008,64.55273,16.350899,19.096375,31.271584,34.774,-0.202
Spain,ESP,2009,66.22736,15.057952,18.714685,32.482014,36.12,1.346
Spain,ESP,2010,66.31842,14.336816,19.344765,31.484713,35.011,-1.109
Spain,ESP,2011,67.64278,13.2545595,19.102663,31.53777,35.07,0.059
Spain,ESP,2012,69.5123,12.551514,17.936192,32.703236,36.366,1.296
Spain,ESP,2013,65.69806,14.324839,19.9771,29.091726,32.35,-4.016
Spain,ESP,2014,66.84728,13.8565035,19.296217,29.549461,32.859,0.509
Spain,ESP,2015,65.74856,15.025068,19.22003,28.339928,31.514,-1.345
Spain,ESP,2016,65.22853,15.662535,19.108932,28.076439,31.221,-0.293
Spain,ESP,2017,65.82375,15.597794,18.578455,27.06295,30.094,-1.127
Spain,ESP,2018,65.26573,15.294638,19.439627,26.446943,29.409,-0.685
Spain,ESP,2019,65.299995,15.502576,19.197659,26.272032,29.2145,-0.1945
Spain,ESP,2020,65.33425,15.713301,18.952446,26.097122,29.02,-0.1945
Spain,ESP,2021,65.33425,15.713301,18.952446,26.097122,29.02,0
Spain,ESP,2022,65.33425,15.713301,18.952446,26.097122,29.02,0
Sri Lanka,LKA,1990,96.00778,1.9961102,1.9961102,18.501894,9.769,
Sri Lanka,LKA,1991,95.521126,2.231214,2.2476609,19.115833,10.09316,0.3242
Sri Lanka,LKA,1992,95.06476,2.4516861,2.4835563,19.729773,10.41732,0.3242
Sri Lanka,LKA,1993,94.63593,2.6588514,2.7052138,20.343712,10.74148,0.3242
Sri Lanka,LKA,1994,94.23224,2.8538792,2.9138849,20.957651,11.06564,0.3242
Sri Lanka,LKA,1995,93.85152,3.0378058,3.110678,21.57159,11.3898,0.3242
Sri Lanka,LKA,1996,93.49187,3.2115526,3.2965794,22.18553,11.71396,0.3242
Sri Lanka,LKA,1997,93.15159,3.3759425,3.472469,22.799469,12.03812,0.3242
Sri Lanka,LKA,1998,92.829155,3.5317109,3.6391346,23.413408,12.36228,0.3242
Sri Lanka,LKA,1999,92.5232,3.6795192,3.7972827,24.027348,12.68644,0.3242
Sri Lanka,LKA,2000,92.23249,3.8199623,3.9475505,24.641289,13.0106,0.3242
Sri Lanka,LKA,2001,91.26244,4.29769,4.4398694,24.616817,12.99768,-0.0129
Sri Lanka,LKA,2002,90.29047,4.7763686,4.933168,24.592348,12.98476,-0.0129
Sri Lanka,LKA,2003,89.31655,5.2560005,5.427449,24.567879,12.97184,-0.0129
Sri Lanka,LKA,2004,88.3407,5.736589,5.9227157,24.54341,12.95892,-0.0129
Sri Lanka,LKA,2005,87.36289,6.218137,6.418971,24.51894,12.946,-0.0129
Sri Lanka,LKA,2006,87.36289,6.218137,6.418971,24.51894,12.946,0
Sri Lanka,LKA,2007,87.36289,6.218137,6.418971,24.51894,12.946,0
Sri Lanka,LKA,2008,87.36289,6.218137,6.418971,24.51894,12.946,0
Sri Lanka,LKA,2009,87.36289,6.218137,6.418971,24.51894,12.946,0
Sri Lanka,LKA,2010,87.36289,6.218137,6.418971,24.51894,12.946,0
Sri Lanka,LKA,2011,87.36289,6.218137,6.418971,24.51894,12.946,0
Sri Lanka,LKA,2012,87.36289,6.218137,6.418971,24.51894,12.946,0
Sri Lanka,LKA,2013,87.36289,6.218137,6.418971,24.51894,12.946,0
Sri Lanka,LKA,2014,87.36289,6.218137,6.418971,24.51894,12.946,0
Sri Lanka,LKA,2015,87.36289,6.218137,6.418971,24.51894,12.946,0
Sri Lanka,LKA,2016,87.36289,6.218137,6.418971,24.51894,12.946,0
Sri Lanka,LKA,2017,87.36289,6.218137,6.418971,24.51894,12.946,0
Sri Lanka,LKA,2018,87.36289,6.218137,6.418971,24.51894,12.946,0
Sri Lanka,LKA,2019,87.36289,6.218137,6.418971,24.51894,12.946,0
Sri Lanka,LKA,2020,87.36289,6.218137,6.418971,24.51894,12.946,0
Sri Lanka,LKA,2021,87.36289,6.218137,6.418971,24.51894,12.946,0
Sri Lanka,LKA,2022,87.36289,6.218137,6.418971,24.51894,12.946,0
St. Kitts and Nevis,KNA,2012,1.2820513,98.71795,0,50.833332,0.0122,
St. Kitts and Nevis,KNA,2013,1.2820513,98.71795,0,50.833332,0.0122,0
St. Kitts and Nevis,KNA,2014,1.2820513,98.71795,0,50.833332,0.0122,0
St. Kitts and Nevis,KNA,2015,1.2820513,98.71795,0,50.833332,0.0122,0
St. Kitts and Nevis,KNA,2016,1.2820513,98.71795,0,50.833332,0.0122,0
St. Kitts and Nevis,KNA,2017,1.2820513,98.71795,0,50.833332,0.0122,0
St. Kitts and Nevis,KNA,2018,1.2820513,98.71795,0,50.833332,0.0122,0
St. Kitts and Nevis,KNA,2019,1.2820513,98.71795,0,50.833332,0.0122,0
St. Kitts and Nevis,KNA,2020,1.2820513,98.71795,0,50.833332,0.0122,0
St. Kitts and Nevis,KNA,2021,1.2820513,98.71795,0,50.833332,0.0122,0
St. Kitts and Nevis,KNA,2022,1.2820513,98.71795,0,50.833332,0.0122,0
St. Lucia,LCA,2007,70.86247,29.13753,0,14.3,0.0429,
St. Lucia,LCA,2008,70.86247,29.13753,0,14.3,0.0429,0
St. Lucia,LCA,2009,70.86247,29.13753,0,14.3,0.0429,0
St. Lucia,LCA,2010,70.86247,29.13753,0,14.3,0.0429,0
St. Lucia,LCA,2011,70.86247,29.13753,0,14.3,0.0429,0
St. Lucia,LCA,2012,70.86247,29.13753,0,14.3,0.0429,0
St. Lucia,LCA,2013,70.86247,29.13753,0,14.3,0.0429,0
St. Lucia,LCA,2014,70.86247,29.13753,0,14.3,0.0429,0
St. Lucia,LCA,2015,70.86247,29.13753,0,14.3,0.0429,0
St. Lucia,LCA,2016,70.86247,29.13753,0,14.3,0.0429,0
St. Lucia,LCA,2017,70.86247,29.13753,0,14.3,0.0429,0
St. Lucia,LCA,2018,70.86247,29.13753,0,14.3,0.0429,0
St. Lucia,LCA,2019,70.86247,29.13753,0,14.3,0.0429,0
St. Lucia,LCA,2020,70.86247,29.13753,0,14.3,0.0429,0
St. Lucia,LCA,2021,70.86247,29.13753,0,14.3,0.0429,0
St. Lucia,LCA,2022,70.86247,29.13753,0,14.3,0.0429,0
St. Vincent and the Grenadines,VCT,1995,79.04348,,,10,0.01,
St. Vincent and the Grenadines,VCT,1996,75.278656,,,9.95,0.00995,0
St. Vincent and the Grenadines,VCT,1997,71.45012,,,9.9,0.0099,0
St. Vincent and the Grenadines,VCT,1998,67.55622,,,9.85,0.00985,0
St. Vincent and the Grenadines,VCT,1999,63.595276,,,9.8,0.0098,0
St. Vincent and the Grenadines,VCT,2000,59.565544,,,9.75,0.00975,0
St. Vincent and the Grenadines,VCT,2001,55.465214,,,9.7,0.0097,0
St. Vincent and the Grenadines,VCT,2002,51.292416,,,9.417444,0.009417444,-0.0003
St. Vincent and the Grenadines,VCT,2003,47.045208,,,9.334222,0.009334222,-1.00E-04
St. Vincent and the Grenadines,VCT,2004,42.721584,,,9.251,0.009251,-1.00E-04
St. Vincent and the Grenadines,VCT,2005,38.319466,,,9.5,0.0095,0.0002
St. Vincent and the Grenadines,VCT,2006,33.836693,,,9.3,0.0093,-0.0002
St. Vincent and the Grenadines,VCT,2007,29.271027,,,9.1,0.0091,-0.0002
St. Vincent and the Grenadines,VCT,2008,24.620148,,,8.9,0.0089,-0.0002
St. Vincent and the Grenadines,VCT,2009,19.88165,,,8.7,0.0087,-0.0002
St. Vincent and the Grenadines,VCT,2010,15.053034,,,8.5,0.0085,-0.0002
St. Vincent and the Grenadines,VCT,2011,10.1317005,,,8.3,0.0083,-0.0002
St. Vincent and the Grenadines,VCT,2012,5.1149573,,,8.1,0.0081,-0.0002
St. Vincent and the Grenadines,VCT,2013,0,99.97648,0.023523876,7.9,0.0079,-0.0002
St. Vincent and the Grenadines,VCT,2014,0,99.97648,0.023523876,7.9,0.0079,0
St. Vincent and the Grenadines,VCT,2015,0,99.97648,0.023523876,7.9,0.0079,0
St. Vincent and the Grenadines,VCT,2016,0,99.97648,0.023523876,7.9,0.0079,0
St. Vincent and the Grenadines,VCT,2017,0,99.97648,0.023523876,7.9,0.0079,0
St. Vincent and the Grenadines,VCT,2018,0,99.97648,0.023523876,7.9,0.0079,0
St. Vincent and the Grenadines,VCT,2019,0,99.97648,0.023523876,7.9,0.0079,0
St. Vincent and the Grenadines,VCT,2020,0,99.97648,0.023523876,7.9,0.0079,0
St. Vincent and the Grenadines,VCT,2021,0,99.97648,0.023523876,7.9,0.0079,0
St. Vincent and the Grenadines,VCT,2022,0,99.97648,0.023523876,7.9,0.0079,0
Sub-Saharan Africa,SSF,2014,78.959526,15.421846,5.626141,3.1694384,123.104706,
Sub-Saharan Africa,SSF,2015,78.54016,15.1270075,6.3397746,3.2415955,125.90711,2.8024
Sub-Saharan Africa,SSF,2016,78.889275,14.445079,6.66416,3.282463,127.494316,1.5872
Sub-Saharan Africa,SSF,2017,78.76376,14.456787,6.7794504,3.2863817,127.6465,0.1522
Sub-Saharan Africa,SSF,2018,78.73272,13.659767,6.614197,3.3415365,129.78859,2.1421
Sub-Saharan Africa,SSF,2019,79.281555,13.790231,6.9205713,3.3689082,130.85164,1.063
Sub-Saharan Africa,SSF,2020,79.58675,13.674794,6.738622,3.3965569,131.92545,1.0738
Sub-Saharan Africa,SSF,2021,79.32999,13.872905,6.79031,3.4108443,132.48033,0.5549
Sub-Saharan Africa (IDA & IBRD countries),TSS,2014,78.959526,15.421846,5.626141,3.1694384,123.104706,
Sub-Saharan Africa (IDA & IBRD countries),TSS,2015,78.54016,15.1270075,6.3397746,3.2415955,125.90711,2.8024
Sub-Saharan Africa (IDA & IBRD countries),TSS,2016,78.889275,14.445079,6.66416,3.282463,127.494316,1.5872
Sub-Saharan Africa (IDA & IBRD countries),TSS,2017,78.76376,14.456787,6.7794504,3.2863817,127.6465,0.1522
Sub-Saharan Africa (IDA & IBRD countries),TSS,2018,78.73272,13.659767,6.614197,3.3415365,129.78859,2.1421
Sub-Saharan Africa (IDA & IBRD countries),TSS,2019,79.281555,13.790231,6.9205713,3.3689082,130.85164,1.063
Sub-Saharan Africa (IDA & IBRD countries),TSS,2020,79.58675,13.674794,6.738622,3.3965569,131.92545,1.0738
Sub-Saharan Africa (IDA & IBRD countries),TSS,2021,79.32999,13.872905,6.79031,3.4108443,132.48033,0.5549
Sub-Saharan Africa (excluding high income),SSA,2014,77.85568,16.072706,6.07958,3.0048122,113.03386,
Sub-Saharan Africa (excluding high income),SSA,2015,77.37882,15.769742,6.858779,3.072816,115.591995,2.5581
Sub-Saharan Africa (excluding high income),SSA,2016,77.72962,15.050697,7.2196817,3.108465,116.93302,1.341
Sub-Saharan Africa (excluding high income),SSA,2017,77.59304,15.06243,7.3445306,3.112561,117.087105,0.1541
Sub-Saharan Africa (excluding high income),SSA,2018,77.58028,14.183942,7.1544895,3.1695046,119.22919,2.1421
Sub-Saharan Africa (excluding high income),SSA,2019,78.18748,14.321225,7.482983,3.1977642,120.292244,1.0631
Sub-Saharan Africa (excluding high income),SSA,2020,78.52891,14.191048,7.2802277,3.2263093,121.36604,1.0738
Sub-Saharan Africa (excluding high income),SSA,2021,78.25472,14.403966,7.3339267,3.2410603,121.920944,0.5549
Sudan,SDN,2012,96.19454,3.5270095,0.2784481,673.375,26.935,
Sudan,SDN,2013,96.19454,3.5270095,0.2784481,673.375,26.935,0
Sudan,SDN,2014,96.19454,3.5270095,0.2784481,673.375,26.935,0
Sudan,SDN,2015,96.19454,3.5270095,0.2784481,673.375,26.935,0
Sudan,SDN,2016,96.19454,3.5270095,0.2784481,673.375,26.935,0
Sudan,SDN,2017,96.19454,3.5270095,0.2784481,673.375,26.935,0
Sudan,SDN,2018,96.19454,3.5270095,0.2784481,673.375,26.935,0
Sudan,SDN,2019,96.19454,3.5270095,0.2784481,673.375,26.935,0
Sudan,SDN,2020,96.19454,3.5270095,0.2784481,673.375,26.935,0
Sudan,SDN,2021,96.19454,3.5270095,0.2784481,673.375,26.935,0
Sudan,SDN,2022,96.19454,3.5270095,0.2784481,673.375,26.935,0
Suriname,SUR,1990,90.16641,5.5975795,4.2360063,0.5135975,0.50846153,
Suriname,SUR,1991,90.46921,5.4545455,4.0762463,0.52991456,0.5246154,0.0162
Suriname,SUR,1992,90.753914,5.320057,3.9260314,0.54623157,0.5407692,0.0162
Suriname,SUR,1993,91.0221,5.1933703,3.7845304,0.5625486,0.5569231,0.0162
Suriname,SUR,1994,91.27517,5.0738254,3.6510067,0.5788656,0.5730769,0.0162
Suriname,SUR,1995,91.51436,4.9608355,3.524804,0.5951826,0.5892308,0.0162
Suriname,SUR,1996,91.74079,4.8538756,3.4053366,0.6114996,0.6053846,0.0162
Suriname,SUR,1997,91.955444,4.7524753,3.2920792,0.6278166,0.62153846,0.0162
Suriname,SUR,1998,92.159225,4.6562123,3.1845598,0.6441336,0.63769233,0.0162
Suriname,SUR,1999,92.35294,4.564706,3.0823529,0.66045064,0.65384614,0.0162
Suriname,SUR,2000,92.537315,4.477612,2.9850745,0.67676765,0.67,0.0162
Suriname,SUR,2001,89.03654,5.025341,5.9381223,0.66765994,0.6609833,-0.009
Suriname,SUR,2002,85.43893,5.58822,8.972852,0.65855217,0.6519667,-0.009
Suriname,SUR,2003,81.74042,6.166887,12.092698,0.64944446,0.64295,-0.009
Suriname,SUR,2004,77.93669,6.762015,15.301293,0.6403367,0.6339333,-0.009
Suriname,SUR,2005,74.0232,7.3743167,18.60248,0.631229,0.6249167,-0.009
Suriname,SUR,2006,69.99513,8.004546,22.000324,0.6221212,0.6159,-0.009
Suriname,SUR,2007,69.99513,8.004546,22.000324,0.6221212,0.6159,0
Suriname,SUR,2008,69.99513,8.004546,22.000324,0.6221212,0.6159,0
Suriname,SUR,2009,69.99513,8.004546,22.000324,0.6221212,0.6159,0
Suriname,SUR,2010,69.99513,8.004546,22.000324,0.6221212,0.6159,0
Suriname,SUR,2011,69.99513,8.004546,22.000324,0.6221212,0.6159,0
Suriname,SUR,2012,69.99513,8.004546,22.000324,0.6221212,0.6159,0
Suriname,SUR,2013,69.99513,8.004546,22.000324,0.6221212,0.6159,0
Suriname,SUR,2014,69.99513,8.004546,22.000324,0.6221212,0.6159,0
Suriname,SUR,2015,69.99513,8.004546,22.000324,0.6221212,0.6159,0
Suriname,SUR,2016,69.99513,8.004546,22.000324,0.6221212,0.6159,0
Suriname,SUR,2017,69.99513,8.004546,22.000324,0.6221212,0.6159,0
Suriname,SUR,2018,69.99513,8.004546,22.000324,0.6221212,0.6159,0
Suriname,SUR,2019,69.99513,8.004546,22.000324,0.6221212,0.6159,0
Suriname,SUR,2020,69.99513,8.004546,22.000324,0.6221212,0.6159,0
Suriname,SUR,2021,69.99513,8.004546,22.000324,0.6221212,0.6159,0
Suriname,SUR,2022,69.99513,8.004546,22.000324,0.6221212,0.6159,0
Sweden,SWE,1990,5.38902,34.55709,60.05389,1.7356725,2.968,
Sweden,SWE,1991,5.621003,34.365532,60.013462,1.7371345,2.9705,0.0025
Sweden,SWE,1992,5.852674,34.174236,59.97309,1.7385964,2.973,0.0025
Sweden,SWE,1993,5.689998,35.072323,59.23768,1.6902534,2.8903334,-0.0827
Sweden,SWE,1994,5.521001,36.00531,58.473686,1.6419103,2.8076668,-0.0827
Sweden,SWE,1995,5.345307,36.97527,57.679424,1.5935673,2.725,-0.0827
Sweden,SWE,1996,5.437541,37.874283,56.688175,1.5894737,2.718,-0.007
Sweden,SWE,1997,5.533014,38.80487,55.662117,1.5853801,2.711,-0.007
Sweden,SWE,1998,5.5487947,38.704735,55.74647,1.5808967,2.7033334,-0.0077
Sweden,SWE,1999,5.564486,38.6046,55.830345,1.5764133,2.6956666,-0.0077
Sweden,SWE,2000,5.580357,38.504463,55.91518,1.5719298,2.688,-0.0077
Sweden,SWE,2001,5.0476723,38.754906,56.19742,1.5649123,2.676,-0.012
Sweden,SWE,2002,5.044843,38.789238,56.16592,1.5649123,2.676,0
Sweden,SWE,2003,5.05618,38.401997,56.541824,1.5561403,2.661,-0.015
Sweden,SWE,2004,5.0675673,38.013012,56.91942,1.5473684,2.646,-0.015
Sweden,SWE,2005,4.068441,38.02281,57.908745,1.5385965,2.631,-0.015
Sweden,SWE,2006,4.068441,38.02281,57.908745,1.5383041,2.6305,-0.0005
Sweden,SWE,2007,4.068441,38.02281,57.908745,1.5380117,2.63,-0.0005
Sweden,SWE,2008,3.9250221,37.98025,58.09536,1.5495126,2.6496668,0.0197
Sweden,SWE,2009,3.7837162,37.93706,58.27922,1.5610137,2.6693332,0.0197
Sweden,SWE,2010,3.6444776,37.89513,58.460396,1.5725147,2.689,0.0197
Sweden,SWE,2011,3.5564694,38.313915,58.129616,1.5357895,2.6262,-0.0628
Sweden,SWE,2012,3.4641492,38.75322,57.78263,1.4990643,2.5634,-0.0628
Sweden,SWE,2013,3.3671918,39.21459,57.41822,1.4623392,2.5006,-0.0628
Sweden,SWE,2014,3.2652392,39.69973,57.03503,1.425614,2.4378,-0.0628
Sweden,SWE,2015,3.1578948,40.210526,56.63158,1.3888888,2.375,-0.0628
Sweden,SWE,2016,3.4751036,39.064663,57.460236,1.4015205,2.3966,0.0216
Sweden,SWE,2017,3.8096085,37.85632,58.334072,1.414152,2.4182,0.0216
Sweden,SWE,2018,4.162863,36.580246,59.256893,1.4267837,2.4398,0.0216
Sweden,SWE,2019,4.536489,35.230583,60.23293,1.4394152,2.4614,0.0216
Sweden,SWE,2020,4.1062803,28.140097,51.006443,1.4520468,2.483,0.0216
Sweden,SWE,2021,4.9323015,33.800774,61.266926,1.4520468,2.483,0
Sweden,SWE,2022,4.9323015,33.800774,61.266926,1.4520468,2.483,0
Switzerland,CHE,1990,,43.938828,,6.6361384,2.681,
Switzerland,CHE,1991,,44.08482,,6.6534653,2.688,0.007
Switzerland,CHE,1992,,44.230057,,6.670792,2.695,0.007
Switzerland,CHE,1993,,43.661446,,6.6030197,2.66762,-0.0274
Switzerland,CHE,1994,,43.08112,,6.5352473,2.64024,-0.0274
Switzerland,CHE,1995,,42.488712,,6.4674754,2.61286,-0.0274
Switzerland,CHE,1996,,41.883846,,6.399703,2.58548,-0.0274
Switzerland,CHE,1997,,41.26612,,6.3319306,2.5581,-0.0274
Switzerland,CHE,1998,,41.45105,,6.3120794,2.55008,-0.008
Switzerland,CHE,1999,,41.63717,,6.2922277,2.54206,-0.008
Switzerland,CHE,2000,1.9728535,41.824493,,6.272376,2.53404,-0.008
Switzerland,CHE,2001,2.342451,42.13839,,6.252525,2.52602,-0.008
Switzerland,CHE,2002,2.7144558,42.45433,,6.232673,2.518,-0.008
Switzerland,CHE,2003,3.1428883,42.45923,,6.1055694,2.46665,-0.0513
Switzerland,CHE,2004,3.5895271,42.46434,,5.9784656,2.4153,-0.0514
Switzerland,CHE,2005,4.0555573,42.46967,,5.8513613,2.36395,-0.0513
Switzerland,CHE,2006,4.5422707,42.417587,,5.7242575,2.3126,-0.0514
Switzerland,CHE,2007,5.0510745,45.00899,,5.5971537,2.26125,-0.0513
Switzerland,CHE,2008,5.5835085,47.720745,,5.4700494,2.2099,-0.0514
Switzerland,CHE,2009,6.141257,50.56143,,5.3429456,2.15855,-0.0513
Switzerland,CHE,2010,6.72617,53.540474,,5.215842,2.1072,-0.0514
Switzerland,CHE,2011,7.3402815,56.668224,,5.0887375,2.05585,-0.0513
Switzerland,CHE,2012,7.985834,59.956104,32.05806,4.9504952,2,-0.0559
Switzerland,CHE,2013,9.309222,53.320152,37.370625,4.257426,1.72,-0.28
Switzerland,CHE,2014,9.396643,52.881794,37.721565,4.2178216,1.704,-0.016
Switzerland,CHE,2015,9.2234125,53.75043,37.026154,4.2225666,1.705917,0.0019
Switzerland,CHE,2016,9.228729,53.723774,37.047497,4.2178216,1.704,-0.0019
Switzerland,CHE,2017,9.234053,53.697083,37.068867,4.2178216,1.704,0
Switzerland,CHE,2018,9.056455,54.587624,36.355923,4.2178216,1.704,0
Switzerland,CHE,2019,9.250058,53.616825,37.133118,4.2178216,1.704,0
Switzerland,CHE,2020,9.191641,53.909748,36.89861,4.2178216,1.704,0
Switzerland,CHE,2021,9.325489,53.238583,37.43593,4.2178216,1.704,0
Switzerland,CHE,2022,9.239382,53.67036,37.09026,4.2178216,1.704,0
Syrian Arab Republic,SYR,1990,,,,156.99196,11.196667,
Syrian Arab Republic,SYR,1991,,,,164.33601,11.720445,0.5238
Syrian Arab Republic,SYR,1992,,,,171.68007,12.244223,0.5238
Syrian Arab Republic,SYR,1993,89.520676,8.012218,2.4671052,179.02412,12.768,0.5238
Syrian Arab Republic,SYR,1994,89.59774,7.85932,2.54294,188.57263,13.449,0.681
Syrian Arab Republic,SYR,1995,89.23807,8.108509,2.6534243,189.17555,13.492,0.043
Syrian Arab Republic,SYR,1996,89.08622,8.10656,2.8072186,195.79361,13.964,0.472
Syrian Arab Republic,SYR,1997,88.999794,8.102862,2.8973453,202.28548,14.427,0.463
Syrian Arab Republic,SYR,1998,88.89187,8.098143,3.0099885,209.15591,14.917,0.49
Syrian Arab Republic,SYR,1999,88.44741,8.497755,3.0548375,206.08525,14.698,-0.219
Syrian Arab Republic,SYR,2000,87.51327,8.565552,3.9211783,211.32922,15.072,0.374
Syrian Arab Republic,SYR,2001,87.95165,8.570143,3.478205,218.0875,15.554,0.482
Syrian Arab Republic,SYR,2002,88.08607,8.435723,3.4782078,229.37465,16.359,0.805
Syrian Arab Republic,SYR,2003,87.89168,8.543527,3.5647955,202.53786,14.445,-1.914
Syrian Arab Republic,SYR,2004,87.709335,8.672283,3.6183836,197.83652,14.1097,-0.3353
Syrian Arab Republic,SYR,2005,87.52774,8.800506,3.67175,198.32304,14.1444,0.0347
Syrian Arab Republic,SYR,2006,87.52774,8.800506,3.67175,198.32304,14.1444,0
Syrian Arab Republic,SYR,2007,87.52774,8.800506,3.67175,198.32304,14.1444,0
Syrian Arab Republic,SYR,2008,87.52774,8.800506,3.67175,198.32304,14.1444,0
Syrian Arab Republic,SYR,2009,87.52774,8.800506,3.67175,197.6921,14.0994,-0.045
Syrian Arab Republic,SYR,2010,87.52774,8.800506,3.67175,197.06113,14.0544,-0.045
Syrian Arab Republic,SYR,2011,87.52774,8.800506,3.67175,196.43018,14.0094,-0.045
Syrian Arab Republic,SYR,2012,87.52774,8.800506,3.67175,195.79921,13.9644,-0.045
Syrian Arab Republic,SYR,2013,87.52774,8.800506,3.67175,195.79921,13.9644,0
Syrian Arab Republic,SYR,2014,87.52774,8.800506,3.67175,195.79921,13.9644,0
Syrian Arab Republic,SYR,2015,87.52774,8.800506,3.67175,195.79921,13.9644,0
Syrian Arab Republic,SYR,2016,87.52774,8.800506,3.67175,195.79921,13.9644,0
Syrian Arab Republic,SYR,2017,87.52774,8.800506,3.67175,195.79921,13.9644,0
Syrian Arab Republic,SYR,2018,87.52774,8.800506,3.67175,195.79921,13.9644,0
Syrian Arab Republic,SYR,2019,87.52774,8.800506,3.67175,195.79921,13.9644,0
Syrian Arab Republic,SYR,2020,87.52774,8.800506,3.67175,195.79921,13.9644,0
Syrian Arab Republic,SYR,2021,87.52774,8.800506,3.67175,195.79921,13.9644,0
Syrian Arab Republic,SYR,2022,87.52774,8.800506,3.67175,195.79921,13.9644,0
Tajikistan,TJK,1994,92.31029,3.4700582,4.219658,18.153168,11.52,
Tajikistan,TJK,1995,92.408554,3.440581,4.1508665,18.360384,11.6515,0.1315
Tajikistan,TJK,1996,92.5148,3.4087114,4.0764914,18.567602,11.783,0.1315
Tajikistan,TJK,1997,92.63003,3.3741457,3.9958239,18.774818,11.9145,0.1315
Tajikistan,TJK,1998,92.75544,3.3365266,3.9080307,18.982037,12.046,0.1315
Tajikistan,TJK,1999,92.89245,3.295431,3.8121243,19.189253,12.1775,0.1315
Tajikistan,TJK,2000,67.88009,2.3713222,2.7044175,19.396471,12.309,0.1315
Tajikistan,TJK,2001,92.59904,3.7258782,3.6750867,19.103846,12.1233,-0.1857
Tajikistan,TJK,2002,92.18942,4.1648827,3.645694,18.81122,11.9376,-0.1857
Tajikistan,TJK,2003,91.810104,4.5714173,3.6184752,18.518595,11.7519,-0.1857
Tajikistan,TJK,2004,91.45785,4.948957,3.5931976,18.22597,11.5662,-0.1857
Tajikistan,TJK,2005,91.129845,5.3004966,3.569661,17.933344,11.3805,-0.1857
Tajikistan,TJK,2006,90.82368,5.628632,3.547691,17.640718,11.1948,-0.1857
Tajikistan,TJK,2007,90.86172,5.5316644,3.6072724,17.505026,11.108689,-0.0861
Tajikistan,TJK,2008,90.902016,5.4289274,3.6690576,17.369331,11.022578,-0.0861
Tajikistan,TJK,2009,90.944786,5.31989,3.7353227,17.233639,10.936466,-0.0861
Tajikistan,TJK,2010,90.990265,5.203955,3.80578,17.097944,10.850355,-0.0861
Tajikistan,TJK,2011,91.03871,5.0804462,3.88084,16.962252,10.764244,-0.0861
Tajikistan,TJK,2012,91.09043,4.948596,3.9609692,16.826557,10.678133,-0.0861
Tajikistan,TJK,2013,91.14577,4.8075304,4.046699,16.690865,10.592022,-0.0861
Tajikistan,TJK,2014,91.20512,4.656248,4.1386375,16.55517,10.505911,-0.0861
Tajikistan,TJK,2015,87.9614,4.330753,4.0839224,16.419477,10.4198,-0.0861
Tajikistan,TJK,2016,81.08355,3.72614,3.8747284,13.786637,8.749,-1.6708
Tajikistan,TJK,2017,64.922386,7.2108164,26.089134,12.587457,7.988,-0.761
Tajikistan,TJK,2018,75.485985,8.041743,16.472273,15.401828,9.774,1.786
Tajikistan,TJK,2019,69.590645,8.602151,15.185814,16.706587,10.602,0.828
Tajikistan,TJK,2020,74.52525,9.212121,16.262627,16.706587,10.602,0
Tajikistan,TJK,2021,74.52525,9.212121,16.262627,16.706587,10.602,0
Tajikistan,TJK,2022,74.52525,9.212121,16.262627,16.706587,10.602,0
Tanzania,TZA,1994,70.02188,28.311731,1.6663861,1.7681547,1.48525,
Tanzania,TZA,1995,76.453316,22.27428,1.2724035,2.318564,1.9475938,0.4623
Tanzania,TZA,1996,80.41702,18.553385,1.029591,2.8689733,2.4099374,0.4623
Tanzania,TZA,1997,83.104675,16.030376,0.8649484,3.4193823,2.8722813,0.4623
Tanzania,TZA,1998,85.04704,14.206995,0.74596095,3.9697917,3.334625,0.4623
Tanzania,TZA,1999,86.51638,12.827667,0.6559509,4.5202007,3.7969687,0.4623
Tanzania,TZA,2000,87.66673,11.747787,0.5854818,5.07061,4.2593126,0.4623
Tanzania,TZA,2001,88.5918,10.879393,0.52881336,5.6210194,4.7216563,0.4623
Tanzania,TZA,2002,89.35185,10.165895,0.48225307,6.1714287,5.184,0.4623
Tanzania,TZA,2003,89.35185,10.165895,0.48225307,6.1714287,5.184,0
Tanzania,TZA,2004,89.35185,10.165895,0.48225307,6.1714287,5.184,0
Tanzania,TZA,2005,89.35185,10.165895,0.48225307,6.1714287,5.184,0
Tanzania,TZA,2006,89.35185,10.165895,0.48225307,6.1714287,5.184,0
Tanzania,TZA,2007,89.35185,10.165895,0.48225307,6.1714287,5.184,0
Tanzania,TZA,2008,89.35185,10.165895,0.48225307,6.1714287,5.184,0
Tanzania,TZA,2009,89.35185,10.165895,0.48225307,6.1714287,5.184,0
Tanzania,TZA,2010,89.35185,10.165895,0.48225307,6.1714287,5.184,0
Tanzania,TZA,2011,89.35185,10.165895,0.48225307,6.1714287,5.184,0
Tanzania,TZA,2012,89.35185,10.165895,0.48225307,6.1714287,5.184,0
Tanzania,TZA,2013,89.35185,10.165895,0.48225307,6.1714287,5.184,0
Tanzania,TZA,2014,89.35185,10.165895,0.48225307,6.1714287,5.184,0
Tanzania,TZA,2015,89.35185,10.165895,0.48225307,6.1714287,5.184,0
Tanzania,TZA,2016,89.35185,10.165895,0.48225307,6.1714287,5.184,0
Tanzania,TZA,2017,89.35185,10.165895,0.48225307,6.1714287,5.184,0
Tanzania,TZA,2018,89.35185,10.165895,0.48225307,6.1714287,5.184,0
Tanzania,TZA,2019,89.35185,10.165895,0.48225307,6.1714287,5.184,0
Tanzania,TZA,2020,89.35185,10.165895,0.48225307,6.1714287,5.184,0
Tanzania,TZA,2021,89.35185,10.165895,0.48225307,6.1714287,5.184,0
Tanzania,TZA,2022,89.35185,10.165895,0.48225307,6.1714287,5.184,0
Thailand,THA,2007,90.37448,4.7796044,4.845915,25.525366,57.307,
Thailand,THA,2008,90.37448,4.7796044,4.845915,25.525366,57.307,0
Thailand,THA,2009,90.37448,4.7796044,4.845915,25.525366,57.307,0
Thailand,THA,2010,90.37448,4.7796044,4.845915,25.525366,57.307,0
Thailand,THA,2011,90.37448,4.7796044,4.845915,25.525366,57.307,0
Thailand,THA,2012,90.37448,4.7796044,4.845915,25.525366,57.307,0
Thailand,THA,2013,90.37448,4.7796044,4.845915,25.525366,57.307,0
Thailand,THA,2014,90.37448,4.7796044,4.845915,25.525366,57.307,0
Thailand,THA,2015,90.37448,4.7796044,4.845915,25.525366,57.307,0
Thailand,THA,2016,90.37448,4.7796044,4.845915,25.525366,57.307,0
Thailand,THA,2017,90.37448,4.7796044,4.845915,25.525366,57.307,0
Thailand,THA,2018,90.37448,4.7796044,4.845915,25.525366,57.307,0
Thailand,THA,2019,90.37448,4.7796044,4.845915,25.525366,57.307,0
Thailand,THA,2020,90.37448,4.7796044,4.845915,25.525366,57.307,0
Thailand,THA,2021,90.37448,4.7796044,4.845915,25.525366,57.307,0
Thailand,THA,2022,90.37448,4.7796044,4.845915,25.525366,57.307,0
Timor-Leste,TLS,2004,91.382256,8.447099,0.17064847,14.266585,1.172,
Timor-Leste,TLS,2005,91.382256,8.447099,0.17064847,14.266585,1.172,0
Timor-Leste,TLS,2006,91.382256,8.447099,0.17064847,14.266585,1.172,0
Timor-Leste,TLS,2007,91.382256,8.447099,0.17064847,14.266585,1.172,0
Timor-Leste,TLS,2008,91.382256,8.447099,0.17064847,14.266585,1.172,0
Timor-Leste,TLS,2009,91.382256,8.447099,0.17064847,14.266585,1.172,0
Timor-Leste,TLS,2010,91.382256,8.447099,0.17064847,14.266585,1.172,0
Timor-Leste,TLS,2011,91.382256,8.447099,0.17064847,14.266585,1.172,0
Timor-Leste,TLS,2012,91.382256,8.447099,0.17064847,14.266585,1.172,0
Timor-Leste,TLS,2013,91.382256,8.447099,0.17064847,14.266585,1.172,0
Timor-Leste,TLS,2014,91.382256,8.447099,0.17064847,14.266585,1.172,0
Timor-Leste,TLS,2015,91.382256,8.447099,0.17064847,14.266585,1.172,0
Timor-Leste,TLS,2016,91.382256,8.447099,0.17064847,14.266585,1.172,0
Timor-Leste,TLS,2017,91.382256,8.447099,0.17064847,14.266585,1.172,0
Timor-Leste,TLS,2018,91.382256,8.447099,0.17064847,14.266585,1.172,0
Timor-Leste,TLS,2019,91.382256,8.447099,0.17064847,14.266585,1.172,0
Timor-Leste,TLS,2020,91.382256,8.447099,0.17064847,14.266585,1.172,0
Timor-Leste,TLS,2021,91.382256,8.447099,0.17064847,14.266585,1.172,0
Timor-Leste,TLS,2022,91.382256,8.447099,0.17064847,14.266585,1.172,0
Togo,TGO,1990,33.121918,57.350246,9.527837,0.94916385,0.109153844,
Togo,TGO,1991,35.188072,56.247498,8.564433,1.0017837,0.11520513,0.0061
Togo,TGO,1992,37.048,55.25481,7.6971874,1.0544035,0.12125641,0.0061
Togo,TGO,1993,38.731117,54.356495,6.912387,1.1070234,0.1273077,0.0061
Togo,TGO,1994,40.26149,53.539703,6.1988077,1.1596433,0.13335897,0.0061
Togo,TGO,1995,41.659004,52.79382,5.547177,1.2122631,0.13941026,0.0061
Togo,TGO,1996,42.940243,52.109993,4.949762,1.2648829,0.14546154,0.0061
Togo,TGO,1997,44.11914,51.480793,4.400068,1.3175027,0.15151282,0.0061
Togo,TGO,1998,45.207485,50.899918,3.8925955,1.3701227,0.1575641,0.0061
Togo,TGO,1999,46.21533,50.36201,3.422661,1.4227425,0.16361539,0.0061
Togo,TGO,2000,47.151276,49.862476,2.9862475,1.4753623,0.16966666,0.0061
Togo,TGO,2001,46.062992,51.259842,2.6771653,1.4724637,0.16933334,-0.0003
Togo,TGO,2002,44.970413,52.662724,2.366864,1.4695653,0.169,-0.0003
Togo,TGO,2003,40.641712,56.80927,2.5490196,1.626087,0.187,0.018
Togo,TGO,2004,37.07317,60.227642,2.699187,1.7826087,0.205,0.018
Togo,TGO,2005,34.08072,63.09417,2.825112,1.9391304,0.223,0.018
Togo,TGO,2006,34.08072,63.09417,2.825112,1.9391304,0.223,0
Togo,TGO,2007,34.08072,63.09417,2.825112,1.9391304,0.223,0
Togo,TGO,2008,34.08072,63.09417,2.825112,1.9391304,0.223,0
Togo,TGO,2009,34.08072,63.09417,2.825112,1.9391304,0.223,0
Togo,TGO,2010,34.08072,63.09417,2.825112,1.9391304,0.223,0
Togo,TGO,2011,34.08072,63.09417,2.825112,1.9391304,0.223,0
Togo,TGO,2012,34.08072,63.09417,2.825112,1.9391304,0.223,0
Togo,TGO,2013,34.08072,63.09417,2.825112,1.9391304,0.223,0
Togo,TGO,2014,34.08072,63.09417,2.825112,1.9391304,0.223,0
Togo,TGO,2015,34.08072,63.09417,2.825112,1.9391304,0.223,0
Togo,TGO,2016,34.08072,63.09417,2.825112,1.9391304,0.223,0
Togo,TGO,2017,34.08072,63.09417,2.825112,1.9391304,0.223,0
Togo,TGO,2018,34.08072,63.09417,2.825112,1.9391304,0.223,0
Togo,TGO,2019,34.08072,63.09417,2.825112,1.9391304,0.223,0
Togo,TGO,2020,34.08072,63.09417,2.825112,1.9391304,0.223,0
Togo,TGO,2021,34.08072,63.09417,2.825112,1.9391304,0.223,0
Togo,TGO,2022,34.08072,63.09417,2.825112,1.9391304,0.223,0
Trinidad and Tobago,TTO,1997,5.2525253,63.16498,31.58249,7.734375,0.297,
Trinidad and Tobago,TTO,1998,5.30837,63.127754,31.563877,7.8819447,0.30266666,0.0057
Trinidad and Tobago,TTO,1999,5.362162,63.091892,31.545946,8.029514,0.30833334,0.0057
Trinidad and Tobago,TTO,2000,5.414013,63.057323,31.528662,8.177083,0.314,0.0057
Trinidad and Tobago,TTO,2001,5.18426,62.835728,31.980013,8.338542,0.3202,0.0062
Trinidad and Tobago,TTO,2002,4.9632354,62.622547,32.414215,8.5,0.3264,0.0062
Trinidad and Tobago,TTO,2003,4.750451,62.417316,32.83223,8.661458,0.3326,0.0062
Trinidad and Tobago,TTO,2004,4.5454545,62.219597,33.234947,8.822917,0.3388,0.0062
Trinidad and Tobago,TTO,2005,4.347826,62.028984,33.623188,8.046875,0.309,-0.0298
Trinidad and Tobago,TTO,2006,4.349528,62.024475,33.62562,8.16493,0.31353334,0.0045
Trinidad and Tobago,TTO,2007,4.35123,62.020126,33.628056,8.282986,0.31806666,0.0045
Trinidad and Tobago,TTO,2008,4.352932,62.01593,33.63087,8.401042,0.3226,0.0045
Trinidad and Tobago,TTO,2009,4.354634,62.012444,33.63292,8.519097,0.32713333,0.0045
Trinidad and Tobago,TTO,2010,4.3563356,62.008312,33.63556,8.637153,0.33166668,0.0045
Trinidad and Tobago,TTO,2011,4.3580375,62.004177,33.637787,8.755208,0.3362,0.0045
Trinidad and Tobago,TTO,2012,4.3580375,62.004177,33.637787,8.755208,0.3362,0
Trinidad and Tobago,TTO,2013,4.3580375,62.004177,33.637787,8.755208,0.3362,0
Trinidad and Tobago,TTO,2014,4.3580375,62.004177,33.637787,8.755208,0.3362,0
Trinidad and Tobago,TTO,2015,4.3580375,62.004177,33.637787,8.755208,0.3362,0
Trinidad and Tobago,TTO,2016,4.3580375,62.004177,33.637787,8.755208,0.3362,0
Trinidad and Tobago,TTO,2017,4.3580375,62.004177,33.637787,8.755208,0.3362,0
Trinidad and Tobago,TTO,2018,4.3580375,62.004177,33.637787,8.755208,0.3362,0
Trinidad and Tobago,TTO,2019,4.3580375,62.004177,33.637787,8.755208,0.3362,0
Trinidad and Tobago,TTO,2020,4.3580375,62.004177,33.637787,8.755208,0.3362,0
Trinidad and Tobago,TTO,2021,4.3580375,62.004177,33.637787,8.755208,0.3362,0
Trinidad and Tobago,TTO,2022,4.3580375,62.004177,33.637787,8.755208,0.3362,0
Tunisia,TUN,1990,88.71545,8.487804,2.796748,73.11085,3.067,
Tunisia,TUN,1991,88.1309,8.952959,2.9161444,72.07151,3.0234,-0.0436
Tunisia,TUN,1992,87.52929,9.431689,3.0390253,71.03218,2.9798,-0.0436
Tunisia,TUN,1993,86.90986,9.924598,3.1655457,69.99285,2.9362,-0.0436
Tunisia,TUN,1994,86.271805,10.432324,3.2958698,68.953514,2.8926,-0.0436
Tunisia,TUN,1995,85.61428,10.955547,3.4301715,67.914185,2.849,-0.0436
Tunisia,TUN,1996,84.93745,11.494171,3.5683823,66.85578,2.8046,-0.0444
Tunisia,TUN,1997,84.2394,12.049671,3.7109234,65.79738,2.7602,-0.0444
Tunisia,TUN,1998,83.51914,12.622854,3.858002,64.738976,2.7158,-0.0444
Tunisia,TUN,1999,82.77558,13.214579,4.009838,63.680573,2.6714,-0.0444
Tunisia,TUN,2000,82.007576,13.825758,4.1666665,61.978546,2.6,-0.0714
Tunisia,TUN,2001,82.007576,13.825758,4.1666665,66.96067,2.809,0.209
Tunisia,TUN,2002,81.77843,13.960652,4.260922,67.31824,2.824,0.015
Tunisia,TUN,2003,81.556366,14.0913725,4.352261,67.675804,2.839,0.015
Tunisia,TUN,2004,81.34107,14.21811,4.440817,68.03337,2.854,0.015
Tunisia,TUN,2005,81.13224,14.341044,4.526715,68.39094,2.869,0.015
Tunisia,TUN,2006,80.92958,14.460342,4.610073,68.74851,2.884,0.015
Tunisia,TUN,2007,80.732834,14.576165,4.6910024,69.10608,2.899,0.015
Tunisia,TUN,2008,80.54173,14.688662,4.769607,69.463646,2.914,0.015
Tunisia,TUN,2009,80.35604,14.797972,4.8459864,71.87128,3.015,0.101
Tunisia,TUN,2010,80.17554,14.904231,4.9202332,74.2789,3.116,0.101
Tunisia,TUN,2011,80,15.007565,4.992436,76.68653,3.217,0.101
Tunisia,TUN,2012,79.79761,15.893116,4.309279,79.11323,3.3188,0.1018
Tunisia,TUN,2013,79.60592,16.731812,3.6622689,81.53993,3.4206,0.1018
Tunisia,TUN,2014,79.42411,17.527275,3.0486102,83.96663,3.5224,0.1018
Tunisia,TUN,2015,79.25144,18.282766,2.4657893,86.393326,3.6242,0.1018
Tunisia,TUN,2016,79.08724,19.00122,1.9115382,88.82002,3.726,0.1018
Tunisia,TUN,2017,74.41925,23.091814,2.488938,84.052444,3.526,-0.2
Tunisia,TUN,2018,76.276436,22.530237,1.1933311,90.124435,3.78072,0.2547
Tunisia,TUN,2019,76.37623,21.858236,1.7655331,90.41716,3.793,0.0123
Tunisia,TUN,2020,75.542175,22.732342,1.7254837,92.10966,3.864,0.071
Tunisia,TUN,2021,75.542175,22.732342,1.7254837,92.10966,3.864,0
Tunisia,TUN,2022,75.542175,22.732342,1.7254837,92.10966,3.864,0
Turkiye,TUR,1992,72.46835,16.455696,11.07595,13.920485,31.5995,
Turkiye,TUR,1993,74.28391,15.657938,10.05815,14.217763,32.274323,0.6748
Turkiye,TUR,1994,76.0251,14.892856,9.082041,14.515041,32.949142,0.6748
Turkiye,TUR,1995,77.6964,14.1584835,8.145111,14.812319,33.623962,0.6748
Turkiye,TUR,1996,79.30194,13.453009,7.245049,15.109597,34.298786,0.6748
Turkiye,TUR,1997,80.84552,12.774756,6.3797197,15.406876,34.973606,0.6748
Turkiye,TUR,1998,82.330666,12.122184,5.547151,15.704154,35.64843,0.6748
Turkiye,TUR,1999,83.76063,11.493857,4.7455177,16.001432,36.32325,0.6748
Turkiye,TUR,2000,80.01016,16.256033,3.7338076,18.502203,42,5.6768
Turkiye,TUR,2001,81.34795,12.291799,6.36025,18.034876,40.939167,-1.0608
Turkiye,TUR,2002,78.72649,12.532875,8.740637,17.567547,39.878334,-1.0608
Turkiye,TUR,2003,76.25329,12.66938,11.077335,17.10022,38.8175,-1.0608
Turkiye,TUR,2004,83.14693,13.514103,3.3389711,17.417658,39.538082,0.7206
Turkiye,TUR,2005,83.25922,13.43139,3.3093946,17.735096,40.258667,0.7206
Turkiye,TUR,2006,83.365654,13.352985,3.2813592,18.052532,40.97925,0.7206
Turkiye,TUR,2007,84.345634,12.365345,3.2890213,18.268557,41.469624,0.4904
Turkiye,TUR,2008,80.93311,10.823613,3.1278267,18.484581,41.96,0.4904
Turkiye,TUR,2009,85.81426,10.848262,3.3374796,19.881058,45.13,3.17
Turkiye,TUR,2010,85.74575,10.754743,3.4995055,20.687225,46.96,1.83
Turkiye,TUR,2011,86.14732,10.303126,3.5495496,21.469164,48.735,1.775
Turkiye,TUR,2012,86.06318,10.224754,3.7120662,22.2511,50.51,1.775
Turkiye,TUR,2013,85.86292,10.042349,4.0947275,22.572687,51.24,0.73
Turkiye,TUR,2014,85.18815,10.215945,4.595907,22.894274,51.97,0.73
Turkiye,TUR,2015,86.70671,10.280374,3.012919,23.660793,53.71,1.74
Turkiye,TUR,2016,87.57174,10.709915,1.7235138,26.259912,59.61,5.9
Turkiye,TUR,2017,87.04548,11.13243,1.8220874,25.898232,58.788986,-0.821
Turkiye,TUR,2018,87.11796,11.08696,1.8444933,26.913471,61.09358,2.3046
Turkiye,TUR,2019,87.2754,10.902615,1.8219863,27.460714,62.33582,1.2422
Turkiye,TUR,2020,86.90255,11.215286,1.8821635,27.357824,62.10226,-0.2336
Turkiye,TUR,2021,100,13.118866,2.2924688,25.726871,58.4,-3.7023
Turkiye,TUR,2022,86.92701,11.064675,2.0083125,28.400723,64.46964,6.0696
Turkmenistan,TKM,1994,97.947685,1.4677433,0.584574,1686.6904,23.698,
Turkmenistan,TKM,1995,97.700165,1.6286838,0.671154,1700.0842,23.886183,0.1882
Turkmenistan,TKM,1996,97.4565,1.7871165,0.75638497,1713.478,24.074368,0.1882
Turkmenistan,TKM,1997,97.2166,1.9430996,0.8402982,1726.8718,24.26255,0.1882
Turkmenistan,TKM,1998,96.980385,2.0966897,0.9229239,1740.2657,24.450733,0.1882
Turkmenistan,TKM,1999,96.747765,2.247941,1.0042915,1753.6595,24.638916,0.1882
Turkmenistan,TKM,2000,96.51866,2.3969069,1.0844297,1767.0533,24.8271,0.1882
Turkmenistan,TKM,2001,96.51866,2.3969069,1.0844297,1808.8778,25.414734,0.5876
Turkmenistan,TKM,2002,96.51866,2.3969069,1.0844297,1850.7023,26.002367,0.5876
Turkmenistan,TKM,2003,96.51866,2.3969069,1.0844297,1892.5267,26.59,0.5876
Turkmenistan,TKM,2004,94.297775,2.7008657,3.0013595,1983.274,27.865,1.275
Turkmenistan,TKM,2005,94.297775,2.7008657,3.0013595,1983.274,27.865,0
Turkmenistan,TKM,2006,94.297775,2.7008657,3.0013595,1983.274,27.865,0
Turkmenistan,TKM,2007,94.297775,2.7008657,3.0013595,1985.0726,27.89027,0.0253
Turkmenistan,TKM,2008,94.297775,2.7008657,3.0013595,1986.8712,27.91554,0.0253
Turkmenistan,TKM,2009,94.297775,2.7008657,3.0013595,1988.6698,27.94081,0.0253
Turkmenistan,TKM,2010,94.297775,2.7008657,3.0013595,1990.4684,27.96608,0.0253
Turkmenistan,TKM,2011,94.297775,2.7008657,3.0013595,1992.2668,27.99135,0.0253
Turkmenistan,TKM,2012,94.297775,2.7008657,3.0013595,1994.0654,28.01662,0.0253
Turkmenistan,TKM,2013,94.297775,2.7008657,3.0013595,1995.864,28.04189,0.0253
Turkmenistan,TKM,2014,94.297775,2.7008657,3.0013595,1997.6626,28.06716,0.0253
Turkmenistan,TKM,2015,94.297775,2.7008657,3.0013595,1999.4612,28.09243,0.0253
Turkmenistan,TKM,2016,94.297775,2.7008657,3.0013595,2001.2598,28.1177,0.0253
Turkmenistan,TKM,2017,94.297775,2.7008657,3.0013595,2053.822,28.8562,0.7385
Turkmenistan,TKM,2018,94.297775,2.7008657,3.0013595,1913.1672,26.88,-1.9762
Turkmenistan,TKM,2019,59.02173,2.1284258,2.911659,1972.1068,27.7081,0.8281
Turkmenistan,TKM,2020,61.420403,1.727968,3.0740128,1867.9716,26.245,-1.4631
Turkmenistan,TKM,2021,92.7487,2.6093414,4.6419544,1867.9716,26.245,0
Turkmenistan,TKM,2022,92.7487,2.6093414,4.6419544,1867.9716,26.245,0
Uganda,UGA,1990,41.89944,42.690876,15.409683,0.73435897,0.2864,
Uganda,UGA,1991,41.27683,43.058613,15.6645565,0.7454359,0.29072,0.0043
Uganda,UGA,1992,40.67245,43.41558,15.911966,0.7565128,0.29504,0.0043
Uganda,UGA,1993,40.085514,43.76225,16.152235,0.76758975,0.29936,0.0043
Uganda,UGA,1994,39.515278,44.099052,16.38567,0.7786667,0.30368,0.0043
Uganda,UGA,1995,38.96104,44.426407,16.612555,0.7897436,0.308,0.0043
Uganda,UGA,1996,38.42213,44.744705,16.833162,0.8008205,0.31232,0.0043
Uganda,UGA,1997,37.89793,45.05432,17.04775,0.81189746,0.31664,0.0043
Uganda,UGA,1998,37.387836,45.3556,17.256563,0.8229744,0.32096,0.0043
Uganda,UGA,1999,36.891293,45.648876,17.45983,0.8340513,0.32528,0.0043
Uganda,UGA,2000,36.40777,45.934467,17.657766,0.8451282,0.3296,0.0043
Uganda,UGA,2001,34.724735,50.198944,15.076322,0.88608974,0.345575,0.016
Uganda,UGA,2002,33.19043,54.08657,12.722999,0.9270513,0.36155,0.016
Uganda,UGA,2003,35.136517,53.41037,11.453114,1.044765,0.40745834,0.0459
Uganda,UGA,2004,36.68848,52.871113,10.440409,1.1624787,0.45336667,0.0459
Uganda,UGA,2005,37.955036,52.431026,9.61394,1.2801923,0.499275,0.0459
Uganda,UGA,2006,39.008286,52.065056,8.926661,1.397906,0.54518336,0.0459
Uganda,UGA,2007,39.89793,51.75593,8.346139,1.5156196,0.5910917,0.0459
Uganda,UGA,2008,40.65934,51.491367,7.8492937,1.6333333,0.637,0.0459
Uganda,UGA,2009,40.65934,51.491367,7.8492937,1.6333333,0.637,0
Uganda,UGA,2010,40.65934,51.491367,7.8492937,1.6333333,0.637,0
Uganda,UGA,2011,40.65934,51.491367,7.8492937,1.6333333,0.637,0
Uganda,UGA,2012,40.65934,51.491367,7.8492937,1.6333333,0.637,0
Uganda,UGA,2013,40.65934,51.491367,7.8492937,1.6333333,0.637,0
Uganda,UGA,2014,40.65934,51.491367,7.8492937,1.6333333,0.637,0
Uganda,UGA,2015,40.65934,51.491367,7.8492937,1.6333333,0.637,0
Uganda,UGA,2016,40.65934,51.491367,7.8492937,1.6333333,0.637,0
Uganda,UGA,2017,40.65934,51.491367,7.8492937,1.6333333,0.637,0
Uganda,UGA,2018,40.65934,51.491367,7.8492937,1.6333333,0.637,0
Uganda,UGA,2019,40.65934,51.491367,7.8492937,1.6333333,0.637,0
Uganda,UGA,2020,40.65934,51.491367,7.8492937,1.6333333,0.637,0
Uganda,UGA,2021,40.65934,51.491367,7.8492937,1.6333333,0.637,0
Uganda,UGA,2022,40.65934,51.491367,7.8492937,1.6333333,0.637,0
Ukraine,UKR,1992,30.25,17.834616,51.923077,47.18693,26,
Ukraine,UKR,1993,30.225267,17.85857,51.916164,45.4392,25.037,-0.963
Ukraine,UKR,1994,30.201063,17.885925,51.91301,43.68784,24.072,-0.965
Ukraine,UKR,1995,30.174839,17.915567,51.909595,41.936478,23.107,-0.965
Ukraine,UKR,1996,30.146328,17.947792,51.90588,40.18512,22.142,-0.965
Ukraine,UKR,1997,30.11522,17.982954,51.90183,38.433758,21.177,-0.965
Ukraine,UKR,1998,30.08114,18.021473,51.89739,36.682396,20.212,-0.965
Ukraine,UKR,1999,30.043644,18.063854,51.8925,34.931034,19.247,-0.965
Ukraine,UKR,2000,30.00547,18.112692,51.89278,33.176044,18.28,-0.967
Ukraine,UKR,2001,30.001926,18.775436,51.222637,32.018513,17.6422,-0.6378
Ukraine,UKR,2002,30.001646,19.49019,50.508163,30.85735,17.0024,-0.6398
Ukraine,UKR,2003,30.001345,20.26084,49.737816,29.696188,16.3626,-0.6398
Ukraine,UKR,2004,30.001019,21.094208,48.904774,28.535027,15.7228,-0.6398
Ukraine,UKR,2005,30.006632,22.002653,48.01061,27.368422,15.08,-0.6428
Ukraine,UKR,2006,30.000797,21.998457,48.000744,27.28784,15.0356,-0.0444
Ukraine,UKR,2007,30.001286,21.998898,48.00098,27.201452,14.988,-0.0476
Ukraine,UKR,2008,30.00107,21.998821,48.000107,27.11579,14.9408,-0.0472
Ukraine,UKR,2009,30.00121,21.999006,47.999786,27.029764,14.8934,-0.0474
Ukraine,UKR,2010,29.993265,21.993265,47.98653,26.950998,14.85,-0.0434
Ukraine,UKR,2011,30.889866,22.123388,46.986748,25.158348,13.86225,-0.9878
Ukraine,UKR,2012,31.893208,22.263634,45.84316,23.365698,12.8745,-0.9878
Ukraine,UKR,2013,33.03517,22.423256,44.541573,21.57305,11.88675,-0.9878
Ukraine,UKR,2014,34.34661,22.60657,43.04682,19.7804,10.899,-0.9878
Ukraine,UKR,2015,31.05056,25.828844,43.120598,16.531761,9.109,-1.79
Ukraine,UKR,2016,32.103024,24.569054,43.327927,16.923775,9.325,0.216
Ukraine,UKR,2017,41.55508,21.960363,36.48456,19.428312,10.705,1.38
Ukraine,UKR,2018,41.55508,21.960363,36.48456,19.428312,10.705,0
Ukraine,UKR,2019,39.573544,21.78352,38.642933,19.23049,10.596,-0.109
Ukraine,UKR,2020,30.012287,28.158918,41.828793,17.16697,9.459,-1.137
Ukraine,UKR,2021,29.046484,28.498213,42.455303,15.1853,8.3671,-1.0919
Ukraine,UKR,2022,21.131813,34.024063,44.844124,8.82196,4.8609,-3.5062
United Arab Emirates,ARE,1990,69.1165,21.481627,9.401876,1028.2222,1.5423334,
United Arab Emirates,ARE,1991,68.568016,22.009855,9.42213,1052.3112,1.5784667,0.0361
United Arab Emirates,ARE,1992,68.066864,22.492498,9.440635,1076.4,1.6146,0.0361
United Arab Emirates,ARE,1993,67.60718,22.935215,9.457608,1100.4889,1.6507334,0.0361
United Arab Emirates,ARE,1994,67.184006,23.34276,9.473234,1124.5778,1.6868666,0.0361
United Arab Emirates,ARE,1995,66.79317,23.719166,9.487666,1148.6666,1.723,0.0361
United Arab Emirates,ARE,1996,69.785904,22.175175,8.038919,1254.8134,1.88222,0.1592
United Arab Emirates,ARE,1997,72.38588,20.833815,6.7803035,1360.96,2.04144,0.1592
United Arab Emirates,ARE,1998,74.66566,19.65765,5.676694,1467.1067,2.20066,0.1592
United Arab Emirates,ARE,1999,76.68095,18.617935,4.701116,1573.2533,2.35988,0.1592
United Arab Emirates,ARE,2000,78.47526,17.692228,3.8325126,1555.8667,2.3338,-0.0261
United Arab Emirates,ARE,2001,80.08314,16.863274,3.0535846,1527.9288,2.2918932,-0.0419
United Arab Emirates,ARE,2002,81.532364,16.116117,2.3515172,1499.9911,2.2499866,-0.0419
United Arab Emirates,ARE,2003,82.845314,15.439219,1.7154688,1472.0533,2.20808,-0.0419
United Arab Emirates,ARE,2004,82.84337,15.435967,1.7206658,1669.36,2.50404,0.296
United Arab Emirates,ARE,2005,82.84142,15.432716,1.725863,1866.6666,2.8,0.296
United Arab Emirates,ARE,2006,78.94728,19.437323,1.6153952,1849.6364,2.7744546,-0.0255
United Arab Emirates,ARE,2007,75.22682,23.263327,1.5098542,1832.6061,2.748909,-0.0255
United Arab Emirates,ARE,2008,71.66866,26.922417,1.4089175,1815.5758,2.7233636,-0.0255
United Arab Emirates,ARE,2009,68.26243,30.425283,1.3122904,1798.5454,2.6978183,-0.0255
United Arab Emirates,ARE,2010,64.99857,33.781723,1.2197025,1781.5151,2.6722727,-0.0255
United Arab Emirates,ARE,2011,61.86837,37.000725,1.1309057,1764.4849,2.6467273,-0.0255
United Arab Emirates,ARE,2012,58.863766,40.090565,1.0456719,1747.4546,2.6211817,-0.0255
United Arab Emirates,ARE,2013,55.97735,43.05886,0.963791,1730.4242,2.5956364,-0.0255
United Arab Emirates,ARE,2014,53.202282,45.91265,0.8850687,1713.3939,2.570091,-0.0255
United Arab Emirates,ARE,2015,50.53224,48.658432,0.8093259,1696.3636,2.5445454,-0.0255
United Arab Emirates,ARE,2016,47.96138,51.302223,0.7363965,1679.3334,2.519,-0.0255
United Arab Emirates,ARE,2017,47.387917,51.872345,0.7397379,1630,2.445,-0.074
United Arab Emirates,ARE,2018,47.752747,51.520123,0.72713023,1667.3334,2.501,0.056
United Arab Emirates,ARE,2019,47.2543,52.010574,0.73512614,1628.6666,2.443,-0.058
United Arab Emirates,ARE,2020,46.495712,52.761513,0.74277616,1587.3334,2.381,-0.062
United Arab Emirates,ARE,2021,45.667034,53.57797,0.75499564,1533.3334,2.3,-0.081
United Arab Emirates,ARE,2022,51.179714,47.67866,1.1416237,1509.9333,2.2649,-0.0351
United Kingdom,GBR,1990,5.5443983,59.52697,,8.289655,12.02,
United Kingdom,GBR,1991,7.2868037,59.507626,,8.299311,12.034,0.014
United Kingdom,GBR,1992,9.025169,59.488327,,8.308966,12.048,0.014
United Kingdom,GBR,1993,10.75951,59.46907,,8.318621,12.062,0.014
United Kingdom,GBR,1994,12.48984,59.44986,,8.328276,12.076,0.014
United Kingdom,GBR,1995,14.216171,59.430695,,8.337931,12.09,0.014
United Kingdom,GBR,1996,14.499441,59.094566,,8.392269,12.168791,0.0788
United Kingdom,GBR,1997,14.779061,58.76277,,8.446609,12.2475815,0.0788
United Kingdom,GBR,1998,15.055102,58.435223,,8.500947,12.326373,0.0788
United Kingdom,GBR,1999,15.327632,57.712475,,8.555285,12.405164,0.0788
United Kingdom,GBR,2000,11.993364,43.830257,44.176376,8.609624,12.483954,0.0788
United Kingdom,GBR,2001,12.079873,46.72466,41.195465,8.663962,12.562745,0.0788
United Kingdom,GBR,2002,9.388458,52.48349,38.12805,8.718301,12.641537,0.0788
United Kingdom,GBR,2003,10.16574,55.266003,34.56826,8.772639,12.720327,0.0788
United Kingdom,GBR,2004,13.750818,56.938004,29.311178,8.826978,12.799118,0.0788
United Kingdom,GBR,2005,13.984246,61.752407,24.263348,8.881316,12.877909,0.0788
United Kingdom,GBR,2006,11.08545,47.882988,11.978445,8.935656,12.9567,0.0788
United Kingdom,GBR,2007,15.623164,70.362976,14.013861,5.8710346,8.513,-4.4437
United Kingdom,GBR,2008,13.646972,72.92716,13.425869,5.7565517,8.347,-0.166
United Kingdom,GBR,2009,13.081792,71.503044,15.415167,5.7110343,8.281,-0.066
United Kingdom,GBR,2010,14.77949,74.14648,11.074035,5.6993103,8.264,-0.017
United Kingdom,GBR,2011,12.888571,75.722466,8.750325,5.3,7.685,-0.579
United Kingdom,GBR,2012,12.770879,70.952034,13.659606,5.5289655,8.017,0.332
United Kingdom,GBR,2013,13.81369,73.13909,13.047219,5.2765517,7.651,-0.366
United Kingdom,GBR,2014,14.600799,73.45412,11.945086,5.024138,7.285,-0.366
United Kingdom,GBR,2015,15.429867,73.0682,11.50193,5.6275864,8.16,0.875
United Kingdom,GBR,2016,14.049881,73.95487,11.99525,5.8062067,8.419,0.259
United Kingdom,GBR,2017,14.049881,73.95487,11.99525,5.8062067,8.419,0
United Kingdom,GBR,2018,14.049881,73.95487,11.99525,5.8062067,8.419,0
United Kingdom,GBR,2019,14.049881,73.95487,11.99525,5.8062067,8.419,0
United Kingdom,GBR,2020,14.049881,73.95487,11.99525,5.8062067,8.419,0
United Kingdom,GBR,2021,14.049881,73.95487,11.99525,5.8062067,8.419,0
United Kingdom,GBR,2022,14.049881,73.95487,11.99525,5.8062067,8.419,0
United States,USA,1990,34.81324,10.84807,54.33869,16.504614,465.1,
United States,USA,1991,34.845234,10.90755,54.247215,16.534777,465.95,0.85
United States,USA,1992,34.87723,10.967031,54.15574,16.56494,466.8,0.85
United States,USA,1993,34.90923,11.026511,54.064262,16.595102,467.65,0.85
United States,USA,1994,34.941223,11.085992,53.972782,16.625267,468.5,0.85
United States,USA,1995,34.97322,11.145473,53.881306,16.65543,469.35,0.85
United States,USA,1996,35.00522,11.204953,53.78983,16.685593,470.2,0.85
United States,USA,1997,35.037212,11.264434,53.698353,16.715755,471.05,0.85
United States,USA,1998,35.06921,11.323914,53.606876,16.745918,471.9,0.85
United States,USA,1999,35.101208,11.383394,53.5154,16.776083,472.75,0.85
United States,USA,2000,35.1332,11.442875,53.423923,16.806246,473.6,0.85
United States,USA,2001,34.92949,11.481304,53.58903,16.841732,474.6,1
United States,USA,2002,34.726234,11.519732,53.753773,16.877218,475.6,1
United States,USA,2003,34.523438,11.558162,53.918144,16.912704,476.6,1
United States,USA,2004,34.32109,11.59659,54.08215,16.94819,477.6,1
United States,USA,2005,34.119194,11.635019,54.245785,16.983677,478.6,1
United States,USA,2006,34.463596,11.839436,53.696968,16.559261,466.64,-11.96
United States,USA,2007,34.82791,12.055671,53.11642,16.134848,454.68,-11.96
United States,USA,2008,35.213913,12.28478,52.50131,15.710433,442.72,-11.96
United States,USA,2009,35.623604,12.527946,51.84845,15.286018,430.76,-11.96
United States,USA,2010,36.059227,12.786508,51.154266,14.861604,418.8,-11.96
United States,USA,2011,36.729305,12.852743,50.41795,15.042513,423.898,5.098
United States,USA,2012,37.422985,12.921312,49.6557,15.223421,428.996,5.098
United States,USA,2013,38.141533,12.992339,48.866127,15.404329,434.094,5.098
United States,USA,2014,38.88631,13.06596,48.04773,15.5852375,439.192,5.098
United States,USA,2015,39.658783,13.142317,47.198902,15.766147,444.29,5.098
United States,USA,2016,39.658783,13.142317,47.198902,15.766147,444.29,0
United States,USA,2017,39.658783,13.142317,47.198902,15.766147,444.29,0
United States,USA,2018,39.658783,13.142317,47.198902,15.766147,444.29,0
United States,USA,2019,39.658783,13.142317,47.198902,15.766147,444.29,0
United States,USA,2020,39.658783,13.142317,47.198902,15.766147,444.29,0
United States,USA,2021,39.658783,13.142317,47.198902,15.766147,444.29,0
United States,USA,2022,39.658783,13.142317,47.198902,15.766147,444.29,0
Uruguay,URY,1990,86.90306,10.857142,2.239796,3.0368764,2.8,
Uruguay,URY,1991,86.86615,10.900901,2.2329473,3.1301517,2.886,0.086
Uruguay,URY,1992,86.831375,10.942126,2.2264948,3.2234273,2.972,0.086
Uruguay,URY,1993,86.79856,10.981033,2.2204056,3.3167028,3.058,0.086
Uruguay,URY,1994,86.76754,11.017812,2.2146492,3.4099784,3.144,0.086
Uruguay,URY,1995,86.73817,11.052631,2.2091994,3.5032537,3.23,0.086
Uruguay,URY,1996,86.71032,11.085646,2.2040324,3.5965292,3.316,0.086
Uruguay,URY,1997,86.68388,11.11699,2.1991265,3.6898048,3.402,0.086
Uruguay,URY,1998,86.658745,11.146789,2.1944625,3.7830803,3.488,0.086
Uruguay,URY,1999,86.63483,11.175154,2.1900232,3.8763556,3.574,0.086
Uruguay,URY,2000,86.61202,11.202186,2.1857924,3.9696312,3.66,0.086
Uruguay,URY,2001,86.08404,11.111342,2.8046188,4.007069,3.6945179,0.0345
Uruguay,URY,2002,85.56583,11.0221815,3.4119892,4.044507,3.7290356,0.0345
Uruguay,URY,2003,85.05713,10.934655,4.0082183,4.0819454,3.7635536,0.0345
Uruguay,URY,2004,84.55767,10.848721,4.59361,4.1193833,3.7980714,0.0345
Uruguay,URY,2005,84.06721,10.764334,5.168457,4.1568213,3.8325891,0.0345
Uruguay,URY,2006,83.5855,10.681453,5.7330422,4.194259,3.867107,0.0345
Uruguay,URY,2007,83.11233,10.600039,6.287637,4.231697,3.901625,0.0345
Uruguay,URY,2008,82.647446,10.520053,6.8325057,4.2691355,3.9361427,0.0345
Uruguay,URY,2009,82.19064,10.441457,7.3679004,4.3065734,3.9706604,0.0345
Uruguay,URY,2010,81.741714,10.364217,7.894067,4.3440113,4.0051785,0.0345
Uruguay,URY,2011,81.30046,10.288296,8.411242,4.381449,4.039696,0.0345
Uruguay,URY,2012,80.866684,10.213661,8.919653,4.418887,4.074214,0.0345
Uruguay,URY,2013,80.4402,10.140281,9.419522,4.456325,4.1087317,0.0345
Uruguay,URY,2014,80.02081,10.068124,9.911062,4.4937634,4.1432495,0.0345
Uruguay,URY,2015,79.60836,9.997158,10.39448,4.5312014,4.1777678,0.0345
Uruguay,URY,2016,79.20267,9.927356,10.869974,4.5686393,4.2122855,0.0345
Uruguay,URY,2017,78.80357,9.858688,11.337739,4.606077,4.2468033,0.0345
Uruguay,URY,2018,78.41091,9.791128,11.797962,4.643515,4.281321,0.0345
Uruguay,URY,2019,78.02453,9.724648,12.250823,4.6809535,4.315839,0.0345
Uruguay,URY,2020,77.64428,9.6592245,12.696497,4.7183914,4.3503566,0.0345
Uruguay,URY,2021,78.02991,9.488413,12.48168,4.7929444,4.4190946,0.0687
Uruguay,URY,2022,77.190475,9.416132,13.3933935,4.888778,4.5074534,0.0884
Uzbekistan,UZB,1994,93.65257,4.447507,1.8999225,329.02692,53.763,
Uzbekistan,UZB,1995,93.17454,4.632315,2.1931477,328.63553,53.699047,-0.064
Uzbekistan,UZB,1996,92.70237,4.814855,2.4827738,328.24417,53.635094,-0.064
Uzbekistan,UZB,1997,92.23596,4.9951687,2.7688665,327.85278,53.571144,-0.0639
Uzbekistan,UZB,1998,91.775215,5.1732955,3.0514905,327.4614,53.50719,-0.064
Uzbekistan,UZB,1999,91.320015,5.3492756,3.330708,327.07,53.443237,-0.064
Uzbekistan,UZB,2000,90.87027,5.5231476,3.6065807,326.67862,53.379284,-0.064
Uzbekistan,UZB,2001,90.42588,5.6949487,3.879168,328.88617,53.74,0.3607
Uzbekistan,UZB,2002,90.32557,6.0780683,3.5963657,321.8788,52.595,-1.145
Uzbekistan,UZB,2003,90.221306,6.4762397,3.3024533,314.8715,51.45,-1.145
Uzbekistan,UZB,2004,90.11287,6.8903666,2.9967625,307.86414,50.305,-1.145
Uzbekistan,UZB,2005,90,7.321429,2.6785715,300.85678,49.16,-1.145
Uzbekistan,UZB,2006,90.160965,7.0298824,2.8091516,301.74078,49.304443,0.1444
Uzbekistan,UZB,2007,90.32466,6.7333884,2.941948,302.6248,49.44889,0.1444
Uzbekistan,UZB,2008,90.491165,6.4318204,3.077017,303.50876,49.593334,0.1444
Uzbekistan,UZB,2009,90.66054,6.1250463,3.2144177,304.39276,49.737778,0.1444
Uzbekistan,UZB,2010,90.832855,5.81293,3.3542109,305.27676,49.88222,0.1444
Uzbekistan,UZB,2011,91.00821,5.495332,3.4964597,306.16074,50.02667,0.1444
Uzbekistan,UZB,2012,91.18667,5.172105,3.6412294,307.04474,50.171112,0.1444
Uzbekistan,UZB,2013,91.36832,4.843099,3.7885876,307.92874,50.315556,0.1444
Uzbekistan,UZB,2014,91.55324,4.5081573,3.938604,308.81274,50.46,0.1444
Uzbekistan,UZB,2015,92.0814,4.3655686,3.5530324,337.44797,55.139,4.679
Uzbekistan,UZB,2016,91.66056,4.4648094,3.8746333,333.8617,54.553,-0.586
Uzbekistan,UZB,2017,92.29202,4.091681,3.616299,360.4896,58.904,4.351
Uzbekistan,UZB,2018,92.276695,4.2054996,3.517134,342.26437,55.926,-2.978
Uzbekistan,UZB,2019,92.261375,4.329702,3.4089224,324.03915,52.948,-2.978
Uzbekistan,UZB,2020,92.0078,4.483431,3.508772,305.99756,50,-2.948
Uzbekistan,UZB,2021,90.84668,5.034325,4.1189933,260.09793,42.5,-7.5
Uzbekistan,UZB,2022,92.134834,5.1685395,2.6966293,262.5459,42.9,0.4
"Venezuela, RB",VEN,1990,44.20511,47.61969,8.1752,0.9197764,7.4042,
"Venezuela, RB",VEN,1991,44.156532,47.744713,8.098753,0.9403317,7.56967,0.1655
"Venezuela, RB",VEN,1992,44.110035,47.86439,8.025574,0.96088696,7.73514,0.1655
"Venezuela, RB",VEN,1993,44.065483,47.97906,7.955457,0.9814422,7.90061,0.1655
"Venezuela, RB",VEN,1994,44.02276,48.089027,7.888216,1.0019975,8.06608,0.1655
"Venezuela, RB",VEN,1995,43.981747,48.194576,7.8236766,1.0226605,8.232417,0.1663
"Venezuela, RB",VEN,1996,43.942356,48.295967,7.7616787,1.0431081,8.39702,0.1646
"Venezuela, RB",VEN,1997,43.904484,48.39344,7.702076,1.0636634,8.56249,0.1655
"Venezuela, RB",VEN,1998,43.868046,48.48722,7.644732,1.0842617,8.728307,0.1658
"Venezuela, RB",VEN,1999,43.832966,48.577515,7.5895205,1.1047739,8.89343,0.1651
"Venezuela, RB",VEN,2000,43.799164,48.664513,7.5363245,1.1253291,9.0589,0.1655
"Venezuela, RB",VEN,2001,52.405113,41.212685,6.3822007,1.3718435,11.04334,1.9844
"Venezuela, RB",VEN,2002,58.39033,36.030132,5.5795374,1.6183578,13.02778,1.9844
"Venezuela, RB",VEN,2003,62.793743,32.21725,4.989006,1.8648721,15.01222,1.9844
"Venezuela, RB",VEN,2004,66.16923,29.294441,4.5363274,2.1113863,16.99666,1.9844
"Venezuela, RB",VEN,2005,68.83911,26.982615,4.178276,2.3579006,18.9811,1.9844
"Venezuela, RB",VEN,2006,71.564865,24.62235,3.8127875,2.5839875,20.8011,1.82
"Venezuela, RB",VEN,2007,73.85211,22.641792,3.5060968,2.8100746,22.6211,1.82
"Venezuela, RB",VEN,2008,73.85211,22.641792,3.5060968,2.8100746,22.6211,0
"Venezuela, RB",VEN,2009,73.85211,22.641792,3.5060968,2.8100746,22.6211,0
"Venezuela, RB",VEN,2010,73.85211,22.641792,3.5060968,2.8100746,22.6211,0
"Venezuela, RB",VEN,2011,73.85211,22.641792,3.5060968,2.8100746,22.6211,0
"Venezuela, RB",VEN,2012,73.85211,22.641792,3.5060968,2.8100746,22.6211,0
"Venezuela, RB",VEN,2013,73.85211,22.641792,3.5060968,2.8100746,22.6211,0
"Venezuela, RB",VEN,2014,73.85211,22.641792,3.5060968,2.8100746,22.6211,0
"Venezuela, RB",VEN,2015,73.85211,22.641792,3.5060968,2.8100746,22.6211,0
"Venezuela, RB",VEN,2016,73.85211,22.641792,3.5060968,2.8100746,22.6211,0
"Venezuela, RB",VEN,2017,73.85211,22.641792,3.5060968,2.8100746,22.6211,0
"Venezuela, RB",VEN,2018,73.85211,22.641792,3.5060968,2.8100746,22.6211,0
"Venezuela, RB",VEN,2019,73.85211,22.641792,3.5060968,2.8100746,22.6211,0
"Venezuela, RB",VEN,2020,73.85211,22.641792,3.5060968,2.8100746,22.6211,0
"Venezuela, RB",VEN,2021,73.85211,22.641792,3.5060968,2.8100746,22.6211,0
"Venezuela, RB",VEN,2022,73.85211,22.641792,3.5060968,2.8100746,22.6211,0
Viet Nam,VNM,1990,91.23025,2.9446018,5.8251486,14.333649,51.518,
Viet Nam,VNM,1991,91.600746,2.745968,5.653288,14.898336,53.5476,2.0296
Viet Nam,VNM,1992,91.944176,2.561842,5.4939795,15.463024,55.5772,2.0296
Viet Nam,VNM,1993,92.26341,2.39069,5.3458967,16.027712,57.6068,2.0296
Viet Nam,VNM,1994,92.56092,2.2311876,5.2078934,16.5924,59.6364,2.0296
Viet Nam,VNM,1995,92.838844,2.0821846,5.078974,17.157087,61.666,2.0296
Viet Nam,VNM,1996,93.09905,1.9426774,4.95827,17.721773,63.6956,2.0296
Viet Nam,VNM,1997,93.34319,1.811786,4.8450212,18.28646,65.7252,2.0296
Viet Nam,VNM,1998,93.57271,1.6887364,4.7385573,18.851149,67.7548,2.0296
Viet Nam,VNM,1999,93.78887,1.5728444,4.638286,19.415836,69.7844,2.0296
Viet Nam,VNM,2000,93.99281,1.4635029,4.543682,19.980524,71.814,2.0296
Viet Nam,VNM,2001,94.168205,1.4649892,4.366805,20.548996,73.8572,2.0432
Viet Nam,VNM,2002,94.33415,1.4663954,4.199451,21.117468,75.9004,2.0432
Viet Nam,VNM,2003,94.4914,1.4677279,4.0408707,21.637249,77.7686,1.8682
Viet Nam,VNM,2004,94.64062,1.4689924,3.8903918,22.20572,79.8118,2.0432
Viet Nam,VNM,2005,94.782394,1.4701939,3.7474096,22.77614,81.862,2.0502
Viet Nam,VNM,2006,94.782394,1.4701939,3.7474096,22.77614,81.862,0
Viet Nam,VNM,2007,94.782394,1.4701939,3.7474096,22.77614,81.862,0
Viet Nam,VNM,2008,94.782394,1.4701939,3.7474096,22.77614,81.862,0
Viet Nam,VNM,2009,94.782394,1.4701939,3.7474096,22.77614,81.862,0
Viet Nam,VNM,2010,94.782394,1.4701939,3.7474096,22.77614,81.862,0
Viet Nam,VNM,2011,94.782394,1.4701939,3.7474096,22.77614,81.862,0
Viet Nam,VNM,2012,94.782394,1.4701939,3.7474096,22.77614,81.862,0
Viet Nam,VNM,2013,94.782394,1.4701939,3.7474096,22.77614,81.862,0
Viet Nam,VNM,2014,94.782394,1.4701939,3.7474096,22.77614,81.862,0
Viet Nam,VNM,2015,94.782394,1.4701939,3.7474096,22.77614,81.862,0
Viet Nam,VNM,2016,94.782394,1.4701939,3.7474096,22.77614,81.862,0
Viet Nam,VNM,2017,94.782394,1.4701939,3.7474096,22.77614,81.862,0
Viet Nam,VNM,2018,94.782394,1.4701939,3.7474096,22.77614,81.862,0
Viet Nam,VNM,2019,94.782394,1.4701939,3.7474096,22.77614,81.862,0
Viet Nam,VNM,2020,94.782394,1.4701939,3.7474096,22.77614,81.862,0
Viet Nam,VNM,2021,94.782394,1.4701939,3.7474096,22.77614,81.862,0
Viet Nam,VNM,2022,94.782394,1.4701939,3.7474096,22.77614,81.862,0
West Bank and Gaza,PSE,2000,60,34.96552,5.034483,34.601807,0.28096667,
West Bank and Gaza,PSE,2001,59.856632,43.412186,6.265233,33.306652,0.27045,-0.0105
West Bank and Gaza,PSE,2002,51.40187,42.460052,6.138077,39.856323,0.32363334,0.0532
West Bank and Gaza,PSE,2003,49.928265,46.071735,6.6685796,41.98481,0.34091666,0.0173
West Bank and Gaza,PSE,2004,46.79041,46.475895,6.733694,46.896553,0.3808,0.0399
West Bank and Gaza,PSE,2005,45.21531,47.84689,6.937799,50.246304,0.408,0.0272
West Bank and Gaza,PSE,2006,45.21531,47.84689,6.937799,48.5821,0.39448667,-0.0135
West Bank and Gaza,PSE,2007,45.21531,47.84689,6.937799,46.501232,0.37759,-0.0169
West Bank and Gaza,PSE,2008,45.21531,47.84689,6.937799,44.42036,0.36069334,-0.0169
West Bank and Gaza,PSE,2009,45.21531,47.84689,6.937799,42.339493,0.34379667,-0.0169
West Bank and Gaza,PSE,2010,45.21531,47.84689,6.937799,33.349754,0.2708,-0.073
West Bank and Gaza,PSE,2011,45.21531,47.84689,6.937799,32.869457,0.2669,-0.0039
West Bank and Gaza,PSE,2012,45.21531,47.84689,6.937799,36.03448,0.2926,0.0257
West Bank and Gaza,PSE,2013,45.21531,47.84689,6.937799,37.24138,0.3024,0.0098
West Bank and Gaza,PSE,2014,45.21531,47.84689,6.937799,33.80542,0.2745,-0.0279
West Bank and Gaza,PSE,2015,45.21531,47.84689,6.937799,35.86207,0.2912,0.0167
West Bank and Gaza,PSE,2016,45.21531,47.84689,6.937799,34.556652,0.2806,-0.0106
West Bank and Gaza,PSE,2017,43.17697,48.294243,8.528785,35.46798,0.288,0.0074
West Bank and Gaza,PSE,2018,45.057766,76.9448,8.241335,36.908867,0.2997,0.0117
West Bank and Gaza,PSE,2019,45.608997,45.608997,8.159847,40.591133,0.3296,0.0299
West Bank and Gaza,PSE,2020,48.12667,44.092327,7.7832294,43.399014,0.3524,0.0228
West Bank and Gaza,PSE,2021,49.224453,56.43248,8.895986,41.231525,0.3348,-0.0176
World,WLD,2014,71.18084,11.846364,16.974644,9.016315,3855.5708,
World,WLD,2015,71.49233,11.977682,16.510283,9.016765,3855.7832,0.2124
World,WLD,2016,71.461136,12.38802,16.18854,9.100955,3891.8123,36.0291
World,WLD,2017,71.31754,12.476302,16.212996,9.172024,3922.2512,30.439
World,WLD,2018,71.16283,12.641061,16.148005,9.140434,3908.7458,-13.5054
World,WLD,2019,70.95763,12.974463,15.764744,9.164331,3918.9626,10.2168
World,WLD,2020,71.19744,13.281671,15.27599,9.075691,3881.0664,-37.8962
World,WLD,2021,71.58384,13.140504,15.119334,9.23393,3948.718,67.6516
"Yemen, Rep.",YEM,1990,92.08731,6.8553886,1.0572988,139.14285,2.922,
"Yemen, Rep.",YEM,1991,91.84907,6.986035,1.1648986,141.37143,2.9688,0.0468
"Yemen, Rep.",YEM,1992,91.618195,7.112639,1.2691698,143.6,3.0156,0.0468
"Yemen, Rep.",YEM,1993,91.39435,7.235386,1.3702643,145.82857,3.0624,0.0468
"Yemen, Rep.",YEM,1994,91.17722,7.3544497,1.4683253,148.05714,3.1092,0.0468
"Yemen, Rep.",YEM,1995,90.96652,7.4699936,1.563487,150.28572,3.156,0.0468
"Yemen, Rep.",YEM,1996,90.761955,7.5821714,1.6558765,152.51428,3.2028,0.0468
"Yemen, Rep.",YEM,1997,90.56326,7.691128,1.745613,154.74286,3.2496,0.0468
"Yemen, Rep.",YEM,1998,90.37019,7.797,1.8328091,156.97144,3.2964,0.0468
"Yemen, Rep.",YEM,1999,90.18251,7.8999166,1.9175713,159.2,3.3432,0.0468
"Yemen, Rep.",YEM,2000,90,8,2,161.14285,3.384,0.0408
"Yemen, Rep.",YEM,2001,90.15438,7.8823185,1.9632974,162.86667,3.4202,0.0362
"Yemen, Rep.",YEM,2002,90.305824,7.766878,1.9272937,164.59047,3.4564,0.0362
"Yemen, Rep.",YEM,2003,90.454414,7.6536155,1.8919691,166.31429,3.4926,0.0362
"Yemen, Rep.",YEM,2004,90.60023,7.542469,1.8573047,168.0381,3.5288,0.0362
"Yemen, Rep.",YEM,2005,90.74334,7.43338,1.8232819,169.7619,3.565,0.0362
"Yemen, Rep.",YEM,2006,90.74334,7.43338,1.8232819,169.7619,3.565,0
"Yemen, Rep.",YEM,2007,90.74334,7.43338,1.8232819,169.7619,3.565,0
"Yemen, Rep.",YEM,2008,90.74334,7.43338,1.8232819,169.7619,3.565,0
"Yemen, Rep.",YEM,2009,90.74334,7.43338,1.8232819,169.7619,3.565,0
"Yemen, Rep.",YEM,2010,90.74334,7.43338,1.8232819,169.7619,3.565,0
"Yemen, Rep.",YEM,2011,90.74334,7.43338,1.8232819,169.7619,3.565,0
"Yemen, Rep.",YEM,2012,90.74334,7.43338,1.8232819,169.7619,3.565,0
"Yemen, Rep.",YEM,2013,90.74334,7.43338,1.8232819,169.7619,3.565,0
"Yemen, Rep.",YEM,2014,90.74334,7.43338,1.8232819,169.7619,3.565,0
"Yemen, Rep.",YEM,2015,90.74334,7.43338,1.8232819,169.7619,3.565,0
"Yemen, Rep.",YEM,2016,90.74334,7.43338,1.8232819,169.7619,3.565,0
"Yemen, Rep.",YEM,2017,90.74334,7.43338,1.8232819,169.7619,3.565,0
"Yemen, Rep.",YEM,2018,90.74334,7.43338,1.8232819,169.7619,3.565,0
"Yemen, Rep.",YEM,2019,90.74334,7.43338,1.8232819,169.7619,3.565,0
"Yemen, Rep.",YEM,2020,90.74334,7.43338,1.8232819,169.7619,3.565,0
"Yemen, Rep.",YEM,2021,90.74334,7.43338,1.8232819,169.7619,3.565,0
"Yemen, Rep.",YEM,2022,90.74334,7.43338,1.8232819,169.7619,3.565,0
Zambia,ZMB,1992,76.645676,17.229536,6.1247854,2.1783042,1.747,
Zambia,ZMB,1993,76.94758,16.536345,6.5160728,2.152743,1.7265,-0.0205
Zambia,ZMB,1994,77.256744,15.826495,6.9167643,2.127182,1.706,-0.0205
Zambia,ZMB,1995,76.73387,16.16799,7.0981417,2.1062968,1.68925,-0.0167
Zambia,ZMB,1996,76.20137,16.51577,7.2828574,2.0854115,1.6725,-0.0167
Zambia,ZMB,1997,75.65898,16.87001,7.4710045,2.064526,1.65575,-0.0167
Zambia,ZMB,1998,75.10642,17.230894,7.66268,2.0436409,1.639,-0.0167
Zambia,ZMB,1999,74.54341,17.598608,7.857983,2.0227556,1.62225,-0.0168
Zambia,ZMB,2000,73.969635,17.97335,8.057019,2.0018704,1.6055,-0.0167
Zambia,ZMB,2001,73.630516,18.207502,8.161984,1.980985,1.58875,-0.0167
Zambia,ZMB,2002,73.28244,18.447838,8.26972,1.9600997,1.572,-0.0167
Zambia,ZMB,2003,73.28244,18.447838,8.26972,1.9600997,1.572,0
Zambia,ZMB,2004,73.28244,18.447838,8.26972,1.9600997,1.572,0
Zambia,ZMB,2005,73.28244,18.447838,8.26972,1.9600997,1.572,0
Zambia,ZMB,2006,73.28244,18.447838,8.26972,1.9600997,1.572,0
Zambia,ZMB,2007,73.28244,18.447838,8.26972,1.9600997,1.572,0
Zambia,ZMB,2008,73.28244,18.447838,8.26972,1.9600997,1.572,0
Zambia,ZMB,2009,73.28244,18.447838,8.26972,1.9600997,1.572,0
Zambia,ZMB,2010,73.28244,18.447838,8.26972,1.9600997,1.572,0
Zambia,ZMB,2011,73.28244,18.447838,8.26972,1.9600997,1.572,0
Zambia,ZMB,2012,73.28244,18.447838,8.26972,1.9600997,1.572,0
Zambia,ZMB,2013,73.28244,18.447838,8.26972,1.9600997,1.572,0
Zambia,ZMB,2014,73.28244,18.447838,8.26972,1.9600997,1.572,0
Zambia,ZMB,2015,73.28244,18.447838,8.26972,1.9600997,1.572,0
Zambia,ZMB,2016,73.28244,18.447838,8.26972,1.9600997,1.572,0
Zambia,ZMB,2017,73.28244,18.447838,8.26972,1.9600997,1.572,0
Zambia,ZMB,2018,73.28244,18.447838,8.26972,1.9600997,1.572,0
Zambia,ZMB,2019,73.28244,18.447838,8.26972,1.9600997,1.572,0
Zambia,ZMB,2020,73.28244,18.447838,8.26972,1.9600997,1.572,0
Zambia,ZMB,2021,73.28244,18.447838,8.26972,1.9600997,1.572,0
Zambia,ZMB,2022,73.28244,18.447838,8.26972,1.9600997,1.572,0
Zimbabwe,ZWE,1990,78.965324,14.012108,7.022565,14.820555,1.817,
Zimbabwe,ZWE,1991,78.955025,14.011244,7.03373,16.44372,2.016,0.199
Zimbabwe,ZWE,1992,78.94658,14.010534,7.0428896,18.066885,2.215,0.199
Zimbabwe,ZWE,1993,78.93952,14.009942,7.0505385,19.690048,2.414,0.199
Zimbabwe,ZWE,1994,78.93354,14.00944,7.0570226,21.313213,2.613,0.199
Zimbabwe,ZWE,1995,78.928406,14.009009,7.0625887,22.936378,2.812,0.199
Zimbabwe,ZWE,1996,78.92394,14.008635,7.0674195,24.559544,3.011,0.199
Zimbabwe,ZWE,1997,78.920044,14.008307,7.071651,26.182709,3.21,0.199
Zimbabwe,ZWE,1998,78.916595,14.008018,7.075389,27.805872,3.409,0.199
Zimbabwe,ZWE,1999,78.91353,14.007761,7.078714,29.429037,3.608,0.199
Zimbabwe,ZWE,2000,78.91078,14.0083685,7.0816917,31.052202,3.807,0.199
Zimbabwe,ZWE,2001,78.9083,14.007322,7.0843735,32.675365,4.006,0.199
Zimbabwe,ZWE,2002,78.90607,14.007134,7.0868015,34.29853,4.205,0.199
Zimbabwe,ZWE,2003,79.46052,13.639039,6.900441,33.26264,4.078,-0.127
Zimbabwe,ZWE,2004,80.05062,13.247279,6.7021008,32.226753,3.951,-0.127
Zimbabwe,ZWE,2005,80.67992,12.829498,6.490586,31.190865,3.824,-0.127
Zimbabwe,ZWE,2006,81.35245,12.383014,6.264539,30.154976,3.697,-0.127
Zimbabwe,ZWE,2007,82.07283,11.904762,6.022409,29.119087,3.57,-0.127
Zimbabwe,ZWE,2008,81.706635,12.704637,5.5887294,28.941374,3.5482125,-0.0218
Zimbabwe,ZWE,2009,81.335915,13.514395,5.149691,28.763662,3.526425,-0.0218
Zimbabwe,ZWE,2010,80.96059,14.334222,4.705194,28.58595,3.5046375,-0.0218
Zimbabwe,ZWE,2011,80.58056,15.164305,4.255136,28.408237,3.48285,-0.0218
Zimbabwe,ZWE,2012,80.19575,16.004839,3.7994113,28.230526,3.4610624,-0.0218
Zimbabwe,ZWE,2013,79.80606,16.856024,3.3379128,28.052814,3.439275,-0.0218
Zimbabwe,ZWE,2014,79.41141,17.71806,2.87053,27.875101,3.4174874,-0.0218
Zimbabwe,ZWE,2015,79.01169,18.59116,2.3971493,27.69739,3.3957,-0.0218
Zimbabwe,ZWE,2016,79.98942,17.617662,2.3929212,27.748777,3.402,0.0063
Zimbabwe,ZWE,2017,82.95648,14.605732,2.4377825,27.234911,3.339,-0.063
Zimbabwe,ZWE,2018,80.63543,17.207487,2.1570873,30.761677,3.7713816,0.4324
Zimbabwe,ZWE,2019,84.82663,13.252997,1.9203712,34.553543,4.236264,0.4649
Zimbabwe,ZWE,2020,87.20018,11.142846,1.6569717,40.046326,4.9096794,0.6734
Zimbabwe,ZWE,2021,87.20018,11.142846,1.6569717,40.046326,4.9096794,0
Zimbabwe,ZWE,2022,87.20018,11.142846,1.6569717,40.046326,4.9096794,0
