country,iso_code,year,freshwater_per_capita_m3,gdp_per_capita_usd,population,total_renewable_bcm,freshwater_pc_5yr_cagr_pct
Afghanistan,AFG,1990,3914.273,,12045660,47.15,
Afghanistan,AFG,1991,3852.477,,12238879,47.15,
Afghanistan,AFG,1992,3550.726,,13278974,47.15,
Afghanistan,AFG,1993,3155.2874,,14943172,47.15,
Afghanistan,AFG,1994,2901.3967,,16250794,47.15,
Afghanistan,AFG,1995,2762.8298,,17065836,47.15,-6.73
Afghanistan,AFG,1996,2654.3542,,17763266,47.15,-7.18
Afghanistan,AFG,1997,2555.2659,,18452092,47.15,-6.368
Afghanistan,AFG,1998,2460.8564,,19159996,47.15,-4.85
Afghanistan,AFG,1999,2370.802,,19887784,47.15,-3.959
Afghanistan,AFG,2000,2342.237,308.31827,20130328,47.15,-3.249
Afghanistan,AFG,2001,2324.457,277.11804,20284308,47.15,-2.619
Afghanistan,AFG,2002,2205.5264,338.13998,21378116,47.15,-2.901
Afghanistan,AFG,2003,2074.0728,346.07162,22733048,47.15,-3.362
Afghanistan,AFG,2004,2001.2178,338.63727,23560654,47.15,-3.333
Afghanistan,AFG,2005,1932.0154,363.64014,24404568,47.15,-3.778
Afghanistan,AFG,2006,1854.54,367.7583,25424094,47.15,-4.416
Afghanistan,AFG,2007,1819.7711,410.75772,25909852,47.15,-3.772
Afghanistan,AFG,2008,1780.4128,417.64728,26482622,47.15,-3.007
Afghanistan,AFG,2009,1716.6616,488.83066,27466100,47.15,-3.021
Afghanistan,AFG,2010,1667.015,542.87103,28284088,47.15,-2.907
Afghanistan,AFG,2011,1606.599,525.427,29347708,47.15,-2.83
Afghanistan,AFG,2012,1542.8647,568.929,30560034,47.15,-3.247
Afghanistan,AFG,2013,1491.0173,580.6038,31622704,47.15,-3.486
Afghanistan,AFG,2014,1437.8278,575.14624,32792524,47.15,-3.483
Afghanistan,AFG,2015,1393.6606,565.5697,33831764,47.15,-3.519
Afghanistan,AFG,2016,1358.7656,563.8723,34700612,47.15,-3.295
Afghanistan,AFG,2017,1321.1378,562.7696,35688936,47.15,-3.055
Afghanistan,AFG,2018,1283.2362,553.1251,36743040,47.15,-2.957
Afghanistan,AFG,2019,1245.5054,557.8615,37856120,47.15,-2.831
Afghanistan,AFG,2020,1206.8398,527.83453,39068980,47.15,-2.838
Afghanistan,AFG,2021,1178.7379,408.62585,40000412,47.15,-2.803
Afghanistan,AFG,2022,1161.9355,377.66562,40578840,47.15,-2.535
Afghanistan,AFG,2023,,378.0663,41454760,,
Afghanistan,AFG,2024,,,42647492,,
Africa Eastern and Southern,AFE,1990,7780.2617,1293.8702,311748670,1830.521,
Africa Eastern and Southern,AFE,1991,7582.045,1257.43,320442980,1830.521,
Africa Eastern and Southern,AFE,1992,7395.377,1195.0892,329082720,1830.521,
Africa Eastern and Southern,AFE,1993,6310.5376,1152.6912,338324000,1955.321,
Africa Eastern and Southern,AFE,1994,6143.93,1143.9884,347441820,1955.321,
Africa Eastern and Southern,AFE,1995,5986.7686,1163.2096,356580380,1955.321,-5.106
Africa Eastern and Southern,AFE,1996,5828.538,1195.1399,366138530,1955.321,-5.124
Africa Eastern and Southern,AFE,1997,5679.7803,1209.8174,375646240,1955.321,-5.142
Africa Eastern and Southern,AFE,1998,5533.7,1199.8027,385505760,1955.321,-2.593
Africa Eastern and Southern,AFE,1999,5390,1199.5292,395750940,1955.321,-2.584
Africa Eastern and Southern,AFE,2000,5253.0405,1205.9811,406156670,1955.321,-2.581
Africa Eastern and Southern,AFE,2001,5119.9614,1216.3353,416807870,1955.321,-2.559
Africa Eastern and Southern,AFE,2002,4989.1953,1231.4446,427820350,1955.321,-2.559
Africa Eastern and Southern,AFE,2003,4860.46,1235.7117,439173280,1955.321,-2.561
Africa Eastern and Southern,AFE,2004,4733.793,1271.3127,450928030,1955.321,-2.563
Africa Eastern and Southern,AFE,2005,4610.071,1314.388,463076640,1955.321,-2.577
Africa Eastern and Southern,AFE,2006,4489.2876,1364.7052,475606200,1955.321,-2.595
Africa Eastern and Southern,AFE,2007,4370.9683,1417.4724,488580700,1955.321,-2.611
Africa Eastern and Southern,AFE,2008,4254.9326,1440.5973,502070750,1955.321,-2.626
Africa Eastern and Southern,AFE,2009,4141.721,1414.5878,516003460,1955.321,-2.637
Africa Eastern and Southern,AFE,2010,4031.1055,1449.4891,530308380,1955.321,-2.648
Africa Eastern and Southern,AFE,2011,3924.6008,1468.6306,544738000,1955.321,-2.653
Africa Eastern and Southern,AFE,2012,3548.2468,1456.7228,559610000,1985.321,-4.085
Africa Eastern and Southern,AFE,2013,3452.0552,1478.978,575202700,1985.321,-4.096
Africa Eastern and Southern,AFE,2014,3359.953,1495.9556,590968960,1985.321,-4.097
Africa Eastern and Southern,AFE,2015,3270.5493,1498.8752,607123260,1985.321,-4.095
Africa Eastern and Southern,AFE,2016,3185.3064,1490.9076,623369400,1985.321,-4.088
Africa Eastern and Southern,AFE,2017,3102.244,1490.9111,640058750,1985.321,-2.651
Africa Eastern and Southern,AFE,2018,3018.5615,1489.9421,657801100,1985.321,-2.648
Africa Eastern and Southern,AFE,2019,2937.506,1479.3724,675950200,1985.321,-2.652
Africa Eastern and Southern,AFE,2020,2859.2607,1399.3984,694446100,1985.321,-2.652
Africa Eastern and Southern,AFE,2021,2784.494,1425.2091,713090940,1985.321,-2.654
Africa Eastern and Southern,AFE,2022,2713.2935,1440.4304,731821400,,-2.644
Africa Eastern and Southern,AFE,2023,,1431.7218,750491400,,
Africa Eastern and Southern,AFE,2024,,1435.3563,769280900,,
Africa Western and Central,AFW,1990,9058.911,1260.2798,209566030,1898.44,
Africa Western and Central,AFW,1991,8822.62,1241.1307,215178700,1898.44,
Africa Western and Central,AFW,1992,8582.794,1235.0322,221191380,1898.44,
Africa Western and Central,AFW,1993,8354.09,1186.1877,227246780,1898.44,
Africa Western and Central,AFW,1994,8135.2383,1152.4705,233360100,1898.44,
Africa Western and Central,AFW,1995,7916.702,1142.2781,239801870,1898.44,-2.659
Africa Western and Central,AFW,1996,7704.2246,1162.9974,246415440,1898.44,-2.675
Africa Western and Central,AFW,1997,7497.564,1181.4622,253207580,1898.44,-2.667
Africa Western and Central,AFW,1998,7293.338,1190.8337,260297840,1898.44,-2.679
Africa Western and Central,AFW,1999,7096.8047,1176.3341,267506300,1898.44,-2.694
Africa Western and Central,AFW,2000,6904.2104,1188.0374,274968450,1898.44,-2.7
Africa Western and Central,AFW,2001,6713.4707,1215.8495,282780700,1898.44,-2.716
Africa Western and Central,AFW,2002,6527.3975,1299.6954,290841800,1898.44,-2.733
Africa Western and Central,AFW,2003,6346.2656,1334.726,299142850,1898.44,-2.744
Africa Western and Central,AFW,2004,6169.2725,1402.2288,307725100,1898.44,-2.762
Africa Western and Central,AFW,2005,5996.554,1441.9886,316588480,1898.44,-2.78
Africa Western and Central,AFW,2006,5829.459,1475.9232,325663170,1898.44,-2.784
Africa Western and Central,AFW,2007,5667.253,1513.0194,334984200,1898.44,-2.787
Africa Western and Central,AFW,2008,5509.334,1562.2113,344586100,1898.44,-2.789
Africa Western and Central,AFW,2009,5357.621,1612.4884,354343840,1898.44,-2.782
Africa Western and Central,AFW,2010,5210.366,1677.9524,364358270,1898.44,-2.772
Africa Western and Central,AFW,2011,5065.3413,1711.5392,374790140,1898.44,-2.771
Africa Western and Central,AFW,2012,4926.402,1749.9814,385360350,1898.44,-2.763
Africa Western and Central,AFW,2013,4793.675,1805.7985,396030200,1898.44,-2.745
Africa Western and Central,AFW,2014,4664.563,1857.1711,406992030,1898.44,-2.732
Africa Western and Central,AFW,2015,4540.334,1860.7277,418127840,1898.44,-2.715
Africa Western and Central,AFW,2016,4420.582,1815.1711,429454750,1898.44,-2.686
Africa Western and Central,AFW,2017,4305.996,1808.7222,440882900,1898.44,-2.656
Africa Western and Central,AFW,2018,4198.2686,1814.6946,452195900,1898.44,-2.618
Africa Western and Central,AFW,2019,4097.069,1829.0681,463365440,1898.44,-2.561
Africa Western and Central,AFW,2020,4000.3425,1719.2615,474569340,1898.44,-2.501
Africa Western and Central,AFW,2021,3906.8901,1721.9094,485921000,1898.44,-2.44
Africa Western and Central,AFW,2022,3816.8254,1757.4565,497387170,,-2.383
Africa Western and Central,AFW,2023,,1778.8644,509398600,,
Africa Western and Central,AFW,2024,,1816.3461,521764060,,
Albania,ALB,1990,8184.8945,1682.8811,3286542,26.9,
Albania,ALB,1991,8234.383,1218.9642,3266790,26.9,
Albania,ALB,1992,8284.471,1138.2378,3247039,26.9,
Albania,ALB,1993,8335.175,1254.6788,3227287,26.9,
Albania,ALB,1994,8386.5,1367.2206,3207536,26.9,
Albania,ALB,1995,8438.464,1558.9664,3187784,26.9,0.612
Albania,ALB,1996,8491.073,1683.7697,3168033,26.9,0.616
Albania,ALB,1997,8544.346,1495.9004,3148281,26.9,0.62
Albania,ALB,1998,8598.287,1630.4387,3128530,26.9,0.624
Albania,ALB,1999,8652.918,1841.8076,3108778,26.9,0.627
Albania,ALB,2000,8708.244,1991.9143,3089027,26.9,0.631
Albania,ALB,2001,8790.353,2188.9185,3060173,26.9,0.695
Albania,ALB,2002,8816.753,2297.1086,3051010,26.9,0.63
Albania,ALB,2003,8849.802,2428.6895,3039616,26.9,0.578
Albania,ALB,2004,8886.865,2567.2976,3026939,26.9,0.535
Albania,ALB,2005,8932.464,2712.8699,3011487,26.9,0.51
Albania,ALB,2006,8988.998,2894.3604,2992547,26.9,0.448
Albania,ALB,2007,9057.1875,3105.8796,2970017,26.9,0.54
Albania,ALB,2008,9126.954,3345.9817,2947314,26.9,0.619
Albania,ALB,2009,9188.668,3459.247,2927519,26.9,0.67
Albania,ALB,2010,9234.399,3579.8242,2913021,26.9,0.667
Albania,ALB,2011,9259.275,3677.8945,2905195,26.9,0.594
Albania,ALB,2012,9403.267,3771.848,2860708,26.9,0.753
Albania,ALB,2013,9549.498,3895.8997,2816902,26.9,0.909
Albania,ALB,2014,9698.003,4045.1194,2773767,26.9,1.085
Albania,ALB,2015,9848.815,4199.539,2731293,26.9,1.297
Albania,ALB,2016,10001.975,4431.556,2689469,26.9,1.555
Albania,ALB,2017,10157.517,4648.231,2648285,26.9,1.555
Albania,ALB,2018,10315.474,4893.8237,2607733,26.9,1.555
Albania,ALB,2019,10475.89,5072.4365,2567801,26.9,1.555
Albania,ALB,2020,10638.803,4980.617,2528480,26.9,1.555
Albania,ALB,2021,10804.245,5511.7573,2489762,26.9,1.555
Albania,ALB,2022,10972.265,5867.651,2451636,26.9,1.555
Albania,ALB,2023,,6198.172,2414095,,
Albania,ALB,2024,,6549.234,2377128,,
Algeria,DZA,1990,443.21738,3605.687,25375810,11.247,
Algeria,DZA,1991,432.77786,3478.5098,25987928,11.247,
Algeria,DZA,1992,422.36594,3455.9294,26628568,11.247,
Algeria,DZA,1993,412.32468,3302.9194,27277048,11.247,
Algeria,DZA,1994,403.30215,3201.569,27887280,11.247,
Algeria,DZA,1995,395.04477,3255.1873,28470192,11.247,-2.275
Algeria,DZA,1996,387.38617,3322.9553,29033044,11.247,-2.192
Algeria,DZA,1997,380.23212,3297.466,29579300,11.247,-2.08
Algeria,DZA,1998,374.22473,3410.8826,30054132,11.247,-1.92
Algeria,DZA,1999,369.06442,3471.492,30474354,11.247,-1.759
Algeria,DZA,2000,363.93472,3553.3242,30903892,11.247,-1.627
Algeria,DZA,2001,358.971,3610.006,31331220,11.247,-1.512
Algeria,DZA,2002,354.2269,3754.661,31750836,11.247,-1.407
Algeria,DZA,2003,349.54822,3945.8982,32175818,11.247,-1.355
Algeria,DZA,2004,344.70093,4066.282,32628286,11.247,-1.357
Algeria,DZA,2005,339.6936,4223.6025,33109248,11.247,-1.369
Algeria,DZA,2006,334.49814,4279.615,33623504,11.247,-1.402
Algeria,DZA,2007,328.96146,4339.2505,34189416,11.247,-1.469
Algeria,DZA,2008,323.03223,4367.5654,34816960,11.247,-1.565
Algeria,DZA,2009,316.9022,4336.1006,35490444,11.247,-1.668
Algeria,DZA,2010,310.7916,4456.6104,36188236,11.247,-1.763
Algeria,DZA,2011,304.76886,4501.3545,36903376,11.247,-1.844
Algeria,DZA,2012,298.75552,4518.44,37646170,11.247,-1.908
Algeria,DZA,2013,292.7826,4543.2344,38414172,11.247,-1.947
Algeria,DZA,2014,286.87643,4634.1016,39205030,11.247,-1.971
Algeria,DZA,2015,281.03778,4685.059,40019530,11.247,-1.993
Algeria,DZA,2016,275.3195,4768.7314,40850720,11.247,-2.012
Algeria,DZA,2017,269.78146,4742.901,41689300,11.247,-2.02
Algeria,DZA,2018,264.60394,4717.0034,42505036,11.247,-2.004
Algeria,DZA,2019,259.7787,4672.664,43294544,11.247,-1.965
Algeria,DZA,2020,255.36934,4363.6855,44042092,11.247,-1.897
Algeria,DZA,2021,251.26729,4456.747,44761100,11.247,-1.812
Algeria,DZA,2022,247.30971,4544.467,45477388,11.247,-1.724
Algeria,DZA,2023,,4660.4053,46164220,,
Algeria,DZA,2024,,4765.729,46814308,,
American Samoa,ASM,1990,,,46640,,
American Samoa,ASM,1991,,,47882,,
American Samoa,ASM,1992,,,49038,,
American Samoa,ASM,1993,,,50159,,
American Samoa,ASM,1994,,,51251,,
American Samoa,ASM,1995,,,52316,,
American Samoa,ASM,1996,,,53353,,
American Samoa,ASM,1997,,,54362,,
American Samoa,ASM,1998,,,55334,,
American Samoa,ASM,1999,,,56248,,
American Samoa,ASM,2000,,,56855,,
American Samoa,ASM,2001,,,57053,,
American Samoa,ASM,2002,,13054.637,57062,,
American Samoa,ASM,2003,,13201.734,56971,,
American Samoa,ASM,2004,,13291.536,56818,,
American Samoa,ASM,2005,,13284.279,56617,,
American Samoa,ASM,2006,,12794.757,56374,,
American Samoa,ASM,2007,,13092.312,56113,,
American Samoa,ASM,2008,,12809.463,55828,,
American Samoa,ASM,2009,,12342.058,55528,,
American Samoa,ASM,2010,,12446.309,55228,,
American Samoa,ASM,2011,,12521.81,54895,,
American Samoa,ASM,2012,,12068.267,54489,,
American Samoa,ASM,2013,,11871.794,54006,,
American Samoa,ASM,2014,,12203.09,53466,,
American Samoa,ASM,2015,,12727.41,52878,,
American Samoa,ASM,2016,,12665.283,52245,,
American Samoa,ASM,2017,,11930.777,51586,,
American Samoa,ASM,2018,,12412.603,50908,,
American Samoa,ASM,2019,,12524.016,50209,,
American Samoa,ASM,2020,,13194.274,49761,,
American Samoa,ASM,2021,,13233.578,49225,,
American Samoa,ASM,2022,,13709.098,48342,,
American Samoa,ASM,2023,,,47521,,
American Samoa,ASM,2024,,,46765,,
Andorra,AND,1990,6000.3423,31143.162,52597,0.3156,
Andorra,AND,1991,5569.379,29642.32,56667,0.3156,
Andorra,AND,1992,5242.525,28161.955,60200,0.3156,
Andorra,AND,1993,4987.9883,26518.246,63272,0.3156,
Andorra,AND,1994,4884.5415,26587.15,64612,0.3156,
Andorra,AND,1995,4938.04,27619.52,63912,0.3156,-3.822
Andorra,AND,1996,4932.483,28871.23,63984,0.3156,-2.4
Andorra,AND,1997,4877.898,31140.705,64700,0.3156,-1.431
Andorra,AND,1998,4827.0166,31800.379,65382,0.3156,-0.654
Andorra,AND,1999,4802.922,32938.66,65710,0.3156,-0.336
Andorra,AND,2000,4804.75,34113.832,65685,0.3156,-0.546
Andorra,AND,2001,4792.565,36790.12,65852,0.3156,-0.574
Andorra,AND,2002,4745.4365,38084.504,66506,0.3156,-0.549
Andorra,AND,2003,4541.922,39620.34,69486,0.3156,-1.21
Andorra,AND,2004,4246.216,40054.34,74325,0.3156,-2.434
Andorra,AND,2005,4076.4133,40528.195,77421,0.3156,-3.234
Andorra,AND,2006,3965.5713,41322.074,79585,0.3156,-3.717
Andorra,AND,2007,3854.5623,40789.18,81877,0.3156,-4.073
Andorra,AND,2008,3779.867,37775.145,83495,0.3156,-3.607
Andorra,AND,2009,3762.1592,35604.402,83888,0.3156,-2.392
Andorra,AND,2010,3910.49,36277.28,80706,0.3156,-0.828
Andorra,AND,2011,4057.442,37637.504,77783,0.3156,0.459
Andorra,AND,2012,4107.5566,36206.996,76834,0.3156,1.28
Andorra,AND,2013,4197.1436,35684.188,75194,0.3156,2.116
Andorra,AND,2014,4280.0767,37300.64,73737,0.3156,2.613
Andorra,AND,2015,4372.7656,38654.953,72174,0.3156,2.26
Andorra,AND,2016,4372.342,40085.04,72181,0.3156,1.506
Andorra,AND,2017,4278.568,39361.082,73763,0.3156,0.819
Andorra,AND,2018,4198.93,39242.164,75162,0.3156,0.009
Andorra,AND,2019,4126.8926,39346.293,76474,0.3156,-0.726
Andorra,AND,2020,4078.5732,34536.668,77380,0.3156,-1.383
Andorra,AND,2021,4027.3596,36929.035,78364,0.3156,-1.63
Andorra,AND,2022,3959.601,39780.414,79705,0.3156,-1.538
Andorra,AND,2023,,40227.254,80856,,
Andorra,AND,2024,,41034.527,81938,,
Angola,AGO,1990,12729.693,2675.0525,11626360,148,
Angola,AGO,1991,12309.198,2612.3318,12023529,148,
Angola,AGO,1992,11912.704,2380.5828,12423712,148,
Angola,AGO,1993,11538.04,1752.7231,12827135,148,
Angola,AGO,1994,11170.011,1719.543,13249764,148,
Angola,AGO,1995,10803.095,1912.5178,13699778,148,-3.229
Angola,AGO,1996,10443.884,2099.3503,14170973,148,-3.233
Angola,AGO,1997,10095.214,2176.8777,14660413,148,-3.257
Angola,AGO,1998,9762.938,2203.9868,15159370,148,-3.286
Angola,AGO,1999,9446.466,2179.0642,15667235,148,-3.296
Angola,AGO,2000,9138.697,2172.4634,16194869,148,-3.291
Angola,AGO,2001,8837.294,2189.1736,16747208,148,-3.286
Angola,AGO,2002,8541.238,2404.978,17327700,148,-3.288
Angola,AGO,2003,8248.015,2403.404,17943712,148,-3.316
Angola,AGO,2004,7956.808,2583.3242,18600424,148,-3.374
Angola,AGO,2005,7671.907,2843.3967,19291160,148,-3.439
Angola,AGO,2006,7394.351,3065.0557,20015280,148,-3.502
Angola,AGO,2007,7122.726,3336.3633,20778560,148,-3.567
Angola,AGO,2008,6858.6294,3559.1953,21578656,148,-3.622
Angola,AGO,2009,6602.788,3494.8071,22414772,148,-3.662
Angola,AGO,2010,6353.3423,3540.7915,23294824,148,-3.701
Angola,AGO,2011,6111.0684,3528.1682,24218352,148,-3.741
Angola,AGO,2012,5878.289,3682.3523,25177394,148,-3.768
Angola,AGO,2013,5656.2773,3716.297,26165620,148,-3.781
Angola,AGO,2014,5449.0356,3746.8162,27160768,148,-3.768
Angola,AGO,2015,5256.093,3641.729,28157798,148,-3.721
Angola,AGO,2016,5071.4336,3454.0332,29183070,148,-3.661
Angola,AGO,2017,4895.015,3328.8982,30234840,148,-3.595
Angola,AGO,2018,4728.8643,3196.79,31297156,148,-3.518
Angola,AGO,2019,4571.3394,3083.9753,32375632,148,-3.452
Angola,AGO,2020,4424.3643,2864.1614,33451132,148,-3.387
Angola,AGO,2021,4285.8267,2832.8179,34532428,148,-3.31
Angola,AGO,2022,4153.217,2860.9026,35635028,148,-3.233
Angola,AGO,2023,,2809.1572,36749904,,
Angola,AGO,2024,,2845.4778,37885850,,
Antigua and Barbuda,ATG,1990,824.533,13166.524,63066,0.052,
Antigua and Barbuda,ATG,1991,820.3575,13385.012,63387,0.052,
Antigua and Barbuda,ATG,1992,807.40326,13326.272,64404,0.052,
Antigua and Barbuda,ATG,1993,792.84,13776.826,65587,0.052,
Antigua and Barbuda,ATG,1994,777.9423,14420.47,66843,0.052,
Antigua and Barbuda,ATG,1995,762.58636,13519.528,68189,0.052,-1.55
Antigua and Barbuda,ATG,1996,746.9976,14117.868,69612,0.052,-1.856
Antigua and Barbuda,ATG,1997,731.8481,14588.308,71053,0.052,-1.946
Antigua and Barbuda,ATG,1998,718.11304,14991.78,72412,0.052,-1.96
Antigua and Barbuda,ATG,1999,705.88873,15282.974,73666,0.052,-1.925
Antigua and Barbuda,ATG,2000,694.1478,15961.092,74912,0.052,-1.863
Antigua and Barbuda,ATG,2001,683.5899,15003.438,76069,0.052,-1.758
Antigua and Barbuda,ATG,2002,675.0441,14968.07,77032,0.052,-1.603
Antigua and Barbuda,ATG,2003,667.6596,15703.935,77884,0.052,-1.446
Antigua and Barbuda,ATG,2004,660.5775,16433.412,78719,0.052,-1.318
Antigua and Barbuda,ATG,2005,653.1761,17301.213,79611,0.052,-1.209
Antigua and Barbuda,ATG,2006,645.1293,19259.648,80604,0.052,-1.151
Antigua and Barbuda,ATG,2007,636.4437,20770.27,81704,0.052,-1.171
Antigua and Barbuda,ATG,2008,627.17096,20464.787,82912,0.052,-1.243
Antigua and Barbuda,ATG,2009,617.77527,17746.701,84173,0.052,-1.331
Antigua and Barbuda,ATG,2010,609.4702,16135.397,85320,0.052,-1.376
Antigua and Barbuda,ATG,2011,602.3259,15633.909,86332,0.052,-1.364
Antigua and Barbuda,ATG,2012,595.9202,15989.39,87260,0.052,-1.307
Antigua and Barbuda,ATG,2013,590.4797,15748.195,88064,0.052,-1.198
Antigua and Barbuda,ATG,2014,585.81647,15967.285,88765,0.052,-1.057
Antigua and Barbuda,ATG,2015,581.5969,16077.634,89409,0.052,-0.932
Antigua and Barbuda,ATG,2016,577.97687,16635.895,89969,0.052,-0.822
Antigua and Barbuda,ATG,2017,574.7889,16992.934,90468,0.052,-0.719
Antigua and Barbuda,ATG,2018,571.8936,18042.16,90926,0.052,-0.638
Antigua and Barbuda,ATG,2019,569.152,18525.26,91364,0.052,-0.576
Antigua and Barbuda,ATG,2020,566.1651,14950.895,91846,0.052,-0.536
Antigua and Barbuda,ATG,2021,563.08136,16084.722,92349,0.052,-0.521
Antigua and Barbuda,ATG,2022,560.1034,17456.873,92840,0.052,-0.516
Antigua and Barbuda,ATG,2023,,17789.406,93316,,
Antigua and Barbuda,ATG,2024,,18350.186,93772,,
Arab World,ARB,1990,540.7461,4290.8486,223184290,108.778,
Arab World,ARB,1991,528.2238,4163.6597,228402320,108.778,
Arab World,ARB,1992,514.57416,4324.8325,234321570,108.778,
Arab World,ARB,1993,500.1733,4343.344,240926200,108.778,
Arab World,ARB,1994,486.52274,4367.6133,247626510,108.778,
Arab World,ARB,1995,474.4322,4377.9414,253952540,108.778,-2.583
Arab World,ARB,1996,462.88986,4478.2285,260229120,108.778,-2.606
Arab World,ARB,1997,451.80087,4609.8926,266565180,108.778,-2.568
Arab World,ARB,1998,441.04816,4714.1045,273094200,108.778,-2.485
Arab World,ARB,1999,430.6692,4730.3755,279709630,108.778,-2.409
Arab World,ARB,2000,420.42838,4910.0825,286548100,108.778,-2.388
Arab World,ARB,2001,410.3847,4892.989,293580260,108.778,-2.379
Arab World,ARB,2002,400.71054,4835.5894,300691520,108.778,-2.371
Arab World,ARB,2003,391.4017,4926.5894,307815100,108.778,-2.36
Arab World,ARB,2004,382.34308,5250.084,315060300,108.778,-2.352
Arab World,ARB,2005,373.33798,5412.6494,322628450,108.778,-2.348
Arab World,ARB,2006,364.37405,5614.9116,330526300,108.778,-2.35
Arab World,ARB,2007,355.27023,5727.333,338947970,108.778,-2.378
Arab World,ARB,2008,346.35986,5894.4775,347684600,108.778,-2.415
Arab World,ARB,2009,338.01138,5787.827,356386700,108.778,-2.435
Arab World,ARB,2010,331.48447,5948.1294,363568540,108.778,-2.35
Arab World,ARB,2011,323.8268,6036.421,372054940,108.778,-2.332
Arab World,ARB,2012,295.9818,6218.0464,381030180,112.778,-3.586
Arab World,ARB,2013,288.4685,6220.6387,390954270,112.778,-3.592
Arab World,ARB,2014,281.78226,6238.0728,400231000,112.778,-3.573
Arab World,ARB,2015,274.94043,6290.5586,410190700,112.778,-3.671
Arab World,ARB,2016,268.64163,6366.049,419808350,112.778,-3.668
Arab World,ARB,2017,263.30566,6322.5264,428315870,112.778,-2.312
Arab World,ARB,2018,258.6663,6377.1206,435998050,112.778,-2.157
Arab World,ARB,2019,253.84367,6367.6045,444281300,112.778,-2.067
Arab World,ARB,2020,248.56122,5904.5713,453723230,112.778,-1.997
Arab World,ARB,2021,244.82542,6073.562,460646600,112.778,-1.84
Arab World,ARB,2022,240.11145,6351.572,471352060,,-1.827
Arab World,ARB,2023,,6311.4214,482106000,,
Arab World,ARB,2024,,6282.0327,492612640,,
Argentina,ARG,1990,8914.424,8115.0938,32755900,292,
Argentina,ARG,1991,8787.163,8729.823,33230294,292,
Argentina,ARG,1992,8666.354,9293.187,33693530,292,
Argentina,ARG,1993,8549.832,9920.674,34152716,292,
Argentina,ARG,1994,8436.017,10359.893,34613492,292,
Argentina,ARG,1995,8326.2,9934.107,35070020,292,-1.356
Argentina,ARG,1996,8222.157,10352.14,35513790,292,-1.32
Argentina,ARG,1997,8122.891,11056.688,35947790,292,-1.287
Argentina,ARG,1998,8027.964,11348.202,36372860,292,-1.252
Argentina,ARG,1999,7935.929,10838.32,36794680,292,-1.215
Argentina,ARG,2000,7846.5127,10631.65,37213984,292,-1.18
Argentina,ARG,2001,7760.8335,10051.945,37624824,292,-1.148
Argentina,ARG,2002,7678.2803,8861.562,38029348,292,-1.119
Argentina,ARG,2003,7599.3613,9545.532,38424280,292,-1.091
Argentina,ARG,2004,7522.6875,10302.446,38815916,292,-1.064
Argentina,ARG,2005,7445.7905,11099.751,39216788,292,-1.043
Argentina,ARG,2006,7369.6216,11870.279,39622116,292,-1.029
Argentina,ARG,2007,7296.942,12811.902,40016764,292,-1.014
Argentina,ARG,2008,7223.4053,13197.357,40424148,292,-1.01
Argentina,ARG,2009,7147.2573,12285.379,40854830,292,-1.019
Argentina,ARG,2010,7072.154,13387.155,41288696,292,-1.024
Argentina,ARG,2011,6997.2534,14040.619,41730660,292,-1.032
Argentina,ARG,2012,6925.7134,13754.426,42161720,292,-1.039
Argentina,ARG,2013,6857.284,13946.095,42582456,292,-1.035
Argentina,ARG,2014,6786.8984,13456.132,43024070,292,-1.029
Argentina,ARG,2015,6716.193,13679.627,43477012,292,-1.028
Argentina,ARG,2016,6651.433,13265.886,43900310,292,-1.009
Argentina,ARG,2017,6593.075,13520.113,44288896,292,-0.98
Argentina,ARG,2018,6539.0386,13058.328,44654880,292,-0.946
Argentina,ARG,2019,6492.7173,12706.397,44973464,292,-0.882
Argentina,ARG,2020,6461.3257,11393.051,45191964,292,-0.771
Argentina,ARG,2021,6444.169,12549.281,45312280,292,-0.631
Argentina,ARG,2022,6430.5986,13276.823,45407904,292,-0.498
Argentina,ARG,2023,,12993.093,45538400,,
Argentina,ARG,2024,,12774.351,45696160,,
Armenia,ARM,1990,,1644.0221,3552128,,
Armenia,ARM,1991,,1426.8279,3613977,,
Armenia,ARM,1992,1920.2875,840.20526,3571861,6.859,
Armenia,ARM,1993,1986.1976,792.5679,3453332,6.859,
Armenia,ARM,1994,2038.572,857.3945,3364610,6.859,
Armenia,ARM,1995,2073.721,932.35785,3307581,6.859,
Armenia,ARM,1996,2091.9653,995.7283,3278735,6.859,
Armenia,ARM,1997,2112.874,1039.0798,3246289,6.859,1.93
Armenia,ARM,1998,2137.825,1128.0989,3208401,6.859,1.482
Armenia,ARM,1999,2165.5764,1180.4534,3167286,6.859,1.216
Armenia,ARM,2000,2129.3967,1229.2151,3221100,6.859,0.531
Armenia,ARM,2001,2135.5625,1351.1207,3211800,6.859,0.413
Armenia,ARM,2002,2143.5715,1535.2046,3199800,6.859,0.289
Armenia,ARM,2003,2155.2239,1759.6469,3182500,6.859,0.162
Armenia,ARM,2004,2167.209,1955.2227,3164900,6.859,0.015
Armenia,ARM,2005,2179.9517,2240.0928,3146400,6.859,0.47
Armenia,ARM,2006,2193.406,2551.4355,3127100,6.859,0.536
Armenia,ARM,2007,2207.3115,2919.3735,3107400,6.859,0.588
Armenia,ARM,2008,2221.8264,3141.332,3087100,6.859,0.611
Armenia,ARM,2009,2237.1167,2716.9744,3066000,6.859,0.637
Armenia,ARM,2010,2252.693,2796.0815,3044800,6.859,0.659
Armenia,ARM,2011,2265.2664,2943.837,3027900,6.859,0.647
Armenia,ARM,2012,2268.1128,3159.7585,3024100,6.859,0.545
Armenia,ARM,2013,2269.689,3266.2988,3022000,6.859,0.427
Armenia,ARM,2014,2275.8643,3393.0925,3013800,6.859,0.344
Armenia,ARM,2015,2282.833,3512.3936,3004600,6.859,0.266
Armenia,ARM,2016,2292.2168,3533.885,2992300,6.859,0.237
Armenia,ARM,2017,2302.1414,3815.3748,2979400,6.859,0.298
Armenia,ARM,2018,2310.2056,4027.834,2969000,6.859,0.355
Armenia,ARM,2019,2315.2742,4343.4585,2962500,6.859,0.344
Armenia,ARM,2020,2316.0562,4032.0903,2961500,6.859,0.289
Armenia,ARM,2021,2315.4307,4264.8,2962300,6.859,0.202
Armenia,ARM,2022,2310.0498,4791.005,2969200,6.859,0.069
Armenia,ARM,2023,,5197.235,2964300,,
Armenia,ARM,2024,,5378.318,3033500,,
Aruba,ABW,1990,,24763.654,62753,,
Aruba,ABW,1991,,25460.363,65896,,
Aruba,ABW,1992,,25743.445,69005,,
Aruba,ABW,1993,,25870.154,73685,,
Aruba,ABW,1994,,26581.977,77595,,
Aruba,ABW,1995,,26504.186,79805,,
Aruba,ABW,1996,,25779.598,83021,,
Aruba,ABW,1997,,26547.416,86301,,
Aruba,ABW,1998,,26418.088,88451,,
Aruba,ABW,1999,,26384.81,89659,,
Aruba,ABW,2000,,28104.895,90588,,
Aruba,ABW,2001,,29007.738,91439,,
Aruba,ABW,2002,,28535.465,92074,,
Aruba,ABW,2003,,28525.809,93128,,
Aruba,ABW,2004,,29959.775,95138,,
Aruba,ABW,2005,,29081.707,97635,,
Aruba,ABW,2006,,28885.912,99405,,
Aruba,ABW,2007,,29556.838,100150,,
Aruba,ABW,2008,,29870.664,100917,,
Aruba,ABW,2009,,26204.06,101604,,
Aruba,ABW,2010,,25429.219,101838,,
Aruba,ABW,2011,,26093.055,102591,,
Aruba,ABW,2012,,25444.734,104110,,
Aruba,ABW,2013,,26680.14,105675,,
Aruba,ABW,2014,,26773.822,106807,,
Aruba,ABW,2015,,27458.22,107906,,
Aruba,ABW,2016,,27587.25,108727,,
Aruba,ABW,2017,,28548.89,108735,,
Aruba,ABW,2018,,29419.209,108908,,
Aruba,ABW,2019,,29699.18,109203,,
Aruba,ABW,2020,,22729.89,108587,,
Aruba,ABW,2021,,26292.918,107700,,
Aruba,ABW,2022,,29195.268,107310,,
Aruba,ABW,2023,,31430.936,107359,,
Aruba,ABW,2024,,33373.918,107995,,
Australia,AUS,1990,28830.725,36975.418,17065128,492,
Australia,AUS,1991,28465.574,36366.695,17284036,492,
Australia,AUS,1992,28148.65,36117.543,17478636,492,
Australia,AUS,1993,27899.367,37246.004,17634808,492,
Australia,AUS,1994,27631.96,38356.77,17805468,492,
Australia,AUS,1995,27325.922,39407.566,18004882,492,-1.066
Australia,AUS,1996,26996.23,40437.094,18224768,492,-1.054
Australia,AUS,1997,26705.695,41569.164,18423036,492,-1.047
Australia,AUS,1998,26440.832,43081.72,18607584,492,-1.068
Australia,AUS,1999,26153.152,44755.66,18812264,492,-1.094
Australia,AUS,2000,25855.543,45979.08,19028802,492,-1.1
Australia,AUS,2001,25525.688,46314.625,19274700,492,-1.114
Australia,AUS,2002,25236.969,47599.406,19495210,492,-1.125
Australia,AUS,2003,24948.357,48509.664,19720736,492,-1.155
Australia,AUS,2004,24683.031,50018.59,19932722,492,-1.15
Australia,AUS,2005,24384.389,50972.64,20176844,492,-1.165
Australia,AUS,2006,24057.543,51682.89,20450966,492,-1.178
Australia,AUS,2007,23622.477,52671.324,20827622,492,-1.314
Australia,AUS,2008,23153.814,53497.273,21249200,492,-1.482
Australia,AUS,2009,22681.535,53430.527,21691652,492,-1.677
Australia,AUS,2010,22331.408,53768.35,22031750,492,-1.744
Australia,AUS,2011,22023.254,54296.23,22340024,492,-1.751
Australia,AUS,2012,21642.104,55465.445,22733464,492,-1.736
Australia,AUS,2013,21272.797,55966.152,23128128,492,-1.68
Australia,AUS,2014,20957.854,56571.805,23475686,492,-1.568
Australia,AUS,2015,20658.385,56970.36,23815996,492,-1.545
Australia,AUS,2016,20338.22,57633,24190908,492,-1.579
Australia,AUS,2017,20006.027,57991.77,24592588,492,-1.56
Australia,AUS,2018,19708.967,58772.707,24963258,492,-1.516
Australia,AUS,2019,19419.908,59181.3,25334826,492,-1.513
Australia,AUS,2020,19181.85,58377.766,25649248,492,-1.472
Australia,AUS,2021,19154.842,59465.535,25685412,492,-1.192
Australia,AUS,2022,18909.46,61200.457,26018720,492,-1.121
Australia,AUS,2023,,61869.082,26659922,,
Australia,AUS,2024,,61480.67,27196812,,
Austria,AUT,1990,7163.464,31167.186,7677850,55,
Austria,AUT,1991,7092.2983,31919.557,7754891,55,
Austria,AUT,1992,7014.672,32231.121,7840709,55,
Austria,AUT,1993,6957.0645,32134.83,7905633,55,
Austria,AUT,1994,6930.3403,32780.344,7936118,55,
Austria,AUT,1995,6919.738,33603.43,7948278,55,-0.69
Austria,AUT,1996,6910.401,34301.656,7959017,55,-0.518
Austria,AUT,1997,6902.5747,34998.03,7968041,55,-0.322
Austria,AUT,1998,6895.005,36180.75,7976789,55,-0.179
Austria,AUT,1999,6881.603,37468.87,7992324,55,-0.141
Austria,AUT,2000,6865.0747,38571.086,8011566,55,-0.158
Austria,AUT,2001,6838.8457,38929.754,8042293,55,-0.208
Austria,AUT,2002,6805.282,39313.723,8081957,55,-0.284
Austria,AUT,2003,6772.2124,39569.29,8121423,55,-0.359
Austria,AUT,2004,6730.3267,40333.332,8171966,55,-0.444
Austria,AUT,2005,6684.631,40989.01,8227829,55,-0.531
Austria,AUT,2006,6651.637,42120.156,8268641,55,-0.554
Austria,AUT,2007,6630.111,43568.832,8295487,55,-0.52
Austria,AUT,2008,6609.3887,44063.863,8321496,55,-0.486
Austria,AUT,2009,6592.0977,42372.477,8343323,55,-0.414
Austria,AUT,2010,6576.2695,43035.406,8363404,55,-0.326
Austria,AUT,2011,6554.1396,44146.195,8391643,55,-0.295
Austria,AUT,2012,6524.3247,44221.46,8429991,55,-0.321
Austria,AUT,2013,6485.9844,43851.367,8479823,55,-0.376
Austria,AUT,2014,6435.491,43838.836,8546356,55,-0.48
Austria,AUT,2015,6363.753,43915.227,8642699,55,-0.655
Austria,AUT,2016,6295.306,44362.67,8736668,55,-0.803
Austria,AUT,2017,6251.729,45056.637,8797566,55,-0.85
Austria,AUT,2018,6221.353,45951.582,8840521,55,-0.83
Austria,AUT,2019,6193.7495,46550.562,8879920,55,-0.763
Austria,AUT,2020,6168.088,43428.7,8916864,55,-0.623
Austria,AUT,2021,6141.2734,45368.645,8955797,55,-0.494
Austria,AUT,2022,6082.825,47332.426,9041851,55,-0.546
Austria,AUT,2023,,46497.91,9131761,,
Austria,AUT,2024,,45958.824,9177982,,
Azerbaijan,AZE,1990,,2866.4106,7175200,,
Azerbaijan,AZE,1991,,2808.7275,7271300,,
Azerbaijan,AZE,1992,1099.2881,2141.34,7382050,8.115,
Azerbaijan,AZE,1993,1082.7507,1621.9181,7494800,8.115,
Azerbaijan,AZE,1994,1068.248,1284.9556,7596550,8.115,
Azerbaijan,AZE,1995,1055.9738,1120.3087,7684850,8.115,
Azerbaijan,AZE,1996,1045.3433,1123.448,7763000,8.115,
Azerbaijan,AZE,1997,1035.3076,1177.1969,7838250,8.115,-1.192
Azerbaijan,AZE,1998,1025.5276,1282.6841,7913000,8.115,-1.08
Azerbaijan,AZE,1999,1016.56696,1365.5658,7982750,8.115,-0.987
Azerbaijan,AZE,2000,1008.2499,1504.7311,8048600,8.115,-0.921
Azerbaijan,AZE,2001,1000.4685,1640.9366,8111200,8.115,-0.874
Azerbaijan,AZE,2002,993.03107,1782.4731,8171950,8.115,-0.83
Azerbaijan,AZE,2003,985.53577,1949.6061,8234100,8.115,-0.792
Azerbaijan,AZE,2004,976.94574,2111.4534,8306500,8.115,-0.792
Azerbaijan,AZE,2005,967.00964,2674.369,8391850,8.115,-0.832
Azerbaijan,AZE,2006,956.44434,3556.832,8484550,8.115,-0.896
Azerbaijan,AZE,2007,945.6609,4412.203,8581300,8.115,-0.973
Azerbaijan,AZE,2008,926.01044,4778.1245,8763400,8.115,-1.238
Azerbaijan,AZE,2009,906.9833,5118.434,8947243,8.115,-1.475
Azerbaijan,AZE,2010,896.25604,5300.1104,9054332,8.115,-1.508
Azerbaijan,AZE,2011,884.6536,5149.2065,9173082,8.115,-1.548
Azerbaijan,AZE,2012,872.9764,5193.175,9295784,8.115,-1.587
Azerbaijan,AZE,2013,861.7576,5425.9956,9416801,8.115,-1.428
Azerbaijan,AZE,2014,851.06793,5508.6025,9535079,8.115,-1.265
Azerbaijan,AZE,2015,840.99005,5500.5034,9649341,8.115,-1.265
Azerbaijan,AZE,2016,831.64136,5272.7183,9757812,8.115,-1.228
Azerbaijan,AZE,2017,823.5207,5229.2524,9854033,8.115,-1.16
Azerbaijan,AZE,2018,816.4172,5261.929,9939771,8.115,-1.075
Azerbaijan,AZE,2019,809.5342,5346.953,10024283,8.115,-0.996
Azerbaijan,AZE,2020,804.01294,5087.5,10093121,8.115,-0.895
Azerbaijan,AZE,2021,800.47345,5349.582,10137750,8.115,-0.761
Azerbaijan,AZE,2022,800.1573,5599.5854,10141756,8.115,-0.574
Azerbaijan,AZE,2023,,5668.6104,10153958,,
Azerbaijan,AZE,2024,,5871.1436,10202830,,
"Bahamas, The",BHS,1990,2536.7373,30995.482,275945,0.7,
"Bahamas, The",BHS,1991,2493.4902,29192.994,280731,0.7,
"Bahamas, The",BHS,1992,2448.1772,27565.979,285927,0.7,
"Bahamas, The",BHS,1993,2402.6992,27137.178,291339,0.7,
"Bahamas, The",BHS,1994,2360.8052,27503.635,296509,0.7,
"Bahamas, The",BHS,1995,2322.0251,28236.375,301461,0.7,-1.753
"Bahamas, The",BHS,1996,2285.5798,28967.049,306268,0.7,-1.726
"Bahamas, The",BHS,1997,2251.4988,28902.572,310904,0.7,-1.661
"Bahamas, The",BHS,1998,2219.6292,29837.438,315368,0.7,-1.573
"Bahamas, The",BHS,1999,2190.1418,31544.354,319614,0.7,-1.49
"Bahamas, The",BHS,2000,2161.5947,32424.727,323835,0.7,-1.422
"Bahamas, The",BHS,2001,2135.2139,32870.094,327836,0.7,-1.352
"Bahamas, The",BHS,2002,2110.888,33374.6,331614,0.7,-1.281
"Bahamas, The",BHS,2003,2085.7046,32559.312,335618,0.7,-1.237
"Bahamas, The",BHS,2004,2060.1445,32444.074,339782,0.7,-1.216
"Bahamas, The",BHS,2005,2035.511,33144.79,343894,0.7,-1.195
"Bahamas, The",BHS,2006,2009.329,33541.85,348375,0.7,-1.208
"Bahamas, The",BHS,2007,1981.1283,33549.336,353334,0.7,-1.261
"Bahamas, The",BHS,2008,1954.6521,32331.824,358120,0.7,-1.29
"Bahamas, The",BHS,2009,1929.3845,30581.334,362810,0.7,-1.303
"Bahamas, The",BHS,2010,1904.876,30657.432,367478,0.7,-1.318
"Bahamas, The",BHS,2011,1883.0923,30492.674,371729,0.7,-1.289
"Bahamas, The",BHS,2012,1864.335,31553.492,375469,0.7,-1.208
"Bahamas, The",BHS,2013,1847.1948,30368.264,378953,0.7,-1.125
"Bahamas, The",BHS,2014,1831.0323,30658.535,382298,0.7,-1.041
"Bahamas, The",BHS,2015,1816.5493,30719.406,385346,0.7,-0.945
"Bahamas, The",BHS,2016,1803.868,30152.162,388055,0.7,-0.856
"Bahamas, The",BHS,2017,1792.6425,30974.748,390485,0.7,-0.781
"Bahamas, The",BHS,2018,1782.454,31537.242,392717,0.7,-0.711
"Bahamas, The",BHS,2019,1773.6112,31117.63,394675,0.7,-0.635
"Bahamas, The",BHS,2020,1768.2886,24791.67,395863,0.7,-0.537
"Bahamas, The",BHS,2021,1766.0133,29114.06,396373,0.7,-0.423
"Bahamas, The",BHS,2022,1760.838,32186.457,397538,0.7,-0.357
"Bahamas, The",BHS,2023,,33009.645,399440,,
"Bahamas, The",BHS,2024,,33968.203,401283,,
Bahrain,BHR,1990,7.770053,18345.838,514797,0.004,
Bahrain,BHR,1991,7.951464,20882.506,503052,0.004,
Bahrain,BHR,1992,7.7450633,21701.223,516458,0.004,
Bahrain,BHR,1993,7.5439672,23858.193,530225,0.004,
Bahrain,BHR,1994,7.3479977,23180.332,544366,0.004,
Bahrain,BHR,1995,7.157184,23465.713,558879,0.004,-1.63
Bahrain,BHR,1996,6.971167,23795.209,573792,0.004,-2.597
Bahrain,BHR,1997,6.789846,23893.133,589115,0.004,-2.598
Bahrain,BHR,1998,6.6132975,24386.592,604842,0.004,-2.599
Bahrain,BHR,1999,6.441338,24773.846,620989,0.004,-2.599
Bahrain,BHR,2000,6.2737026,25407.969,637582,0.004,-2.601
Bahrain,BHR,2001,6.048546,25106.287,661316,0.004,-2.799
Bahrain,BHR,2002,5.6294184,24149.016,710553,0.004,-3.679
Bahrain,BHR,2003,5.2320614,23857.64,764517,0.004,-4.577
Bahrain,BHR,2004,4.855895,23688.111,823741,0.004,-5.494
Bahrain,BHR,2005,4.5003386,23439.67,888822,0.004,-6.428
Bahrain,BHR,2006,4.1648273,23095.018,960424,0.004,-7.191
Bahrain,BHR,2007,3.8487628,23112.488,1039295,0.004,-7.323
Bahrain,BHR,2008,3.6248431,23127.215,1103496,0.004,-7.077
Bahrain,BHR,2009,3.3943899,22206.938,1178415,0.004,-6.911
Bahrain,BHR,2010,3.2558892,22224.074,1228543,0.004,-6.269
Bahrain,BHR,2011,3.3472242,23288.045,1195020,0.004,-4.277
Bahrain,BHR,2012,3.308618,23894.88,1208964,0.004,-2.979
Bahrain,BHR,2013,3.1918519,24271.627,1253191,0.004,-2.512
Bahrain,BHR,2014,3.0428386,24135.5,1314562,0.004,-2.163
Bahrain,BHR,2015,2.9190218,23734.055,1370322,0.004,-2.161
Bahrain,BHR,2016,2.8095293,23715.28,1423726,0.004,-3.442
Bahrain,BHR,2017,2.664684,23606.887,1501116,0.004,-4.237
Bahrain,BHR,2018,2.6611829,24059.783,1503091,0.004,-3.571
Bahrain,BHR,2019,2.695861,24873.664,1483756,0.004,-2.392
Bahrain,BHR,2020,2.7170148,23586.932,1472204,0.004,-1.424
Bahrain,BHR,2021,2.658929,24086.785,1504365,0.004,-1.096
Bahrain,BHR,2022,2.623479,25234.402,1524693,0.004,-0.311
Bahrain,BHR,2023,,25342.623,1577059,,
Bahrain,BHR,2024,,25812.451,1588670,,
Bangladesh,BGD,1990,940.57605,473.44482,111633720,105,
Bangladesh,BGD,1991,922.7759,480.67337,113787110,105,
Bangladesh,BGD,1992,905.5456,497.3712,115952190,105,
Bangladesh,BGD,1993,888.8335,511.1935,118132360,105,
Bangladesh,BGD,1994,872.50476,521.3231,120343176,105,
Bangladesh,BGD,1995,856.44116,537.93195,122600370,105,-1.857
Bangladesh,BGD,1996,840.9272,552.0771,124862180,105,-1.84
Bangladesh,BGD,1997,825.48425,566.2711,127198070,105,-1.834
Bangladesh,BGD,1998,810.0456,584.4482,129622340,105,-1.839
Bangladesh,BGD,1999,794.80383,600.2323,132108060,105,-1.848
Bangladesh,BGD,2000,780.4121,620.5605,134544300,105,-1.842
Bangladesh,BGD,2001,767.5113,641.28894,136805810,105,-1.81
Bangladesh,BGD,2002,755.7564,655.6721,138933660,105,-1.75
Bangladesh,BGD,2003,744.83746,676.82623,140970350,105,-1.664
Bangladesh,BGD,2004,734.7649,702.6564,142902850,105,-1.559
Bangladesh,BGD,2005,725.5601,739.20374,144715790,105,-1.447
Bangladesh,BGD,2006,717.18384,779.41956,146405970,105,-1.347
Bangladesh,BGD,2007,709.51086,825.50824,147989280,105,-1.255
Bangladesh,BGD,2008,702.46204,866.4581,149474270,105,-1.165
Bangladesh,BGD,2009,695.9463,901.7296,150873710,105,-1.08
Bangladesh,BGD,2010,689.87274,943.66425,152201980,105,-1.004
Bangladesh,BGD,2011,683.6335,995.57996,153591070,105,-0.954
Bangladesh,BGD,2012,677.1131,1050.3914,155070100,105,-0.93
Bangladesh,BGD,2013,670.78876,1103.157,156532140,105,-0.918
Bangladesh,BGD,2014,664.7045,1159.4076,157964930,105,-0.914
Bangladesh,BGD,2015,658.78973,1224.3865,159383180,105,-0.918
Bangladesh,BGD,2016,652.93665,1299.8309,160811940,105,-0.915
Bangladesh,BGD,2017,647.40424,1373.7537,162186140,105,-0.893
Bangladesh,BGD,2018,642.1111,1462.2505,163523100,105,-0.87
Bangladesh,BGD,2019,636.69916,1564.208,164913060,105,-0.857
Bangladesh,BGD,2020,631.39655,1604.6659,166298020,105,-0.846
Bangladesh,BGD,2021,626.2717,1702.0803,167658850,105,-0.83
Bangladesh,BGD,2022,619.88995,1804.3494,169384900,105,-0.865
Bangladesh,BGD,2023,,1885.3773,171466990,,
Bangladesh,BGD,2024,,1941.2787,173562370,,
Barbados,BRB,1990,309.3796,19382.87,258582,0.08,
Barbados,BRB,1991,308.43613,18570.148,259373,0.08,
Barbados,BRB,1992,307.37665,17452.883,260267,0.08,
Barbados,BRB,1993,306.48172,17540.078,261027,0.08,
Barbados,BRB,1994,305.78702,17852.215,261620,0.08,
Barbados,BRB,1995,305.29807,18182.637,262039,0.08,-0.265
Barbados,BRB,1996,305.01288,18888.006,262284,0.08,-0.223
Barbados,BRB,1997,304.88733,19775.174,262392,0.08,-0.163
Barbados,BRB,1998,304.8362,20509.045,262436,0.08,-0.108
Barbados,BRB,1999,304.74216,20571.33,262517,0.08,-0.068
Barbados,BRB,2000,305.2701,21523.398,262063,0.08,-0.002
Barbados,BRB,2001,304.849,20985.283,262425,0.08,-0.011
Barbados,BRB,2002,302.8605,21012.559,264148,0.08,-0.133
Barbados,BRB,2003,301.00537,21338.172,265776,0.08,-0.253
Barbados,BRB,2004,299.2914,21516.166,267298,0.08,-0.36
Barbados,BRB,2005,297.72318,22250.027,268706,0.08,-0.499
Barbados,BRB,2006,296.2941,23487.441,270002,0.08,-0.568
Barbados,BRB,2007,294.88956,23862.135,271288,0.08,-0.532
Barbados,BRB,2008,293.3476,23887.729,272714,0.08,-0.514
Barbados,BRB,2009,291.83978,22572.592,274123,0.08,-0.503
Barbados,BRB,2010,290.65225,21982.184,275243,0.08,-0.48
Barbados,BRB,2011,289.70917,21842.863,276139,0.08,-0.448
Barbados,BRB,2012,288.87332,21036.3,276938,0.08,-0.411
Barbados,BRB,2013,288.11697,20609.607,277665,0.08,-0.359
Barbados,BRB,2014,287.41,20713.768,278348,0.08,-0.305
Barbados,BRB,2015,286.74863,20424.209,278990,0.08,-0.27
Barbados,BRB,2016,286.1251,20684.78,279598,0.08,-0.249
Barbados,BRB,2017,285.53992,20788.705,280171,0.08,-0.232
Barbados,BRB,2018,284.9906,20483.955,280711,0.08,-0.218
Barbados,BRB,2019,284.48795,20494.387,281207,0.08,-0.204
Barbados,BRB,2020,283.99207,17519.838,281698,0.08,-0.193
Barbados,BRB,2021,283.54013,17475.027,282147,0.08,-0.181
Barbados,BRB,2022,283.3684,20472.95,282318,0.08,-0.153
Barbados,BRB,2023,,21068.262,282336,,
Barbados,BRB,2024,,21581.217,282467,,
Belarus,BLR,1990,,2888.813,10189348,,
Belarus,BLR,1991,,2852.8308,10194050,,
Belarus,BLR,1992,3327.9597,2573.2996,10216470,34,
Belarus,BLR,1993,3320.6206,2372.485,10239050,34,
Belarus,BLR,1994,3324.5476,2097.3818,10226955,34,
Belarus,BLR,1995,3335.3506,1885.3606,10193831,34,
Belarus,BLR,1996,3346.5986,1944.687,10159569,34,
Belarus,BLR,1997,3360.5361,2175.4038,10117433,34,0.195
Belarus,BLR,1998,3375.7073,2368.7832,10071963,34,0.33
Belarus,BLR,1999,3390.9333,2460.3694,10026738,34,0.396
Belarus,BLR,2000,3406.9468,2615.3638,9979610,34,0.426
Belarus,BLR,2001,3424.4683,2753.0337,9928549,34,0.461
Belarus,BLR,2002,3446.3367,2910.3994,9865548,34,0.505
Belarus,BLR,2003,3470.539,3137.2627,9796749,34,0.556
Belarus,BLR,2004,3494.295,3520.4045,9730146,34,0.602
Belarus,BLR,2005,3518.243,3877.7173,9663915,34,0.645
Belarus,BLR,2006,3539.851,4291.6865,9604924,34,0.665
Belarus,BLR,2007,3556.1309,4682.2065,9560953,34,0.629
Belarus,BLR,2008,3568.4355,5177.6455,9527985,34,0.558
Belarus,BLR,2009,3577.2217,5200.7744,9504583,34,0.47
Belarus,BLR,2010,3585.047,5616.094,9483836,34,0.377
Belarus,BLR,2011,3593.4563,5941.69,9461643,34,0.301
Belarus,BLR,2012,3599.0886,6052.637,9446836,34,0.24
Belarus,BLR,2013,3600.4702,6115.433,9443211,34,0.179
Belarus,BLR,2014,3598.449,6212.9165,9448515,34,0.118
Belarus,BLR,2015,3593.6716,5967.056,9461076,34,0.048
Belarus,BLR,2016,3590.5205,5811.2017,9469379,34,-0.016
Belarus,BLR,2017,3594.4646,5964.8965,9458989,34,-0.026
Belarus,BLR,2018,3602.1584,6165.913,9438785,34,0.009
Belarus,BLR,2019,3609.4346,6267.735,9419758,34,0.061
Belarus,BLR,2020,3624.752,6251.989,9379952,34,0.172
Belarus,BLR,2021,3654.8982,6457.7305,9302585,34,0.356
Belarus,BLR,2022,3684.4104,6206.619,9228071,34,0.496
Belarus,BLR,2023,,6497.7847,9178298,,
Belarus,BLR,2024,,6792.132,9132629,,
Belgium,BEL,1990,1203.9274,29609.621,9967379,12,
Belgium,BEL,1991,1199.4619,30040.55,10004486,12,
Belgium,BEL,1992,1194.6053,30376.875,10045158,12,
Belgium,BEL,1993,1189.9479,29967.395,10084475,12,
Belgium,BEL,1994,1186.2861,30839.242,10115603,12,
Belgium,BEL,1995,1183.8042,31508.623,10136811,12,-0.337
Belgium,BEL,1996,1181.4934,31862.67,10156637,12,-0.301
Belgium,BEL,1997,1178.6378,32991.5,10181245,12,-0.269
Belgium,BEL,1998,1176.1238,33566.99,10203008,12,-0.233
Belgium,BEL,1999,1173.4313,34676.605,10226419,12,-0.218
Belgium,BEL,2000,1170.589,35878.316,10251250,12,-0.224
Belgium,BEL,2001,1166.5696,36148.29,10286570,12,-0.254
Belgium,BEL,2002,1161.3519,36600.863,10332785,12,-0.295
Belgium,BEL,2003,1156.5002,36826.27,10376133,12,-0.336
Belgium,BEL,2004,1151.5059,37976.7,10421137,12,-0.377
Belgium,BEL,2005,1145.1893,38645.26,10478617,12,-0.438
Belgium,BEL,2006,1137.661,39371.086,10547958,12,-0.501
Belgium,BEL,2007,1129.3374,40520.086,10625700,12,-0.558
Belgium,BEL,2008,1120.451,40380.906,10709973,12,-0.631
Belgium,BEL,2009,1111.472,39293.637,10796493,12,-0.705
Belgium,BEL,2010,1101.3634,39991.566,10895586,12,-0.777
Belgium,BEL,2011,1087.1274,40236.96,11038264,12,-0.905
Belgium,BEL,2012,1080.4064,40074.492,11106932,12,-0.882
Belgium,BEL,2013,1075.3259,40007.9,11159407,12,-0.819
Belgium,BEL,2014,1070.5629,40533.914,11209057,12,-0.747
Belgium,BEL,2015,1064.3774,40893.805,11274196,12,-0.681
Belgium,BEL,2016,1059.0021,41172.887,11331422,12,-0.523
Belgium,BEL,2017,1054.9304,41619.33,11375158,12,-0.476
Belgium,BEL,2018,1050.1394,42208.363,11427054,12,-0.473
Belgium,BEL,2019,1044.4791,43006.402,11488980,12,-0.492
Belgium,BEL,2020,1039.9872,40769.023,11538604,12,-0.463
Belgium,BEL,2021,1035.7153,43140.97,11586195,12,-0.444
Belgium,BEL,2022,1027.3788,44486.742,11680210,12,-0.528
Belgium,BEL,2023,,44866.195,11779946,,
Belgium,BEL,2024,,45045.66,11858610,,
Belize,BLZ,1990,83353.36,4112.595,183076,15.26,
Belize,BLZ,1991,81586.83,4499.5796,187040,15.26,
Belize,BLZ,1992,79902.4,4967.9272,190983,15.26,
Belize,BLZ,1993,78295.76,5166.8286,194902,15.26,
Belize,BLZ,1994,76646.055,5056.952,199097,15.26,
Belize,BLZ,1995,74750.42,4967.9614,204146,15.26,-2.155
Belize,BLZ,1996,72559.555,4875.6567,210310,15.26,-2.318
Belize,BLZ,1997,70178.34,4915.3403,217446,15.26,-2.562
Belize,BLZ,1998,67770.12,4931.455,225173,15.26,-2.846
Belize,BLZ,1999,65476.98,5213.5664,233059,15.26,-3.101
Belize,BLZ,2000,63372.355,5663.6465,240799,15.26,-3.249
Belize,BLZ,2001,61438.367,5764.9907,248379,15.26,-3.273
Belize,BLZ,2002,59607.28,5895.1523,256009,15.26,-3.213
Belize,BLZ,2003,57851.24,6274.474,263780,15.26,-3.115
Belize,BLZ,2004,56167.367,6383.074,271688,15.26,-3.021
Belize,BLZ,2005,54552.41,6337.124,279731,15.26,-2.953
Belize,BLZ,2006,53008.566,6435.588,287878,15.26,-2.908
Belize,BLZ,2007,51536.645,6465.829,296100,15.26,-2.868
Belize,BLZ,2008,50137.83,6187.959,304361,15.26,-2.821
Belize,BLZ,2009,48814.19,5997.6846,312614,15.26,-2.767
Belize,BLZ,2010,47651.016,5937.754,320245,15.26,-2.669
Belize,BLZ,2011,46624.176,5802.2437,327298,15.26,-2.534
Belize,BLZ,2012,45632.062,5902.742,334414,15.26,-2.404
Belize,BLZ,2013,44668.6,6013.0786,341627,15.26,-2.284
Belize,BLZ,2014,43734.58,6116.4956,348923,15.26,-2.174
Belize,BLZ,2015,42825.11,6154.6226,356333,15.26,-2.113
Belize,BLZ,2016,41842.035,6012.213,364705,15.26,-2.141
Belize,BLZ,2017,40889.383,5767.619,373202,15.26,-2.171
Belize,BLZ,2018,40134.027,5707.611,380226,15.26,-2.118
Belize,BLZ,2019,39551.2,5864.146,385829,15.26,-1.991
Belize,BLZ,2020,39046.906,5006.4844,390812,15.26,-1.83
Belize,BLZ,2021,38599.1,5839.4014,395346,15.26,-1.601
Belize,BLZ,2022,37891.11,6262.561,402733,15.26,-1.512
Belize,BLZ,2023,,6165.6943,411106,,
Belize,BLZ,2024,,6290.493,417072,,
Benin,BEN,1990,1950.2113,749.45966,5281479,10.3,
Benin,BEN,1991,1890.9728,757.40314,5446932,10.3,
Benin,BEN,1992,1833.4436,756.0809,5617844,10.3,
Benin,BEN,1993,1753.8763,765.4799,5872706,10.3,
Benin,BEN,1994,1689.4923,752.2775,6096506,10.3,
Benin,BEN,1995,1654.1473,781.06476,6226773,10.3,-3.239
Benin,BEN,1996,1611.425,793.79504,6391858,10.3,-3.149
Benin,BEN,1997,1564.5494,814.90137,6583365,10.3,-3.122
Benin,BEN,1998,1517.0508,821.45996,6789489,10.3,-2.86
Benin,BEN,1999,1470.8364,838.9768,7002818,10.3,-2.734
Benin,BEN,2000,1426.273,861.2133,7221619,10.3,-2.921
Benin,BEN,2001,1383.368,879.8545,7445596,10.3,-3.006
Benin,BEN,2002,1341.9451,893.1371,7675426,10.3,-3.023
Benin,BEN,2003,1301.644,896.1468,7913070,10.3,-3.016
Benin,BEN,2004,1262.395,907.62445,8159094,10.3,-3.01
Benin,BEN,2005,1222.386,893.91534,8426144,10.3,-3.038
Benin,BEN,2006,1184.8284,900.62054,8693242,10.3,-3.051
Benin,BEN,2007,1150.3279,926.7401,8953969,10.3,-3.034
Benin,BEN,2008,1116.1118,943.20337,9228466,10.3,-3.029
Benin,BEN,2009,1083.1361,936.5657,9509423,10.3,-3.017
Benin,BEN,2010,1051.2903,928.24664,9797484,10.3,-2.971
Benin,BEN,2011,1020.4463,927.71643,10093623,10.3,-2.943
Benin,BEN,2012,990.6078,943.91876,10397657,10.3,-2.945
Benin,BEN,2013,961.82275,982.39923,10708834,10.3,-2.932
Benin,BEN,2014,933.8165,1014.433,11030004,10.3,-2.923
Benin,BEN,2015,906.6358,1002.4189,11360681,10.3,-2.917
Benin,BEN,2016,880.5043,1006.03925,11697842,10.3,-2.907
Benin,BEN,2017,855.4974,1032.9047,12039780,10.3,-2.89
Benin,BEN,2018,831.7622,1071.5045,12383347,10.3,-2.864
Benin,BEN,2019,809.31866,1114.1731,12726755,10.3,-2.821
Benin,BEN,2020,788.0541,1126.654,13070169,10.3,-2.765
Benin,BEN,2021,767.8879,1176.3773,13413417,10.3,-2.7
Benin,BEN,2022,748.57367,1218.4967,13759501,10.3,-2.635
Benin,BEN,2023,,1263.6216,14111034,,
Benin,BEN,2024,,1324.7831,14462724,,
Bermuda,BMU,1990,,89089.734,57559,,
Bermuda,BMU,1991,,85311.05,57984,,
Bermuda,BMU,1992,,84642.61,58407,,
Bermuda,BMU,1993,,86582.836,58816,,
Bermuda,BMU,1994,,86545.78,59194,,
Bermuda,BMU,1995,,89849.125,59526,,
Bermuda,BMU,1996,,91743.3,59813,,
Bermuda,BMU,1997,,95383.02,60177,,
Bermuda,BMU,1998,,98347.91,60639,,
Bermuda,BMU,1999,,100867.914,61124,,
Bermuda,BMU,2000,,109502.766,61550,,
Bermuda,BMU,2001,,116809.92,61867,,
Bermuda,BMU,2002,,114574.44,62142,,
Bermuda,BMU,2003,,118018.83,62386,,
Bermuda,BMU,2004,,120432.12,62555,,
Bermuda,BMU,2005,,122143.8,62711,,
Bermuda,BMU,2006,,128662.93,62834,,
Bermuda,BMU,2007,,132595.48,63010,,
Bermuda,BMU,2008,,129525.18,63300,,
Bermuda,BMU,2009,,121727.586,63565,,
Bermuda,BMU,2010,,118382.91,63725,,
Bermuda,BMU,2011,,113937.836,63733,,
Bermuda,BMU,2012,,108040.58,63646,,
Bermuda,BMU,2013,,107860.4,63574,,
Bermuda,BMU,2014,,103941.984,63529,,
Bermuda,BMU,2015,,104855.37,63464,,
Bermuda,BMU,2016,,104190.875,63449,,
Bermuda,BMU,2017,,107734.61,63578,,
Bermuda,BMU,2018,,106843.164,63831,,
Bermuda,BMU,2019,,106709.88,64107,,
Bermuda,BMU,2020,,98999.51,64382,,
Bermuda,BMU,2021,,103134.73,64648,,
Bermuda,BMU,2022,,109642.67,64749,,
Bermuda,BMU,2023,,115124.72,64698,,
Bermuda,BMU,2024,,122117.6,64636,,
Bhutan,BTN,1990,161211.77,812.6713,589287,95,
Bhutan,BTN,1991,158390.36,795.19183,599784,95,
Bhutan,BTN,1992,164424.16,863.46387,577774,95,
Bhutan,BTN,1993,171272.08,917.2913,554673,95,
Bhutan,BTN,1994,146078.34,963.0166,554497,81,
Bhutan,BTN,1995,147813.19,1043.3875,547989,81,-1.72
Bhutan,BTN,1996,147599.06,1099.8582,548784,81,-1.401
Bhutan,BTN,1997,144980.19,1138.3992,558697,81,-2.486
Bhutan,BTN,1998,142246.27,1182.9878,569435,81,-3.646
Bhutan,BTN,1999,139036.94,1248.616,582579,81,-0.983
Bhutan,BTN,2000,135709.53,1259.6238,596863,81,-1.694
Bhutan,BTN,2001,132614.27,1321.0988,610794,81,-2.118
Bhutan,BTN,2002,129722.664,1427.257,624409,81,-2.199
Bhutan,BTN,2003,127026.34,1506.4153,637663,81,-2.238
Bhutan,BTN,2004,119899.66,1552.7391,650544,78,-2.918
Bhutan,BTN,2005,117848.805,1632.0217,661865,78,-2.783
Bhutan,BTN,2006,116279.24,1701.1188,670799,78,-2.595
Bhutan,BTN,2007,114935.586,1952.2573,678641,78,-2.391
Bhutan,BTN,2008,113644.48,2017.7601,686351,78,-2.202
Bhutan,BTN,2009,112393.875,2148.5647,693988,78,-1.285
Bhutan,BTN,2010,111169.39,2378.728,701632,78,-1.16
Bhutan,BTN,2011,109955.64,2552.4888,709377,78,-1.112
Bhutan,BTN,2012,108744.3,2654.748,717279,78,-1.101
Bhutan,BTN,2013,107545.71,2671.0747,725273,78,-1.097
Bhutan,BTN,2014,106391.83,2797.8188,733139,78,-1.092
Bhutan,BTN,2015,105317.45,2954.0408,740618,78,-1.076
Bhutan,BTN,2016,104296.76,3173.3677,747866,78,-1.051
Bhutan,BTN,2017,103402.336,3211.809,754335,78,-1.002
Bhutan,BTN,2018,102664.13,3300.55,759759,78,-0.925
Bhutan,BTN,2019,101984.25,3467.386,764824,78,-0.843
Bhutan,BTN,2020,101297.914,3092.1243,770006,78,-0.775
Bhutan,BTN,2021,100587.8,3206.2036,775442,78,-0.722
Bhutan,BTN,2022,99882.96,3349.7332,780914,78,-0.69
Bhutan,BTN,2023,,3480.514,786385,,
Bhutan,BTN,2024,,,791524,,
Bolivia,BOL,1990,42565.773,1679.4084,7130142,303.5,
Bolivia,BOL,1991,41687.906,1731.3951,7280289,303.5,
Bolivia,BOL,1992,40846.066,1724.3634,7430336,303.5,
Bolivia,BOL,1993,40043.832,1762.6683,7579195,303.5,
Bolivia,BOL,1994,39276.22,1809.5707,7727322,303.5,
Bolivia,BOL,1995,38541.27,1858.7819,7874676,303.5,-1.967
Bolivia,BOL,1996,37834.703,1904.287,8021736,303.5,-1.921
Bolivia,BOL,1997,37157.652,1962.864,8167900,303.5,-1.875
Bolivia,BOL,1998,36507.35,2025.5033,8313394,303.5,-1.832
Bolivia,BOL,1999,35875.527,1998.9453,8459806,303.5,-1.795
Bolivia,BOL,2000,35264.758,2014.1903,8606326,303.5,-1.761
Bolivia,BOL,2001,34674.87,2013.8458,8752736,303.5,-1.729
Bolivia,BOL,2002,34099.76,2029.6699,8900355,303.5,-1.703
Bolivia,BOL,2003,33533.316,2050.0713,9050700,303.5,-1.685
Bolivia,BOL,2004,32973.766,2099.9907,9204287,303.5,-1.673
Bolivia,BOL,2005,32422.602,2156.1868,9360754,303.5,-1.667
Bolivia,BOL,2006,31874.598,2221.4272,9521689,303.5,-1.67
Bolivia,BOL,2007,31334.014,2283.4272,9685960,303.5,-1.677
Bolivia,BOL,2008,30809.5,2383.2502,9850858,303.5,-1.68
Bolivia,BOL,2009,30300.686,2422.5757,10016275,303.5,-1.677
Bolivia,BOL,2010,29806.494,2481.407,10182345,303.5,-1.669
Bolivia,BOL,2011,29326.707,2568.5205,10348929,303.5,-1.652
Bolivia,BOL,2012,28861.312,2657.2388,10515807,303.5,-1.631
Bolivia,BOL,2013,28410.666,2793.5146,10682608,303.5,-1.608
Bolivia,BOL,2014,27975.217,2900.9023,10848888,303.5,-1.584
Bolivia,BOL,2015,27554.074,2996.013,11014705,303.5,-1.559
Bolivia,BOL,2016,27146.643,3077.5706,11180020,303.5,-1.533
Bolivia,BOL,2017,26752.848,3160.1643,11344587,303.5,-1.506
Bolivia,BOL,2018,26372.115,3204.5366,11508368,303.5,-1.478
Bolivia,BOL,2019,26003.768,3207.387,11671386,303.5,-1.451
Bolivia,BOL,2020,25684.861,2765.0928,11816299,303.5,-1.395
Bolivia,BOL,2021,25424.383,3011.551,11937360,303.5,-1.302
Bolivia,BOL,2022,25130.092,3088.2412,12077154,303.5,-1.244
Bolivia,BOL,2023,,3122.7705,12244159,,
Bolivia,BOL,2024,,3045.6147,12413315,,
Bosnia and Herzegovina,BIH,1990,,791.444,4448652,,
Bosnia and Herzegovina,BIH,1991,,715.9001,4458343,,
Bosnia and Herzegovina,BIH,1992,8383.287,705.20667,4234616,35.5,
Bosnia and Herzegovina,BIH,1993,9092.115,748.15,3904482,35.5,
Bosnia and Herzegovina,BIH,1994,9529.147,871.3985,3725412,35.5,
Bosnia and Herzegovina,BIH,1995,9554.404,1013.2244,3715564,35.5,
Bosnia and Herzegovina,BIH,1996,9160.709,1498.006,3875246,35.5,
Bosnia and Herzegovina,BIH,1997,8834.742,1974.0574,4018227,35.5,1.055
Bosnia and Herzegovina,BIH,1998,8681.073,2262.0327,4089356,35.5,-0.921
Bosnia and Herzegovina,BIH,1999,8595.007,2452.8518,4130305,35.5,-2.042
Bosnia and Herzegovina,BIH,2000,8534.124,2567.3413,4159771,35.5,-2.233
Bosnia and Herzegovina,BIH,2001,8493.965,2617.1824,4179438,35.5,-1.5
Bosnia and Herzegovina,BIH,2002,8476.596,2743.1387,4188002,35.5,-0.824
Bosnia and Herzegovina,BIH,2003,8495.825,2855.683,4178523,35.5,-0.43
Bosnia and Herzegovina,BIH,2004,8572.835,3063.8354,4140987,35.5,-0.052
Bosnia and Herzegovina,BIH,2005,8665.949,3217.8135,4096493,35.5,0.307
Bosnia and Herzegovina,BIH,2006,8736.802,3419.7588,4063272,35.5,0.565
Bosnia and Herzegovina,BIH,2007,8845.315,3665.0896,4013424,35.5,0.855
Bosnia and Herzegovina,BIH,2008,8992.934,3929.033,3947544,35.5,1.144
Bosnia and Herzegovina,BIH,2009,9149.971,3877.5354,3879794,35.5,1.312
Bosnia and Herzegovina,BIH,2010,9313.987,3981.21,3811472,35.5,1.453
Bosnia and Herzegovina,BIH,2011,9487.418,4094.2532,3741798,35.5,1.662
Bosnia and Herzegovina,BIH,2012,9672.727,4139.9175,3670113,35.5,1.805
Bosnia and Herzegovina,BIH,2013,9831.456,4306.732,3610859,35.5,1.799
Bosnia and Herzegovina,BIH,2014,9958.402,4412.6763,3564829,35.5,1.708
Bosnia and Herzegovina,BIH,2015,10089.409,4662.259,3518541,35.5,1.612
Bosnia and Herzegovina,BIH,2016,10221.701,4876.5347,3473003,35.5,1.502
Bosnia and Herzegovina,BIH,2017,10353.833,5099.816,3428682,35.5,1.37
Bosnia and Herzegovina,BIH,2018,10481.252,5360.252,3387000,35.5,1.288
Bosnia and Herzegovina,BIH,2019,10611.164,5583.2974,3345533,35.5,1.278
Bosnia and Herzegovina,BIH,2020,10759.698,5490.754,3299349,35.5,1.295
Bosnia and Herzegovina,BIH,2021,10940.221,5995.542,3244907,35.5,1.368
Bosnia and Herzegovina,BIH,2022,11077.127,6327.162,3204802,35.5,1.36
Bosnia and Herzegovina,BIH,2023,,6493.324,3185073,,
Bosnia and Herzegovina,BIH,2024,,6730.268,3164253,,
Botswana,BWA,1990,1838.1001,4039.4653,1305696,2.4,
Botswana,BWA,1991,1788.7008,4224.0986,1341756,2.4,
Botswana,BWA,1992,1739.0889,4226.74,1380033,2.4,
Botswana,BWA,1993,1690.004,4186.1455,1420115,2.4,
Botswana,BWA,1994,1643.8097,4219.441,1460023,2.4,
Botswana,BWA,1995,1601.2426,4399.1387,1498836,2.4,-2.721
Botswana,BWA,1996,1562.5875,4543.2104,1535914,2.4,-2.667
Botswana,BWA,1997,1527.0177,4809.444,1571691,2.4,-2.567
Botswana,BWA,1998,1493.5599,4724.9365,1606899,2.4,-2.441
Botswana,BWA,1999,1461.6348,5070.9478,1641997,2.4,-2.322
Botswana,BWA,2000,1430.8011,5062.643,1677382,2.4,-2.226
Botswana,BWA,2001,1401.6613,4971.964,1712254,2.4,-2.15
Botswana,BWA,2002,1375.545,5175.4766,1744763,2.4,-2.068
Botswana,BWA,2003,1351.5522,5320.4404,1775736,2.4,-1.978
Botswana,BWA,2004,1328.0609,5369.4253,1807146,2.4,-1.898
Botswana,BWA,2005,1304.435,5514.2173,1839877,2.4,-1.832
Botswana,BWA,2006,1280.3304,5865.0005,1874516,2.4,-1.795
Botswana,BWA,2007,1255.7549,6085.6353,1911201,2.4,-1.806
Botswana,BWA,2008,1230.7882,6158.616,1949970,2.4,-1.855
Botswana,BWA,2009,1205.6224,5179.414,1990673,2.4,-1.916
Botswana,BWA,2010,1180.4569,5584.5034,2033111,2.4,-1.978
Botswana,BWA,2011,1157.4437,5850.0786,2073535,2.4,-1.998
Botswana,BWA,2012,1138.1868,5742.9194,2108617,2.4,-1.947
Botswana,BWA,2013,1121.1381,6284.9766,2140682,2.4,-1.849
Botswana,BWA,2014,1104.95,6547.1226,2172044,2.4,-1.729
Botswana,BWA,2015,1089.2886,6141.204,2203273,2.4,-1.595
Botswana,BWA,2016,1073.9331,6490.8345,2234776,2.4,-1.487
Botswana,BWA,2017,1058.786,6662.5767,2266747,2.4,-1.436
Botswana,BWA,2018,1043.8682,6843.846,2299141,2.4,-1.418
Botswana,BWA,2019,1029.1229,6951.732,2332083,2.4,-1.412
Botswana,BWA,2020,1014.4157,6254.248,2365894,2.4,-1.414
Botswana,BWA,2021,999.39996,6895.9116,2401441,2.4,-1.428
Botswana,BWA,2022,983.6501,7159.586,2439892,2.4,-1.461
Botswana,BWA,2023,,7269.052,2480244,,
Botswana,BWA,2024,,6937.332,2521139,,
Brazil,BRA,1990,37956.805,6149.867,149143220,5661,
Brazil,BRA,1991,37311.105,6107.648,151724260,5661,
Brazil,BRA,1992,36694.195,5973.982,154275070,5661,
Brazil,BRA,1993,36104.566,6167.4604,156794580,5661,
Brazil,BRA,1994,35544.53,6427.1685,159265010,5661,
Brazil,BRA,1995,35001.684,6596.335,161735070,5661,-1.608
Brazil,BRA,1996,34475.715,6640.726,164202540,5661,-1.568
Brazil,BRA,1997,33967.02,6764.8574,166661660,5661,-1.533
Brazil,BRA,1998,33465.426,6687.4946,169159650,5661,-1.507
Brazil,BRA,1999,32981.527,6621.636,171641540,5661,-1.486
Brazil,BRA,2000,32531.064,6817.7837,174018290,5661,-1.453
Brazil,BRA,2001,32109.82,6823.033,176301200,5661,-1.412
Brazil,BRA,2002,31713.666,6944.6226,178503490,5661,-1.363
Brazil,BRA,2003,31341.578,6941.4395,180622690,5661,-1.303
Brazil,BRA,2004,30989.438,7258.7812,182675140,5661,-1.238
Brazil,BRA,2005,30651.678,7409.5684,184688100,5661,-1.183
Brazil,BRA,2006,30328.988,7622.039,186653100,5661,-1.135
Brazil,BRA,2007,30023.496,8003.2534,188552320,5661,-1.089
Brazil,BRA,2008,29737.25,8330.764,190367300,5661,-1.045
Brazil,BRA,2009,29472.102,8246.096,192079950,5661,-0.999
Brazil,BRA,2010,29225.316,8792.634,193701940,5661,-0.949
Brazil,BRA,2011,28988.441,9067.992,195284740,5661,-0.9
Brazil,BRA,2012,28754.123,9167.498,196876110,5661,-0.86
Brazil,BRA,2013,28522.01,9366.738,198478300,5661,-0.831
Brazil,BRA,2014,28292.957,9338.342,200085120,5661,-0.813
Brazil,BRA,2015,28069.84,8936.195,201675540,5661,-0.804
Brazil,BRA,2016,27856.77,8577.843,203218110,5661,-0.793
Brazil,BRA,2017,27654.639,8628.252,204703440,5661,-0.777
Brazil,BRA,2018,27466.281,8722.335,206107260,5661,-0.752
Brazil,BRA,2019,27287.785,8771.439,207455460,5661,-0.721
Brazil,BRA,2020,27130.15,8435.011,208660850,5661,-0.679
Brazil,BRA,2021,27014.994,8799.229,209550290,5661,-0.612
Brazil,BRA,2022,26917.867,9032.084,210306420,5661,-0.539
Brazil,BRA,2023,,9288.026,211140740,,
Brazil,BRA,2024,,9566.744,211998580,,
British Virgin Islands,VGB,1990,,,15704,,
British Virgin Islands,VGB,1991,,,16187,,
British Virgin Islands,VGB,1992,,,16593,,
British Virgin Islands,VGB,1993,,,16989,,
British Virgin Islands,VGB,1994,,,17406,,
British Virgin Islands,VGB,1995,,,17840,,
British Virgin Islands,VGB,1996,,,18287,,
British Virgin Islands,VGB,1997,,,18756,,
British Virgin Islands,VGB,1998,,,19238,,
British Virgin Islands,VGB,1999,,,19730,,
British Virgin Islands,VGB,2000,,,20241,,
British Virgin Islands,VGB,2001,,,20796,,
British Virgin Islands,VGB,2002,,,21430,,
British Virgin Islands,VGB,2003,,,22134,,
British Virgin Islands,VGB,2004,,,22881,,
British Virgin Islands,VGB,2005,,,23665,,
British Virgin Islands,VGB,2006,,,24493,,
British Virgin Islands,VGB,2007,,,25366,,
British Virgin Islands,VGB,2008,,,26288,,
British Virgin Islands,VGB,2009,,,27218,,
British Virgin Islands,VGB,2010,,,27675,,
British Virgin Islands,VGB,2011,,,28710,,
British Virgin Islands,VGB,2012,,,30345,,
British Virgin Islands,VGB,2013,,,31703,,
British Virgin Islands,VGB,2014,,,32962,,
British Virgin Islands,VGB,2015,,,34498,,
British Virgin Islands,VGB,2016,,,33878,,
British Virgin Islands,VGB,2017,,,32699,,
British Virgin Islands,VGB,2018,,,34657,,
British Virgin Islands,VGB,2019,,,36395,,
British Virgin Islands,VGB,2020,,,37135,,
British Virgin Islands,VGB,2021,,,37809,,
British Virgin Islands,VGB,2022,,,38319,,
British Virgin Islands,VGB,2023,,,38985,,
British Virgin Islands,VGB,2024,,,39471,,
Brunei Darussalam,BRN,1990,33295.207,44179.83,255292,8.5,
Brunei Darussalam,BRN,1991,32369.115,44201.14,262596,8.5,
Brunei Darussalam,BRN,1992,31500.266,41672.37,269839,8.5,
Brunei Darussalam,BRN,1993,30689.133,40342.05,276971,8.5,
Brunei Darussalam,BRN,1994,29919.99,39721.434,284091,8.5,
Brunei Darussalam,BRN,1995,29190.062,39274.496,291195,8.5,-2.597
Brunei Darussalam,BRN,1996,28497.096,38331.656,298276,8.5,-2.516
Brunei Darussalam,BRN,1997,27837.729,39820.21,305341,8.5,-2.442
Brunei Darussalam,BRN,1998,27210.014,36331.18,312385,8.5,-2.378
Brunei Darussalam,BRN,1999,26611.482,37045.934,319411,8.5,-2.316
Brunei Darussalam,BRN,2000,26039.752,37509.598,326424,8.5,-2.258
Brunei Darussalam,BRN,2001,25499.107,37269.31,333345,8.5,-2.199
Brunei Darussalam,BRN,2002,24992.723,37976.26,340099,8.5,-2.133
Brunei Darussalam,BRN,2003,24521.33,38595.168,346637,8.5,-2.059
Brunei Darussalam,BRN,2004,24085.393,37948.66,352911,8.5,-1.975
Brunei Darussalam,BRN,2005,23682.422,37312.277,358916,8.5,-1.88
Brunei Darussalam,BRN,2006,23309.191,38229.355,364663,8.5,-1.78
Brunei Darussalam,BRN,2007,22918.896,36174.516,370873,8.5,-1.718
Brunei Darussalam,BRN,2008,22499.094,34126.695,377793,8.5,-1.707
Brunei Darussalam,BRN,2009,22080.676,32855.6,384952,8.5,-1.723
Brunei Darussalam,BRN,2010,21665.324,33121.316,392332,8.5,-1.765
Brunei Darussalam,BRN,2011,21282.51,33754.363,399389,8.5,-1.803
Brunei Darussalam,BRN,2012,20958.83,33544.54,405557,8.5,-1.772
Brunei Darussalam,BRN,2013,20671.105,32381.074,411202,8.5,-1.68
Brunei Darussalam,BRN,2014,20395.92,31148.73,416750,8.5,-1.575
Brunei Darussalam,BRN,2015,20132.066,30625.129,422212,8.5,-1.457
Brunei Darussalam,BRN,2016,19880.064,29492.414,427564,8.5,-1.354
Brunei Darussalam,BRN,2017,19640.826,29524.658,432772,8.5,-1.291
Brunei Darussalam,BRN,2018,19414.814,29200.195,437810,8.5,-1.246
Brunei Darussalam,BRN,2019,19201.229,29996.24,442680,8.5,-1.2
Brunei Darussalam,BRN,2020,18998.488,30015.959,447404,8.5,-1.152
Brunei Darussalam,BRN,2021,18816.924,29256.184,451721,8.5,-1.093
Brunei Darussalam,BRN,2022,18666.139,28549.176,455370,8.5,-1.013
Brunei Darussalam,BRN,2023,,28645.965,458949,,
Brunei Darussalam,BRN,2024,,29563.87,462721,,
Bulgaria,BGR,1990,2408.7295,4425.4995,8718289,21,
Bulgaria,BGR,1991,2432.7048,4092.0796,8632367,21,
Bulgaria,BGR,1992,2458.9692,3835.4543,8540164,21,
Bulgaria,BGR,1993,2478.6619,3808.943,8472313,21,
Bulgaria,BGR,1994,2487.0935,3891.3823,8443591,21,
Bulgaria,BGR,1995,2498.1956,4021.995,8406067,21,0.732
Bulgaria,BGR,1996,2511.1128,4253.235,8362826,21,0.636
Bulgaria,BGR,1997,2526.447,3675.181,8312068,21,0.543
Bulgaria,BGR,1998,2543.3625,3839.9768,8256786,21,0.517
Bulgaria,BGR,1999,2557.6619,3537.3455,8210624,21,0.561
Bulgaria,BGR,2000,2570.3254,3717.929,8170172,21,0.571
Bulgaria,BGR,2001,2622.0037,3937.7017,8009142,21,0.868
Bulgaria,BGR,2002,2679.5417,4260.405,7837161,21,1.184
Bulgaria,BGR,2003,2700.851,4519.1846,7775327,21,1.209
Bulgaria,BGR,2004,2721.3142,4849.8716,7716860,21,1.248
Bulgaria,BGR,2005,2741.8823,5231.338,7658972,21,1.301
Bulgaria,BGR,2006,2762.7864,5629.8013,7601022,21,1.052
Bulgaria,BGR,2007,2783.1755,6048.742,7545338,21,0.762
Bulgaria,BGR,2008,2802.78,6464.722,7492561,21,0.744
Bulgaria,BGR,2009,2820.896,6288.7256,7444443,21,0.721
Bulgaria,BGR,2010,2839.5266,6428.7173,7395599,21,0.702
Bulgaria,BGR,2011,2857.793,6605.3086,7348328,21,0.678
Bulgaria,BGR,2012,2874.3938,6693.4277,7305888,21,0.647
Bulgaria,BGR,2013,2932.9587,6792.7354,7160005,21,0.912
Bulgaria,BGR,2014,2968.797,6941.0186,7073572,21,1.027
Bulgaria,BGR,2015,3006.776,7268.6543,6984225,21,1.151
Bulgaria,BGR,2016,3046.0657,7586.504,6894139,21,1.284
Bulgaria,BGR,2017,3086.6611,7898.707,6803468,21,1.435
Bulgaria,BGR,2018,3129.2852,8194.374,6710798,21,1.304
Bulgaria,BGR,2019,3173.7751,8626.134,6616726,21,1.344
Bulgaria,BGR,2020,3205.766,8440.083,6550696,21,1.29
Bulgaria,BGR,2021,3227.1443,9161.478,6507301,21,1.162
Bulgaria,BGR,2022,3248.2112,9597.868,6465097,21,1.026
Bulgaria,BGR,2023,,9787.265,6446596,,
Bulgaria,BGR,2024,,10126.898,6441421,,
Burkina Faso,BFA,1990,1364.7247,332.1533,9159356,12.5,
Burkina Faso,BFA,1991,1330.5471,353.20673,9394632,12.5,
Burkina Faso,BFA,1992,1298.1248,345.40182,9629275,12.5,
Burkina Faso,BFA,1993,1266.2443,348.5812,9871713,12.5,
Burkina Faso,BFA,1994,1234.7145,344.3712,10123798,12.5,
Burkina Faso,BFA,1995,1203.4596,354.8412,10386722,12.5,-2.484
Burkina Faso,BFA,1996,1173.0544,383.97357,10655942,12.5,-2.488
Burkina Faso,BFA,1997,1143.1997,397.83896,10934223,12.5,-2.51
Burkina Faso,BFA,1998,1112.0339,415.2735,11240664,12.5,-2.564
Burkina Faso,BFA,1999,1079.9203,433.10474,11574928,12.5,-2.643
Burkina Faso,BFA,2000,1048.17,428.30978,11925546,12.5,-2.725
Burkina Faso,BFA,2001,1016.67334,442.91412,12295001,12.5,-2.821
Burkina Faso,BFA,2002,985.7347,448.12885,12680897,12.5,-2.92
Burkina Faso,BFA,2003,955.47253,468.26306,13082532,12.5,-2.989
Burkina Faso,BFA,2004,925.88934,474.08643,13500533,12.5,-3.031
Burkina Faso,BFA,2005,897.20715,499.1928,13932123,12.5,-3.062
Burkina Faso,BFA,2006,869.64343,514.11316,14373707,12.5,-3.076
Burkina Faso,BFA,2007,843.66504,519.261,14816307,12.5,-3.065
Burkina Faso,BFA,2008,819.23737,533.4713,15258093,12.5,-3.03
Burkina Faso,BFA,2009,795.6682,533.4701,15710066,12.5,-2.986
Burkina Faso,BFA,2010,772.72595,561.8472,16176498,12.5,-2.943
Burkina Faso,BFA,2011,750.2142,581.60364,16661908,12.5,-2.911
Burkina Faso,BFA,2012,727.917,600.7313,17172288,12.5,-2.908
Burkina Faso,BFA,2013,706.3979,616.74133,17695408,12.5,-2.92
Burkina Faso,BFA,2014,685.7032,624.5769,18229460,12.5,-2.931
Burkina Faso,BFA,2015,665.6908,630.12476,18777488,12.5,-2.938
Burkina Faso,BFA,2016,646.5008,648.4205,19334856,12.5,-2.932
Burkina Faso,BFA,2017,628.3173,669.2763,19894408,12.5,-2.9
Burkina Faso,BFA,2018,611.5972,694.4928,20438288,12.5,-2.841
Burkina Faso,BFA,2019,596.3185,717.0216,20961952,12.5,-2.755
Burkina Faso,BFA,2020,581.97217,713.84216,21478690,12.5,-2.652
Burkina Faso,BFA,2021,568.3047,745.47253,21995244,12.5,-2.545
Burkina Faso,BFA,2022,555.33246,740.30634,22509038,12.5,-2.439
Burkina Faso,BFA,2023,,745.40533,23025776,,
Burkina Faso,BFA,2024,,763.83374,23548780,,
Burundi,BDI,1990,1800.5918,373.24524,5587052,10.06,
Burundi,BDI,1991,1763.7189,383.87036,5703857,10.06,
Burundi,BDI,1992,1717.1903,377.5183,5858407,10.06,
Burundi,BDI,1993,1772.1117,365.282,5676843,10.06,
Burundi,BDI,1994,1760.633,349.01624,5713854,10.06,
Burundi,BDI,1995,1658.3376,302.70184,6066316,10.06,-1.633
Burundi,BDI,1996,1657.193,278.2935,6070506,10.06,-1.238
Burundi,BDI,1997,1657.3197,273.88956,6070042,10.06,-0.707
Burundi,BDI,1998,1625.9615,281.4709,6187108,10.06,-1.707
Burundi,BDI,1999,1587.4631,272.03085,6337155,10.06,-2.049
Burundi,BDI,2000,1554.822,264.15442,6470194,10.06,-1.281
Burundi,BDI,2001,1516.347,262.91388,6634365,10.06,-1.761
Burundi,BDI,2002,1474.1802,266.96814,6824132,10.06,-2.315
Burundi,BDI,2003,1428.3374,255.50082,7043154,10.06,-2.558
Burundi,BDI,2004,1376.0735,258.05002,7310656,10.06,-2.818
Burundi,BDI,2005,1325.9,250.87894,7587299,10.06,-3.135
Burundi,BDI,2006,1278.9956,255.10558,7865547,10.06,-3.347
Burundi,BDI,2007,1232.56,254.31172,8161874,10.06,-3.517
Burundi,BDI,2008,1182.745,256.01245,8505637,10.06,-3.703
Burundi,BDI,2009,1124.3181,252.58202,8947646,10.06,-3.961
Burundi,BDI,2010,1072.9014,253.30858,9376444,10.06,-4.146
Burundi,BDI,2011,1035.1948,254.24211,9717978,10.06,-4.142
Burundi,BDI,2012,998.90497,256.1804,10071028,10.06,-4.117
Burundi,BDI,2013,963.66235,259.31113,10439341,10.06,-4.014
Burundi,BDI,2014,931.5,261.29672,10799785,10.06,-3.693
Burundi,BDI,2015,910.6067,254.40259,11047580,10.06,-3.227
Burundi,BDI,2016,895.0615,258.06198,11239451,10.06,-2.867
Burundi,BDI,2017,874.26855,261.72583,11506762,10.06,-2.63
Burundi,BDI,2018,848.269,267.5087,11859446,10.06,-2.519
Burundi,BDI,2019,820.86694,270.411,12255336,10.06,-2.497
Burundi,BDI,2020,797.33466,263.46387,12617036,10.06,-2.622
Burundi,BDI,2021,775.90643,264.68265,12965481,10.06,-2.817
Burundi,BDI,2022,755.19305,263.58755,13321097,10.06,-2.886
Burundi,BDI,2023,,264.84332,13689450,,
Burundi,BDI,2024,,268.70087,14047786,,
Cabo Verde,CPV,1990,799.08795,835.1207,375428,0.3,
Cabo Verde,CPV,1991,780.0596,826.6814,384586,0.3,
Cabo Verde,CPV,1992,762.5535,896.51935,393415,0.3,
Cabo Verde,CPV,1993,746.3336,953.861,401965,0.3,
Cabo Verde,CPV,1994,731.30066,1113.9381,410228,0.3,
Cabo Verde,CPV,1995,717.52484,1248.281,418104,0.3,-2.13
Cabo Verde,CPV,1996,704.9187,1365.4982,425581,0.3,-2.005
Cabo Verde,CPV,1997,693.164,1492.0184,432798,0.3,-1.89
Cabo Verde,CPV,1998,682.1531,1652.1112,439784,0.3,-1.782
Cabo Verde,CPV,1999,671.8639,1809.8058,446519,0.3,-1.681
Cabo Verde,CPV,2000,661.7886,2037.3173,453317,0.3,-1.604
Cabo Verde,CPV,2001,651.7588,2051.2173,460293,0.3,-1.556
Cabo Verde,CPV,2002,642.335,2127.7087,467046,0.3,-1.512
Cabo Verde,CPV,2003,633.7363,2186.895,473383,0.3,-1.462
Cabo Verde,CPV,2004,625.8214,2379.7964,479370,0.3,-1.41
Cabo Verde,CPV,2005,618.4101,2514.1677,485115,0.3,-1.347
Cabo Verde,CPV,2006,611.3366,2683.8394,490728,0.3,-1.272
Cabo Verde,CPV,2007,604.6071,3056.971,496190,0.3,-1.203
Cabo Verde,CPV,2008,598.3784,3238.4417,501355,0.3,-1.142
Cabo Verde,CPV,2009,592.7202,3159.587,506141,0.3,-1.081
Cabo Verde,CPV,2010,588.48456,3194.6167,509784,0.3,-0.987
Cabo Verde,CPV,2011,586.57104,3309.2012,511447,0.3,-0.824
Cabo Verde,CPV,2012,585.989,3341.7422,511955,0.3,-0.624
Cabo Verde,CPV,2013,585.6801,3361.094,512225,0.3,-0.428
Cabo Verde,CPV,2014,585.56464,3383.8423,512326,0.3,-0.243
Cabo Verde,CPV,2015,585.48694,3415.0627,512394,0.3,-0.102
Cabo Verde,CPV,2016,585.3042,3560.1401,512554,0.3,-0.043
Cabo Verde,CPV,2017,584.9173,3719.7131,512893,0.3,-0.037
Cabo Verde,CPV,2018,584.32263,3853.6794,513415,0.3,-0.046
Cabo Verde,CPV,2019,583.5395,4115.903,514104,0.3,-0.069
Cabo Verde,CPV,2020,582.8876,3255.9363,514679,0.3,-0.089
Cabo Verde,CPV,2021,580.66504,3471.6553,516649,0.3,-0.159
Cabo Verde,CPV,2022,577.2106,3997.7676,519741,0.3,-0.265
Cabo Verde,CPV,2023,,4168.6772,522331,,
Cabo Verde,CPV,2024,,4448.9663,524877,,
Cambodia,KHM,1990,16353.092,824.05164,7374752,120.6,
Cambodia,KHM,1991,15689.132,850.6102,7686850,120.6,
Cambodia,KHM,1992,14864.879,862.478,8113083,120.6,
Cambodia,KHM,1993,13996.596,845.382,8616381,120.6,
Cambodia,KHM,1994,13053.132,513.96716,9239162,120.6,
Cambodia,KHM,1995,12037.733,520.9269,10018497,120.6,-5.943
Cambodia,KHM,1996,11165.354,511.67035,10801270,120.6,-6.577
Cambodia,KHM,1997,10422.624,496.77054,11570982,120.6,-6.854
Cambodia,KHM,1998,10001.516,499.01666,12058173,120.6,-6.501
Cambodia,KHM,1999,9832.271,552.9015,12265731,120.6,-5.51
Cambodia,KHM,2000,9677.158,598.5619,12462336,120.6,-4.272
Cambodia,KHM,2001,9527.207,632.83356,12658484,120.6,-3.123
Cambodia,KHM,2002,9381.388,662.18835,12855241,120.6,-2.083
Cambodia,KHM,2003,9240.694,719.3335,13050968,120.6,-1.57
Cambodia,KHM,2004,9105.508,775.84717,13244731,120.6,-1.524
Cambodia,KHM,2005,8973.747,866.3403,13439202,120.6,-1.498
Cambodia,KHM,2006,8842.272,947.06525,13639028,120.6,-1.481
Cambodia,KHM,2007,8712.759,1030.2312,13841770,120.6,-1.468
Cambodia,KHM,2008,8581.505,1090.5747,14053479,120.6,-1.469
Cambodia,KHM,2009,8447.266,1117.2583,14276810,120.6,-1.49
Cambodia,KHM,2010,8316.825,1155.8524,14500726,120.6,-1.509
Cambodia,KHM,2011,8191.4966,1221.3884,14722584,120.6,-1.517
Cambodia,KHM,2012,8069.5425,1295.2527,14945085,120.6,-1.522
Cambodia,KHM,2013,7949.792,1376.2955,15170208,120.6,-1.518
Cambodia,KHM,2014,7832.8105,1464.5311,15396772,120.6,-1.499
Cambodia,KHM,2015,7719.264,1547.3201,15623251,120.6,-1.48
Cambodia,KHM,2016,7607.4873,1645.4667,15852803,120.6,-1.468
Cambodia,KHM,2017,7503.093,1753.9353,16073372,120.6,-1.445
Cambodia,KHM,2018,7410.356,1884.2837,16274522,120.6,-1.396
Cambodia,KHM,2019,7317.3823,2008.3209,16481304,120.6,-1.352
Cambodia,KHM,2020,7210.558,1908.6343,16725474,120.6,-1.354
Cambodia,KHM,2021,7104.8564,1938.7644,16974304,120.6,-1.358
Cambodia,KHM,2022,7010.9253,2011.2743,17201724,120.6,-1.348
Cambodia,KHM,2023,,2085.0574,17423880,,
Cambodia,KHM,2024,,2182.7185,17638800,,
Cameroon,CMR,1990,24091.45,1360.4777,11331821,273,
Cameroon,CMR,1991,23398.97,1271.0466,11667180,273,
Cameroon,CMR,1992,22737.963,1196.8508,12006353,273,
Cameroon,CMR,1993,22099.66,1070.9828,12353131,273,
Cameroon,CMR,1994,21487.768,1060.8733,12704903,273,
Cameroon,CMR,1995,20905.898,1062.0161,13058516,273,-2.797
Cameroon,CMR,1996,20350.723,1077.3893,13414757,273,-2.753
Cameroon,CMR,1997,19818.203,1096.6976,13775214,273,-2.711
Cameroon,CMR,1998,19300.297,1118.5082,14144860,273,-2.672
Cameroon,CMR,1999,18795,1138.363,14525140,273,-2.642
Cameroon,CMR,2000,18306.629,1151.2769,14912631,273,-2.62
Cameroon,CMR,2001,17832.076,1169.9268,15309490,273,-2.608
Cameroon,CMR,2002,17360.307,1189.967,15725528,273,-2.614
Cameroon,CMR,2003,16893.209,1221.0945,16160340,273,-2.629
Cameroon,CMR,2004,16435.4,1271.7433,16610487,273,-2.647
Cameroon,CMR,2005,15988.667,1264.7434,17074594,273,-2.671
Cameroon,CMR,2006,15555.194,1277.33,17550408,273,-2.695
Cameroon,CMR,2007,15124.741,1295.7307,18049896,273,-2.719
Cameroon,CMR,2008,14697.921,1295.0221,18574056,273,-2.746
Cameroon,CMR,2009,14282.744,1290.8997,19113974,273,-2.769
Cameroon,CMR,2010,13880.368,1290.9014,19668066,273,-2.788
Cameroon,CMR,2011,13493.272,1297.3065,20232304,273,-2.804
Cameroon,CMR,2012,13118.99,1319.6696,20809528,273,-2.805
Cameroon,CMR,2013,12755.593,1347.213,21402376,273,-2.795
Cameroon,CMR,2014,12375.4,1381.8193,22059892,273,-2.826
Cameroon,CMR,2015,11992.929,1415.0001,22763414,273,-2.881
Cameroon,CMR,2016,11639.726,1435.6183,23454160,273,-2.912
Cameroon,CMR,2017,11314.373,1444.9069,24128600,273,-2.916
Cameroon,CMR,2018,11005.232,1461.0197,24806384,273,-2.909
Cameroon,CMR,2019,10703.324,1470.3179,25506096,273,-2.861
Cameroon,CMR,2020,10415.65,1434.5192,26210558,273,-2.781
Cameroon,CMR,2021,10142.757,1443.576,26915758,273,-2.716
Cameroon,CMR,2022,9879.574,1458.6619,27632772,273,-2.676
Cameroon,CMR,2023,,1468.1783,28372688,,
Cameroon,CMR,2024,,1480.731,29123744,,
Canada,CAN,1990,102921.016,31700.547,27691138,2850,
Canada,CAN,1991,101649.87,30654.334,28037420,2850,
Canada,CAN,1992,100453.76,30563.379,28371264,2850,
Canada,CAN,1993,99355.88,31032.754,28684764,2850,
Canada,CAN,1994,98273.62,32074.156,29000664,2850,
Canada,CAN,1995,97261.95,32595.451,29302312,2850,-1.125
Canada,CAN,1996,96250.555,32801.3,29610218,2850,-1.086
Canada,CAN,1997,95298.766,33867.008,29905948,2850,-1.048
Canada,CAN,1998,94511.15,34894.613,30155172,2850,-0.995
Canada,CAN,1999,93746.03,36391.535,30401286,2850,-0.939
Canada,CAN,2000,92877.05,37906.86,30685730,2850,-0.918
Canada,CAN,2001,91873.68,38200.457,31020856,2850,-0.926
Canada,CAN,2002,90882.42,38921.668,31359200,2850,-0.945
Canada,CAN,2003,90068.85,39270.023,31642460,2850,-0.958
Canada,CAN,2004,89233.14,40108.758,31938808,2850,-0.982
Canada,CAN,2005,88392.016,41006.223,32242732,2850,-0.985
Canada,CAN,2006,87500.63,41663.51,32571192,2850,-0.971
Canada,CAN,2007,86655.414,42106.87,32888886,2850,-0.948
Canada,CAN,2008,85721.25,42067.57,33247298,2850,-0.985
Canada,CAN,2009,84745.586,40376.414,33630068,2850,-1.027
Canada,CAN,2010,83808.984,41164.34,34005904,2850,-1.059
Canada,CAN,2011,82995.48,42043.64,34339220,2850,-1.052
Canada,CAN,2012,82100.875,42320.645,34713396,2850,-1.074
Canada,CAN,2013,81240.58,42851.17,35080990,2850,-1.068
Canada,CAN,2014,80431.08,43643.234,35434064,2850,-1.04
Canada,CAN,2015,79821.875,43594.195,35704496,2850,-0.97
Canada,CAN,2016,78923.75,43551.344,36110804,2850,-1.001
Canada,CAN,2017,77985.88,44339.387,36545076,2850,-1.023
Canada,CAN,2018,76876.14,44907.344,37072620,2850,-1.098
Canada,CAN,2019,75760.61,45100.293,37618496,2850,-1.189
Canada,CAN,2020,74943.52,42366.13,38028640,2850,-1.253
Canada,CAN,2021,74529.555,44639.19,38239864,2850,-1.139
Canada,CAN,2022,73197.164,45677.688,38935936,2850,-1.259
Canada,CAN,2023,,45048.285,40083484,,
Canada,CAN,2024,,44413.4,41288600,,
Caribbean small states,CSS,1990,98703.43,8229.176,3654949,360.756,
Caribbean small states,CSS,1991,98091.09,8173.672,3677765,360.756,
Caribbean small states,CSS,1992,97330.03,8276.744,3706523,360.756,
Caribbean small states,CSS,1993,96583.914,8251.323,3735156,360.756,
Caribbean small states,CSS,1994,95848.73,8461.746,3763806,360.756,
Caribbean small states,CSS,1995,95037.91,8648.83,3795917,360.756,-0.754
Caribbean small states,CSS,1996,94212.24,8995.09,3829184,360.756,-0.804
Caribbean small states,CSS,1997,93419.62,9330.986,3861673,360.756,-0.817
Caribbean small states,CSS,1998,92653.73,9709.724,3893594,360.756,-0.827
Caribbean small states,CSS,1999,91906.99,10119.141,3925229,360.756,-0.836
Caribbean small states,CSS,2000,91186.836,10510.869,3956229,360.756,-0.824
Caribbean small states,CSS,2001,90481.09,10648.87,3987087,360.756,-0.805
Caribbean small states,CSS,2002,89767.19,10985.863,4018796,360.756,-0.794
Caribbean small states,CSS,2003,89053.79,11563.361,4050990,360.756,-0.789
Caribbean small states,CSS,2004,88408.26,12014.567,4080569,360.756,-0.773
Caribbean small states,CSS,2005,89087.26,12638.966,4049468,360.756,-0.465
Caribbean small states,CSS,2006,88574.09,13550.356,4072929,360.756,-0.425
Caribbean small states,CSS,2007,88013.85,13982.598,4098855,360.756,-0.394
Caribbean small states,CSS,2008,87456.72,14130.241,4124966,360.756,-0.361
Caribbean small states,CSS,2009,86994.164,13578.698,4146899,360.756,-0.322
Caribbean small states,CSS,2010,86443.09,13743.407,4173335,360.756,-0.601
Caribbean small states,CSS,2011,85871.66,13773.564,4201107,360.756,-0.618
Caribbean small states,CSS,2012,85316.47,14236.665,4228445,360.756,-0.621
Caribbean small states,CSS,2013,84730.61,14333.346,4257682,360.756,-0.631
Caribbean small states,CSS,2014,84160.07,14605.777,4286546,360.756,-0.66
Caribbean small states,CSS,2015,83620.77,14497.539,4314191,360.756,-0.662
Caribbean small states,CSS,2016,83097.98,13963.14,4341333,360.756,-0.655
Caribbean small states,CSS,2017,82625.84,13780.308,4366140,360.756,-0.639
Caribbean small states,CSS,2018,81847.55,13815.795,4407658,360.756,-0.69
Caribbean small states,CSS,2019,81194.04,13825.422,4443134,360.756,-0.715
Caribbean small states,CSS,2020,80899.66,12531.502,4459302,360.756,-0.659
Caribbean small states,CSS,2021,80540.87,13290.829,4479167,360.756,-0.623
Caribbean small states,CSS,2022,80215.95,15207.584,4497310,,-0.59
Caribbean small states,CSS,2023,,16468.943,4519904,,
Caribbean small states,CSS,2024,,18582.686,4539060,,
Cayman Islands,CYM,1990,,,25999,,
Cayman Islands,CYM,1991,,,27294,,
Cayman Islands,CYM,1992,,,28621,,
Cayman Islands,CYM,1993,,,29976,,
Cayman Islands,CYM,1994,,,31352,,
Cayman Islands,CYM,1995,,,32743,,
Cayman Islands,CYM,1996,,,34143,,
Cayman Islands,CYM,1997,,,35543,,
Cayman Islands,CYM,1998,,,36922,,
Cayman Islands,CYM,1999,,,38284,,
Cayman Islands,CYM,2000,,,39674,,
Cayman Islands,CYM,2001,,,41089,,
Cayman Islands,CYM,2002,,,42514,,
Cayman Islands,CYM,2003,,,43934,,
Cayman Islands,CYM,2004,,,45352,,
Cayman Islands,CYM,2005,,,46788,,
Cayman Islands,CYM,2006,,96066.63,48232,,
Cayman Islands,CYM,2007,,96202.74,49687,,
Cayman Islands,CYM,2008,,93115.32,51151,,
Cayman Islands,CYM,2009,,84001.42,52618,,
Cayman Islands,CYM,2010,,79483.09,54099,,
Cayman Islands,CYM,2011,,78233.016,55606,,
Cayman Islands,CYM,2012,,77074.39,57136,,
Cayman Islands,CYM,2013,,76038.875,58655,,
Cayman Islands,CYM,2014,,76104.625,60160,,
Cayman Islands,CYM,2015,,76379.21,61642,,
Cayman Islands,CYM,2016,,77031.87,63100,,
Cayman Islands,CYM,2017,,77717.18,64535,,
Cayman Islands,CYM,2018,,79305.766,65941,,
Cayman Islands,CYM,2019,,80714.57,67327,,
Cayman Islands,CYM,2020,,75199.65,68684,,
Cayman Islands,CYM,2021,,77259.63,70108,,
Cayman Islands,CYM,2022,,80029.03,71591,,
Cayman Islands,CYM,2023,,83005.484,73038,,
Cayman Islands,CYM,2024,,,74457,,
Central African Republic,CAF,1990,49096.246,519.78674,2871910,141,
Central African Republic,CAF,1991,47583.836,500.99115,2963191,141,
Central African Republic,CAF,1992,46096.043,454.14896,3058831,141,
Central African Republic,CAF,1993,44650.79,441.38492,3157839,141,
Central African Republic,CAF,1994,43278.695,448.78445,3257954,141,
Central African Republic,CAF,1995,42114.043,468.1505,3348052,141,-3.021
Central African Republic,CAF,1996,41036.508,437.92505,3435965,141,-2.917
Central African Republic,CAF,1997,39924.117,448.63467,3531700,141,-2.834
Central African Republic,CAF,1998,38855.53,457.14886,3628827,141,-2.742
Central African Republic,CAF,1999,37807.184,460.8279,3729450,141,-2.667
Central African Republic,CAF,2000,36781.816,437.1689,3833416,141,-2.671
Central African Republic,CAF,2001,35974.094,446.65863,3919487,141,-2.599
Central African Republic,CAF,2002,35196.527,452.80872,4006077,141,-2.489
Central African Republic,CAF,2003,34364.38,418.24054,4103086,141,-2.427
Central African Republic,CAF,2004,33628.87,433.82523,4192826,141,-2.315
Central African Republic,CAF,2005,32876.254,427.96805,4288810,141,-2.22
Central African Republic,CAF,2006,32209.584,439.29434,4377579,141,-2.186
Central African Republic,CAF,2007,31594.727,450.7628,4462770,141,-2.136
Central African Republic,CAF,2008,30927.943,450.31363,4558984,141,-2.085
Central African Republic,CAF,2009,31132.377,492.2154,4529047,141,-1.531
Central African Republic,CAF,2010,31382.186,519.1415,4492995,141,-0.926
Central African Republic,CAF,2011,30887.043,532.38293,4565021,141,-0.835
Central African Republic,CAF,2012,30580.059,553.72955,4610848,141,-0.651
Central African Republic,CAF,2013,30372.098,349.82117,4642419,141,-0.362
Central African Republic,CAF,2014,30498.475,351.56155,4623182,141,-0.411
Central African Republic,CAF,2015,30458.037,366.32285,4629320,141,-0.596
Central African Republic,CAF,2016,29913.043,376.85825,4713663,141,-0.639
Central African Republic,CAF,2017,29414.766,387.35794,4793511,141,-0.774
Central African Republic,CAF,2018,28901.396,395.02002,4878657,141,-0.988
Central African Republic,CAF,2019,28515.363,401.82584,4944703,141,-1.336
Central African Republic,CAF,2020,28050.613,398.83426,5026628,141,-1.633
Central African Republic,CAF,2021,27581.62,396.02063,5112100,141,-1.61
Central African Republic,CAF,2022,27657.693,398.9154,5098039,141,-1.224
Central African Republic,CAF,2023,,397.4678,5152421,,
Central African Republic,CAF,2024,,389.9383,5330690,,
Central Europe and the Baltics,CEB,1990,1529.5089,6751.231,110743130,,
Central Europe and the Baltics,CEB,1991,1532.4016,6032.127,110469464,,
Central Europe and the Baltics,CEB,1992,2375.557,5753.0645,110111460,224.46,
Central Europe and the Baltics,CEB,1993,2273.7698,5768.726,110041920,250.21,
Central Europe and the Baltics,CEB,1994,2274.19,5982.6094,110021590,250.21,
Central Europe and the Baltics,CEB,1995,2277.447,6333.365,109864250,250.21,8.288
Central Europe and the Baltics,CEB,1996,2282.3926,6631.8535,109626190,250.21,8.294
Central Europe and the Baltics,CEB,1997,2286.6514,6792.749,109422020,250.21,-0.76
Central Europe and the Baltics,CEB,1998,2290.496,6983.37,109238340,250.21,0.147
Central Europe and the Baltics,CEB,1999,2294.2217,7127.71,109060950,250.21,0.176
Central Europe and the Baltics,CEB,2000,2307.1924,7450.861,108447820,250.21,0.26
Central Europe and the Baltics,CEB,2001,2324.075,7730.9487,107660040,250.21,0.363
Central Europe and the Baltics,CEB,2002,2339.2913,8057.222,106959750,250.21,0.456
Central Europe and the Baltics,CEB,2003,2346.6538,8405.632,106624170,250.21,0.486
Central Europe and the Baltics,CEB,2004,2353.108,8923.859,106331710,250.21,0.508
Central Europe and the Baltics,CEB,2005,2359.5388,9387.592,106041910,250.21,0.45
Central Europe and the Baltics,CEB,2006,2365.549,10036.479,105772480,250.21,0.354
Central Europe and the Baltics,CEB,2007,2374.3877,10712.555,105378750,250.21,0.298
Central Europe and the Baltics,CEB,2008,2382.9097,11176.988,105001880,250.21,0.307
Central Europe and the Baltics,CEB,2009,2387.4893,10792.83,104800470,250.21,0.291
Central Europe and the Baltics,CEB,2010,2396.1553,10998.653,104421450,250.21,0.308
Central Europe and the Baltics,CEB,2011,2401.846,11421.733,104174040,250.21,0.305
Central Europe and the Baltics,CEB,2012,2407.4976,11544.543,103929496,250.21,0.277
Central Europe and the Baltics,CEB,2013,2415.8525,11661.977,103570060,250.21,0.275
Central Europe and the Baltics,CEB,2014,2422.6262,12076.157,103280480,250.21,0.293
Central Europe and the Baltics,CEB,2015,2429.8562,12596.887,102973170,250.21,0.28
Central Europe and the Baltics,CEB,2016,2437.555,12991.546,102647940,250.21,0.296
Central Europe and the Baltics,CEB,2017,2444.9492,13696.464,102337500,250.21,0.309
Central Europe and the Baltics,CEB,2018,2451.256,14411.981,102074200,250.21,0.291
Central Europe and the Baltics,CEB,2019,2456.3076,15024.013,101864270,250.21,0.277
Central Europe and the Baltics,CEB,2020,2472.046,14621.137,101215760,250.21,0.345
Central Europe and the Baltics,CEB,2021,2496.963,15739.135,100205730,250.21,0.483
Central Europe and the Baltics,CEB,2022,2500.303,16397.258,100071870,,0.449
Central Europe and the Baltics,CEB,2023,,16494.812,100183704,,
Central Europe and the Baltics,CEB,2024,,16856.766,100061960,,
Chad,TCD,1990,2507.1733,602.6707,5982833,15,
Chad,TCD,1991,2417.142,630.62067,6205676,15,
Chad,TCD,1992,2316.7253,652.785,6474656,15,
Chad,TCD,1993,2262.7349,537.4105,6629146,15,
Chad,TCD,1994,2211.2642,578.4235,6783450,15,
Chad,TCD,1995,2115.9353,560.3314,7089064,15,-3.336
Chad,TCD,1996,2024.262,547.9258,7410108,15,-3.485
Chad,TCD,1997,1955.5781,559.2598,7670366,15,-3.333
Chad,TCD,1998,1889.4448,577.90955,7938840,15,-3.542
Chad,TCD,1999,1824.2172,554.1489,8222705,15,-3.775
Chad,TCD,2000,1762.1989,530.60034,8512093,15,-3.593
Chad,TCD,2001,1703.7471,572.8067,8804124,15,-3.389
Chad,TCD,2002,1645.4238,600.17145,9116192,15,-3.395
Chad,TCD,2003,1580.9722,661.55695,9487833,15,-3.502
Chad,TCD,2004,1512.0913,845.5181,9920036,15,-3.684
Chad,TCD,2005,1452.3496,952.8719,10328092,15,-3.794
Chad,TCD,2006,1401.0281,914.2107,10706424,15,-3.837
Chad,TCD,2007,1353.5878,920.35284,11081660,15,-3.83
Chad,TCD,2008,1307.0419,916.0873,11476296,15,-3.734
Chad,TCD,2009,1261.1661,871.4853,11893754,15,-3.564
Chad,TCD,2010,1218.2667,956.953,12312575,15,-3.454
Chad,TCD,2011,1176.0096,965.287,12754997,15,-3.441
Chad,TCD,2012,1135.4176,1016.4215,13210998,15,-3.454
Chad,TCD,2013,1095.6039,1008.6171,13691079,15,-3.468
Chad,TCD,2014,1057.1809,993.32117,14188678,15,-3.467
Chad,TCD,2015,1024.0571,993.9907,14647621,15,-3.414
Chad,TCD,2016,992.4143,923.56586,15114655,15,-3.338
Chad,TCD,2017,960.1377,879.07587,15622759,15,-3.298
Chad,TCD,2018,928.4171,898.8348,16156531,15,-3.257
Chad,TCD,2019,898.9991,917.20374,16685223,15,-3.19
Chad,TCD,2020,870.8435,884.9805,17224680,15,-3.189
Chad,TCD,2021,841.3602,857.52765,17828272,15,-3.248
Chad,TCD,2022,812.7739,862.6021,18455316,15,-3.278
Chad,TCD,2023,,856.83246,19319064,,
Chad,TCD,2024,,849.70734,20299124,,
Channel Islands,CHI,1990,,,143087,,
Channel Islands,CHI,1991,,,144269,,
Channel Islands,CHI,1992,,,144733,,
Channel Islands,CHI,1993,,,144984,,
Channel Islands,CHI,1994,,,145163,,
Channel Islands,CHI,1995,,,145247,,
Channel Islands,CHI,1996,,,145565,,
Channel Islands,CHI,1997,,,146214,,
Channel Islands,CHI,1998,,,146906,,
Channel Islands,CHI,1999,,,147554,,
Channel Islands,CHI,2000,,,148110,,
Channel Islands,CHI,2001,,,148850,,
Channel Islands,CHI,2002,,,149881,,
Channel Islands,CHI,2003,,,150960,,
Channel Islands,CHI,2004,,,152039,,
Channel Islands,CHI,2005,,,153126,,
Channel Islands,CHI,2006,,,154214,,
Channel Islands,CHI,2007,,,155309,,
Channel Islands,CHI,2008,,,156408,,
Channel Islands,CHI,2009,,67617.82,157511,,
Channel Islands,CHI,2010,,64722.984,158621,,
Channel Islands,CHI,2011,,65006.49,159706,,
Channel Islands,CHI,2012,,60861.902,160767,,
Channel Islands,CHI,2013,,60780.668,161777,,
Channel Islands,CHI,2014,,61892.81,162726,,
Channel Islands,CHI,2015,,61847.82,163454,,
Channel Islands,CHI,2016,,62434.188,163883,,
Channel Islands,CHI,2017,,63393.395,164319,,
Channel Islands,CHI,2018,,63859.984,164949,,
Channel Islands,CHI,2019,,64594.52,165639,,
Channel Islands,CHI,2020,,58636.703,166235,,
Channel Islands,CHI,2021,,64267.69,166741,,
Channel Islands,CHI,2022,,67508.94,167215,,
Channel Islands,CHI,2023,,69818.16,167691,,
Channel Islands,CHI,2024,,,168126,,
Chile,CHL,1990,65862.055,5290.537,13437176,885,
Chile,CHL,1991,64775.89,5606.8657,13662491,885,
Chile,CHL,1992,63739.79,6151.7656,13884577,885,
Chile,CHL,1993,62755.83,6461.732,14102276,885,
Chile,CHL,1994,61817.84,6688.2974,14316256,885,
Chile,CHL,1995,60919.445,7201.131,14527381,885,-1.548
Chile,CHL,1996,60064.97,7605.2896,14734046,885,-1.499
Chile,CHL,1997,59266.96,8058.9424,14932434,885,-1.445
Chile,CHL,1998,58501.57,8287.45,15127799,885,-1.394
Chile,CHL,1999,57770.215,8161.4517,15319313,885,-1.345
Chile,CHL,2000,57083.387,8465.354,15503635,885,-1.292
Chile,CHL,2001,56427.477,8632.015,15683849,885,-1.242
Chile,CHL,2002,55808.06,8810.69,15857925,885,-1.195
Chile,CHL,2003,55227.062,9130.784,16024752,885,-1.145
Chile,CHL,2004,54672.414,9642.375,16187322,885,-1.096
Chile,CHL,2005,54132.484,10104.421,16348778,885,-1.056
Chile,CHL,2006,53606.49,10611.614,16509195,885,-1.02
Chile,CHL,2007,53084.348,11051.345,16671581,885,-0.996
Chile,CHL,2008,52556.6,11356.092,16838988,885,-0.986
Chile,CHL,2009,52029.043,11116.409,17009732,885,-0.986
Chile,CHL,2010,51509,11649.29,17181464,885,-0.989
Chile,CHL,2011,51003.31,12252.844,17351816,885,-0.991
Chile,CHL,2012,50516.24,12882.834,17519120,885,-0.987
Chile,CHL,2013,50036.734,13182.733,17687006,885,-0.978
Chile,CHL,2014,49540.434,13285.954,17864196,885,-0.975
Chile,CHL,2015,49036.92,13433.92,18047624,885,-0.979
Chile,CHL,2016,48447.434,13505.098,18267220,885,-1.023
Chile,CHL,2017,47686.098,13473.346,18558868,885,-1.146
Chile,CHL,2018,46842.273,13763.007,18893192,885,-1.311
Chile,CHL,2019,46099.168,13630.594,19197744,885,-1.43
Chile,CHL,2020,45687.74,12679.024,19370624,885,-1.405
Chile,CHL,2021,45486.473,14051.472,19456334,885,-1.253
Chile,CHL,2022,45261.51,14283.149,19553036,885,-1.038
Chile,CHL,2023,,14280.348,19658836,,
Chile,CHL,2024,,14579.4,19764772,,
China,CHN,1990,2477.922,917.2707,1135185000,2812.9,
China,CHN,1991,2444.342,989.5485,1150780000,2812.9,
China,CHN,1992,2414.5686,1117.2733,1164970000,2812.9,
China,CHN,1993,2386.9692,1258.3495,1178440000,2812.9,
China,CHN,1994,2360.142,1406.8584,1191835000,2812.9,
China,CHN,1995,2334.6377,1545.1943,1204855000,2812.9,-1.184
China,CHN,1996,2310.2952,1681.6274,1217550000,2812.9,-1.122
China,CHN,1997,2286.7712,1819.0979,1230075000,2812.9,-1.082
China,CHN,1998,2264.9333,1944.4373,1241935000,2812.9,-1.044
China,CHN,1999,2245.407,2076.818,1252735000,2812.9,-0.992
China,CHN,2000,2227.7837,2237.4429,1262645000,2812.9,-0.933
China,CHN,2001,2211.6602,2405.894,1271850000,2812.9,-0.869
China,CHN,2002,2196.8916,2610.7295,1280400000,2812.9,-0.799
China,CHN,2003,2183.2505,2857.0374,1288400000,2812.9,-0.732
China,CHN,2004,2170.322,3127.8628,1296075000,2812.9,-0.678
China,CHN,2005,2157.5952,3465.8174,1303720000,2812.9,-0.638
China,CHN,2006,2145.5813,3883.3542,1311020000,2812.9,-0.605
China,CHN,2007,2134.4048,4409.757,1317885000,2812.9,-0.575
China,CHN,2008,2123.4963,4811.4746,1324655000,2812.9,-0.553
China,CHN,2009,2112.9607,5237.7666,1331260000,2812.9,-0.534
China,CHN,2010,2102.7805,5764.865,1337705000,2812.9,-0.513
China,CHN,2011,2091.321,6275.9097,1345035000,2812.9,-0.511
China,CHN,2012,2077.1826,6723.1943,1354190000,2812.9,-0.542
China,CHN,2013,2063.393,7198.069,1363240000,2812.9,-0.573
China,CHN,2014,2050.428,7686.578,1371860000,2812.9,-0.599
China,CHN,2015,2038.5402,8175.333,1379860000,2812.9,-0.619
China,CHN,2016,2026.8917,8679.377,1387790000,2812.9,-0.624
China,CHN,2017,2014.661,9221.514,1396215000,2812.9,-0.609
China,CHN,2018,2005.2611,9798.653,1402760000,2812.9,-0.57
China,CHN,2019,1998.1602,10356.48,1407745000,2812.9,-0.515
China,CHN,2020,1993.4094,10573.642,1411100000,2812.9,-0.447
China,CHN,2021,1991.631,11469.57,1412360000,2812.9,-0.35
China,CHN,2022,1991.892,11830.599,1412175000,2812.9,-0.227
China,CHN,2023,,12484.158,1410710000,,
China,CHN,2024,,13121.677,1408975000,,
Colombia,COL,1990,66121.93,3714.185,32440068,2145,
Colombia,COL,1991,64806.812,3713.1772,33098372,2145,
Colombia,COL,1992,63535.656,3787.5942,33760572,2145,
Colombia,COL,1993,62279.566,3912.6592,34441470,2145,
Colombia,COL,1994,61063.426,4059.3215,35127410,2145,
Colombia,COL,1995,59908.4,4189.7275,35804664,2145,-1.954
Colombia,COL,1996,58827.168,4198.6914,36462744,2145,-1.918
Colombia,COL,1997,57783.773,4265.6934,37121148,2145,-1.88
Colombia,COL,1998,56757.797,4213.828,37792164,2145,-1.84
Colombia,COL,1999,55779.68,3967.1133,38454864,2145,-1.794
Colombia,COL,2000,54873.46,4016.8096,39089936,2145,-1.74
Colombia,COL,2001,54017.625,4020.5078,39709264,2145,-1.691
Colombia,COL,2002,53193.23,4058.285,40324680,2145,-1.642
Colombia,COL,2003,52397.04,4154.1753,40937428,2145,-1.586
Colombia,COL,2004,51633.035,4311.916,41543172,2145,-1.533
Colombia,COL,2005,50915.074,4457.2754,42128976,2145,-1.486
Colombia,COL,2006,50244.684,4694.0347,42691084,2145,-1.438
Colombia,COL,2007,49612.152,4947.2524,43235376,2145,-1.384
Colombia,COL,2008,49018.703,5048.572,43758810,2145,-1.324
Colombia,COL,2009,48450.99,5046.971,44271540,2145,-1.264
Colombia,COL,2010,47903.715,5214.2456,44777320,2145,-1.212
Colombia,COL,2011,47393.246,5517.101,45259616,2145,-1.162
Colombia,COL,2012,46920.31,5675.7563,45715810,2145,-1.11
Colombia,COL,2013,46477.277,5910.806,46151584,2145,-1.059
Colombia,COL,2014,46064.215,6121.84,46565428,2145,-1.005
Colombia,COL,2015,45667.504,6248.515,46969940,2145,-0.952
Colombia,COL,2016,45217.38,6316.071,47437510,2145,-0.936
Colombia,COL,2017,44565.8,6309.6772,48131080,2145,-1.024
Colombia,COL,2018,43753.664,6353.5464,49024464,2145,-1.2
Colombia,COL,2019,42979.094,6439.9634,49907984,2145,-1.377
Colombia,COL,2020,42366.188,5891.955,50629996,2145,-1.49
Colombia,COL,2021,41904.21,6457.1694,51188172,2145,-1.51
Colombia,COL,2022,41458.934,6856.726,51737944,2145,-1.435
Colombia,COL,2023,,6828.5977,52321150,,
Colombia,COL,2024,,6863.5957,52886364,,
Comoros,COM,1990,2699.0796,1253.762,444596,1.2,
Comoros,COM,1991,2634.1438,1148.1393,455556,1.2,
Comoros,COM,1992,2580.0183,1207.2921,465113,1.2,
Comoros,COM,1993,2533.3452,1215.6495,473682,1.2,
Comoros,COM,1994,2488.8933,1146.7072,482142,1.2,
Comoros,COM,1995,2446.0542,1190.5004,490586,1.2,-1.949
Comoros,COM,1996,2404.2942,1164.2034,499107,1.2,-1.809
Comoros,COM,1997,2363.2422,1194.7949,507777,1.2,-1.74
Comoros,COM,1998,2322.8938,1174.69,516597,1.2,-1.72
Comoros,COM,1999,2281.8633,1185.0704,525886,1.2,-1.722
Comoros,COM,2000,2238.472,1150.8284,536080,1.2,-1.758
Comoros,COM,2001,2192.9023,1188.5011,547220,1.2,-1.824
Comoros,COM,2002,2146.9863,1217.115,558923,1.2,-1.901
Comoros,COM,2003,2106.0095,1216.9803,569798,1.2,-1.941
Comoros,COM,2004,2066.4573,1231.1475,580704,1.2,-1.964
Comoros,COM,2005,2024.7115,1274.6144,592677,1.2,-1.987
Comoros,COM,2006,1984.2811,1227.2463,604753,1.2,-1.98
Comoros,COM,2007,1945.1248,1212.6963,616927,1.2,-1.955
Comoros,COM,2008,1906.8595,1235.9724,629307,1.2,-1.967
Comoros,COM,2009,1869.3132,1250.9004,641947,1.2,-1.985
Comoros,COM,2010,1832.5199,1272.6066,654836,1.2,-1.975
Comoros,COM,2011,1796.2566,1299.111,668056,1.2,-1.971
Comoros,COM,2012,1760.4858,1313.5813,681630,1.2,-1.975
Comoros,COM,2013,1723.6625,1343.5452,696192,1.2,-2
Comoros,COM,2014,1686.5706,1342.328,711503,1.2,-2.036
Comoros,COM,2015,1651.3413,1329.3705,726682,1.2,-2.061
Comoros,COM,2016,1617.8154,1345.6256,741741,1.2,-2.071
Comoros,COM,2017,1585.8982,1369.4104,756669,1.2,-2.067
Comoros,COM,2018,1555.2301,1391.8462,771590,1.2,-2.036
Comoros,COM,2019,1525.5957,1389.3643,786578,1.2,-1.986
Comoros,COM,2020,1495.9553,1359.7063,802163,1.2,-1.957
Comoros,COM,2021,1466.6807,1359.7625,818174,1.2,-1.942
Comoros,COM,2022,1438.5247,1368.3741,834188,1.2,-1.932
Comoros,COM,2023,,1382.5131,850387,,
Comoros,COM,2024,,1401.889,866628,,
"Congo, Dem. Rep.",COD,1990,24533.814,831.66296,36684064,900,
"Congo, Dem. Rep.",COD,1991,23730.537,736.6912,37925816,900,
"Congo, Dem. Rep.",COD,1992,22942.264,637.4369,39228910,900,
"Congo, Dem. Rep.",COD,1993,22136.771,532.2145,40656336,900,
"Congo, Dem. Rep.",COD,1994,21113.44,487.8146,42626876,900,
"Congo, Dem. Rep.",COD,1995,20254.895,471.2542,44433704,900,-3.761
"Congo, Dem. Rep.",COD,1996,19869.25,457.5518,45296124,900,-3.489
"Congo, Dem. Rep.",COD,1997,19552.508,424.9666,46029904,900,-3.147
"Congo, Dem. Rep.",COD,1998,19028.45,406.85928,47297600,900,-2.981
"Congo, Dem. Rep.",COD,1999,18400.027,376.6229,48912972,900,-2.714
"Congo, Dem. Rep.",COD,2000,17819.156,339.52682,50507440,900,-2.53
"Congo, Dem. Rep.",COD,2001,17263.654,322.0339,52132650,900,-2.772
"Congo, Dem. Rep.",COD,2002,16744.023,321.54785,53750524,900,-3.054
"Congo, Dem. Rep.",COD,2003,16261.965,329.70953,55343868,900,-3.093
"Congo, Dem. Rep.",COD,2004,15790.1,341.71494,56997740,900,-3.013
"Congo, Dem. Rep.",COD,2005,15312.444,351.7085,58775724,900,-2.987
"Congo, Dem. Rep.",COD,2006,14847.588,358.45438,60615908,900,-2.97
"Congo, Dem. Rep.",COD,2007,14405.128,377.43713,62477750,900,-2.964
"Congo, Dem. Rep.",COD,2008,13977.182,393.33118,64390664,900,-2.983
"Congo, Dem. Rep.",COD,2009,13551.759,383.5159,66412044,900,-3.011
"Congo, Dem. Rep.",COD,2010,13126.606,400.61957,68563040,900,-3.034
"Congo, Dem. Rep.",COD,2011,12703.017,417.13043,70849310,900,-3.072
"Congo, Dem. Rep.",COD,2012,12285.915,438.40607,73254616,900,-3.133
"Congo, Dem. Rep.",COD,2013,11875.013,464.5267,75789390,900,-3.207
"Congo, Dem. Rep.",COD,2014,11479.117,481.83023,78403240,900,-3.265
"Congo, Dem. Rep.",COD,2015,11106.239,495.82663,81035530,900,-3.287
"Congo, Dem. Rep.",COD,2016,10719.848,480.46136,83956420,900,-3.338
"Congo, Dem. Rep.",COD,2017,10334.921,482.85468,87083400,900,-3.399
"Congo, Dem. Rep.",COD,2018,9994.709,495.3121,90047650,900,-3.389
"Congo, Dem. Rep.",COD,2019,9682.892,482.5243,92947440,900,-3.346
"Congo, Dem. Rep.",COD,2020,9375.977,470.85294,95990000,900,-3.33
"Congo, Dem. Rep.",COD,2021,9077.254,485.1608,99148930,900,-3.272
"Congo, Dem. Rep.",COD,2022,8789.322,513.5127,102396970,900,-3.188
"Congo, Dem. Rep.",COD,2023,,539.4591,105789730,,
"Congo, Dem. Rep.",COD,2024,,554.24414,109276264,,
"Congo, Rep.",COG,1990,93255.37,2363.767,2380560,222,
"Congo, Rep.",COG,1991,90640.766,2352.5276,2449229,222,
"Congo, Rep.",COG,1992,88113.945,2346.6792,2519465,222,
"Congo, Rep.",COG,1993,85545.05,2255.9436,2595124,222,
"Congo, Rep.",COG,1994,83048.27,2069.7964,2673144,222,
"Congo, Rep.",COG,1995,80743.1,2092.5435,2749461,222,-2.84
"Congo, Rep.",COG,1996,78534.445,2122.6282,2826785,222,-2.827
"Congo, Rep.",COG,1997,76873.48,2064.7537,2887862,222,-2.692
"Congo, Rep.",COG,1998,75201.695,2095.344,2952061,222,-2.544
"Congo, Rep.",COG,1999,73197.9,1986.8479,3032874,222,-2.493
"Congo, Rep.",COG,2000,70446.11,2057.0193,3151345,222,-2.692
"Congo, Rep.",COG,2001,67837.27,2056.165,3272537,222,-2.886
"Congo, Rep.",COG,2002,66253.41,2100.1687,3350771,222,-2.93
"Congo, Rep.",COG,2003,64427.137,2058.8867,3445753,222,-3.045
"Congo, Rep.",COG,2004,62262.414,2058.884,3565554,222,-3.184
"Congo, Rep.",COG,2005,60058.55,2140.0369,3696393,222,-3.14
"Congo, Rep.",COG,2006,57851.535,2226.0234,3837409,222,-3.134
"Congo, Rep.",COG,2007,55772.867,2004.1011,3980430,222,-3.385
"Congo, Rep.",COG,2008,53968.418,2061.5583,4113517,222,-3.481
"Congo, Rep.",COG,2009,51854.39,2211.3157,4281219,222,-3.592
"Congo, Rep.",COG,2010,49750.242,2332.2852,4462290,222,-3.696
"Congo, Rep.",COG,2011,48159.066,2307.494,4609724,222,-3.601
"Congo, Rep.",COG,2012,46830.996,2467.061,4740450,222,-3.434
"Congo, Rep.",COG,2013,45706.297,2390.6575,4857099,222,-3.269
"Congo, Rep.",COG,2014,44615.223,2488.6812,4975880,222,-2.963
"Congo, Rep.",COG,2015,43550.066,2439.3518,5097581,222,-2.627
"Congo, Rep.",COG,2016,42508.086,2174.193,5222536,222,-2.465
"Congo, Rep.",COG,2017,41487.49,2003.2712,5351011,222,-2.394
"Congo, Rep.",COG,2018,40487.914,1909.956,5483118,222,-2.395
"Congo, Rep.",COG,2019,39525.26,1885.5109,5616661,222,-2.394
"Congo, Rep.",COG,2020,38589.965,1725.5104,5752791,222,-2.389
"Congo, Rep.",COG,2021,37677.04,1701.7906,5892183,222,-2.384
"Congo, Rep.",COG,2022,36784.785,1686.0023,6035104,222,-2.377
"Congo, Rep.",COG,2023,,1677.0854,6182885,,
"Congo, Rep.",COG,2024,,1679.5806,6332961,,
Costa Rica,CRI,1990,36198.156,6037.0513,3121706,113,
Costa Rica,CRI,1991,35288.504,6018.6826,3202176,113,
Costa Rica,CRI,1992,34406.555,6408.205,3284258,113,
Costa Rica,CRI,1993,33556.707,6693.4907,3367434,113,
Costa Rica,CRI,1994,32742.975,6826.3228,3451122,113,
Costa Rica,CRI,1995,31964.463,6940.837,3535176,113,-2.457
Costa Rica,CRI,1996,31223.982,6871.6094,3619013,113,-2.418
Costa Rica,CRI,1997,30526.424,7085.9883,3701711,113,-2.365
Costa Rica,CRI,1998,29871.752,7430.1724,3782838,113,-2.3
Costa Rica,CRI,1999,29258.686,7584.4214,3862101,113,-2.225
Costa Rica,CRI,2000,28696.67,7726.52,3937739,113,-2.134
Costa Rica,CRI,2001,28186.953,7854.234,4008947,113,-2.026
Costa Rica,CRI,2002,27725.266,7989.559,4075705,113,-1.907
Costa Rica,CRI,2003,27302.705,8207.457,4138784,113,-1.782
Costa Rica,CRI,2004,26904.262,8445.529,4200078,113,-1.664
Costa Rica,CRI,2005,26518.104,8655.34,4261240,113,-1.567
Costa Rica,CRI,2006,26149.297,9160.294,4321340,113,-1.49
Costa Rica,CRI,2007,25797.627,9779.512,4380248,113,-1.431
Costa Rica,CRI,2008,25450.129,10104.909,4440056,113,-1.395
Costa Rica,CRI,2009,25112.277,9883.676,4499791,113,-1.369
Costa Rica,CRI,2010,24802.666,10285.086,4555962,113,-1.329
Costa Rica,CRI,2011,24512.818,10612.47,4609833,113,-1.284
Costa Rica,CRI,2012,24228.473,11001.52,4663934,113,-1.247
Costa Rica,CRI,2013,23960.236,11151.144,4716147,113,-1.199
Costa Rica,CRI,2014,23704.045,11422.674,4767119,113,-1.148
Costa Rica,CRI,2015,23453.53,11714.711,4818038,113,-1.112
Costa Rica,CRI,2016,23217.598,12084.436,4866998,113,-1.08
Costa Rica,CRI,2017,22999.375,12468.565,4913177,113,-1.036
Costa Rica,CRI,2018,22792.285,12679.525,4957818,113,-0.994
Costa Rica,CRI,2019,22602.021,12877.65,4999553,113,-0.948
Costa Rica,CRI,2020,22445.932,12242.21,5034320,113,-0.874
Costa Rica,CRI,2021,22332.068,13146.692,5059988,113,-0.775
Costa Rica,CRI,2022,22236.37,13686.161,5081765,113,-0.672
Costa Rica,CRI,2023,,14318.839,5105525,,
Costa Rica,CRI,2024,,14866.582,5129910,,
Cote d'Ivoire,CIV,1990,6303.642,1866.0786,12189778,76.84,
Cote d'Ivoire,CIV,1991,6058.088,1794.1206,12683870,76.84,
Cote d'Ivoire,CIV,1992,5821.075,1719.7126,13200310,76.84,
Cote d'Ivoire,CIV,1993,5594.0796,1649.4703,13735951,76.84,
Cote d'Ivoire,CIV,1994,5378.24,1598.6924,14287201,76.84,
Cote d'Ivoire,CIV,1995,5172.472,1647.0878,14855565,76.84,-3.878
Cote d'Ivoire,CIV,1996,4975.939,1706.9764,15442312,76.84,-3.859
Cote d'Ivoire,CIV,1997,4788.3833,1801.1316,16047170,76.84,-3.831
Cote d'Ivoire,CIV,1998,4611.1523,1808.4229,16663948,76.84,-3.791
Cote d'Ivoire,CIV,1999,4463.3066,1770.8654,17215936,76.84,-3.661
Cote d'Ivoire,CIV,2000,4341.4873,1717.9539,17699004,76.84,-3.442
Cote d'Ivoire,CIV,2001,4226.8755,1636.5732,18178912,76.84,-3.21
Cote d'Ivoire,CIV,2002,4119.0537,1551.2793,18654772,76.84,-2.966
Cote d'Ivoire,CIV,2003,4017.6638,1441.588,19125542,76.84,-2.718
Cote d'Ivoire,CIV,2004,3921.4084,1451.8655,19595000,76.84,-2.556
Cote d'Ivoire,CIV,2005,3828.894,1431.7332,20068458,76.84,-2.482
Cote d'Ivoire,CIV,2006,3739.7546,1437.7745,20546802,76.84,-2.419
Cote d'Ivoire,CIV,2007,3653.731,1420.174,21030558,76.84,-2.369
Cote d'Ivoire,CIV,2008,3571.555,1454.6273,21514440,76.84,-2.327
Cote d'Ivoire,CIV,2009,3493.0544,1473.9183,21997940,76.84,-2.287
Cote d'Ivoire,CIV,2010,3416.9236,1540.5293,22488064,76.84,-2.251
Cote d'Ivoire,CIV,2011,3343.4863,1426.4646,22982000,76.84,-2.215
Cote d'Ivoire,CIV,2012,3274.3745,1503.4343,23467078,76.84,-2.169
Cote d'Ivoire,CIV,2013,3209.721,1632.3271,23939776,76.84,-2.114
Cote d'Ivoire,CIV,2014,3132.8235,1742.537,24527396,76.84,-2.153
Cote d'Ivoire,CIV,2015,3043.6091,1814.7185,25246342,76.84,-2.287
Cote d'Ivoire,CIV,2016,2956.5894,1889.2778,25989404,76.84,-2.43
Cote d'Ivoire,CIV,2017,2874.31,1972.8143,26733372,76.84,-2.573
Cote d'Ivoire,CIV,2018,2797.827,2013.3231,27464172,76.84,-2.709
Cote d'Ivoire,CIV,2019,2725.4983,2093.0999,28193008,76.84,-2.747
Cote d'Ivoire,CIV,2020,2657.403,2055.085,28915448,76.84,-2.677
Cote d'Ivoire,CIV,2021,2592.4658,2146.4763,29639736,76.84,-2.594
Cote d'Ivoire,CIV,2022,2528.047,2227.0984,30395002,76.84,-2.535
Cote d'Ivoire,CIV,2023,,2315.3816,31165654,,
Cote d'Ivoire,CIV,2024,,2395.677,31934230,,
Croatia,HRV,1990,,9754.649,4777368,,
Croatia,HRV,1991,,7842.5522,4689022,,
Croatia,HRV,1992,8238.964,7095.227,4575818,37.7,
Croatia,HRV,1993,8194.827,6490.8345,4600463,37.7,
Croatia,HRV,1994,8103.9995,6795.7124,4652024,37.7,
Croatia,HRV,1995,8160.12,7304.7095,4620030,37.7,
Croatia,HRV,1996,8272.811,7857.992,4557097,37.7,
Croatia,HRV,1997,8313.267,8383.471,4534920,37.7,0.18
Croatia,HRV,1998,8318.375,8577.507,4532135,37.7,0.3
Croatia,HRV,1999,8354.391,8541.532,4512597,37.7,0.61
Croatia,HRV,2000,8437.21,8880.27,4468302,37.7,0.67
Croatia,HRV,2001,8768.172,9515.735,4299642,37.7,1.17
Croatia,HRV,2002,8763.012,10062.04,4302174,37.7,1.059
Croatia,HRV,2003,8760.517,10619.308,4303399,37.7,1.041
Croatia,HRV,2004,8758.073,11059.098,4304600,37.7,0.948
Croatia,HRV,2005,8746.806,11522.79,4310145,37.7,0.723
Croatia,HRV,2006,8744.748,12104.042,4311159,37.7,-0.053
Croatia,HRV,2007,8746.659,12717.987,4310217,37.7,-0.037
Croatia,HRV,2008,8747.698,12970.4375,4309705,37.7,-0.029
Croatia,HRV,2009,8756.891,12099.552,4305181,37.7,-0.003
Croatia,HRV,2010,8776.775,11965.005,4295427,37.7,0.068
Croatia,HRV,2011,8807.131,11993.071,4280622,37.7,0.142
Croatia,HRV,2012,8849.001,11780.475,4260368,37.7,0.233
Croatia,HRV,2013,8904.273,11838.215,4233922,37.7,0.355
Croatia,HRV,2014,8972.776,11862.761,4201598,37.7,0.488
Croatia,HRV,2015,9080.5625,12283.784,4151725,37.7,0.683
Croatia,HRV,2016,9179.747,12848.42,4106867,37.7,0.832
Croatia,HRV,2017,9328.435,13485.301,4041407,37.7,1.061
Croatia,HRV,2018,9451.523,14060.987,3988775,37.7,1.2
Croatia,HRV,2019,9545.778,14641.664,3949390,37.7,1.246
Croatia,HRV,2020,9631.583,13545.488,3914206,37.7,1.185
Croatia,HRV,2021,9719.047,15395.129,3878981,37.7,1.148
Croatia,HRV,2022,9777.881,16618.111,3855641,37.7,0.946
Croatia,HRV,2023,,17225.154,3859686,,
Croatia,HRV,2024,,17854.209,3866200,,
Cuba,CUB,1990,3585.4705,4961.4575,10631799,38.12,
Cuba,CUB,1991,3556.7532,4395.455,10717640,38.12,
Cuba,CUB,1992,3534.2761,3861.8743,10785801,38.12,
Cuba,CUB,1993,3516.2708,3270.5505,10841031,38.12,
Cuba,CUB,1994,3501.7385,3280.3845,10886021,38.12,
Cuba,CUB,1995,3489.1292,3348.8877,10925362,38.12,-0.543
Cuba,CUB,1996,3477.4644,3599.325,10962010,38.12,-0.45
Cuba,CUB,1997,3466.1055,3687.4253,10997934,38.12,-0.389
Cuba,CUB,1998,3454.5532,3680.9841,11034712,38.12,-0.354
Cuba,CUB,1999,3442.8477,3895.5464,11072230,38.12,-0.339
Cuba,CUB,2000,3431.4182,4112.2617,11109109,38.12,-0.333
Cuba,CUB,2001,3420.6343,4229.9033,11144132,38.12,-0.329
Cuba,CUB,2002,3410.4478,4277.3955,11177418,38.12,-0.323
Cuba,CUB,2003,3400.7224,4426.966,11209383,38.12,-0.314
Cuba,CUB,2004,3391.8345,4670.188,11238756,38.12,-0.298
Cuba,CUB,2005,3384.6675,5182.353,11262554,38.12,-0.274
Cuba,CUB,2006,3379.8672,5799.4116,11278550,38.12,-0.24
Cuba,CUB,2007,3377.2554,6215.766,11287272,38.12,-0.195
Cuba,CUB,2008,3375.9124,6469.085,11291762,38.12,-0.146
Cuba,CUB,2009,3375.0286,6561.253,11294719,38.12,-0.099
Cuba,CUB,2010,3374.225,6716.4907,11297409,38.12,-0.062
Cuba,CUB,2011,3372.9824,6902.164,11301571,38.12,-0.041
Cuba,CUB,2012,3372.5037,7109.2485,11303175,38.12,-0.028
Cuba,CUB,2013,3373.9985,7307.82,11298167,38.12,-0.011
Cuba,CUB,2014,3377.7034,7392.4834,11285775,38.12,0.016
Cuba,CUB,2015,3380.9119,7727.92,11275065,38.12,0.04
Cuba,CUB,2016,3383.7488,7774.07,11265612,38.12,0.064
Cuba,CUB,2017,3389.0984,7927.278,11247829,38.12,0.098
Cuba,CUB,2018,3395.3503,8120.431,11227118,38.12,0.126
Cuba,CUB,2019,3402.7068,8124.753,11202846,38.12,0.148
Cuba,CUB,2020,3410.7725,7252.288,11176354,38.12,0.176
Cuba,CUB,2021,3427.3894,7379.043,11122168,38.12,0.257
Cuba,CUB,2022,3446.7107,7552.3315,11059820,38.12,0.338
Cuba,CUB,2023,,7433.4287,11019931,,
Cuba,CUB,2024,,7381.398,10979783,,
Curacao,CUW,1990,,,145400,,
Curacao,CUW,1991,,,144403,,
Curacao,CUW,1992,,,143912,,
Curacao,CUW,1993,,,144299,,
Curacao,CUW,1994,,,144630,,
Curacao,CUW,1995,,,145139,,
Curacao,CUW,1996,,,146306,,
Curacao,CUW,1997,,,146956,,
Curacao,CUW,1998,,,144472,,
Curacao,CUW,1999,,,139428,,
Curacao,CUW,2000,,21523.646,133860,,
Curacao,CUW,2001,,22171.066,129047,,
Curacao,CUW,2002,,22231.879,129205,,
Curacao,CUW,2003,,21840.89,131897,,
Curacao,CUW,2004,,21512.111,134192,,
Curacao,CUW,2005,,21112.322,137658,,
Curacao,CUW,2006,,20913.662,141239,,
Curacao,CUW,2007,,21011.156,144056,,
Curacao,CUW,2008,,21202.43,145880,,
Curacao,CUW,2009,,20952.9,146833,,
Curacao,CUW,2010,,20706.438,148703,,
Curacao,CUW,2011,,20518.098,150831,,
Curacao,CUW,2012,,20277.512,152088,,
Curacao,CUW,2013,,19921.477,153822,,
Curacao,CUW,2014,,19529.53,155909,,
Curacao,CUW,2015,,19361.812,157980,,
Curacao,CUW,2016,,18953.055,159664,,
Curacao,CUW,2017,,18651.48,160175,,
Curacao,CUW,2018,,18355.176,159336,,
Curacao,CUW,2019,,17980.53,157441,,
Curacao,CUW,2020,,14849.97,155482,,
Curacao,CUW,2021,,15625.411,153948,,
Curacao,CUW,2022,,16772.814,153321,,
Curacao,CUW,2023,,17326.965,154654,,
Curacao,CUW,2024,,18044.775,155967,,
Cyprus,CYP,1990,989.407,17144.469,788351,0.78,
Cyprus,CYP,1991,976.2887,16829.912,798944,0.78,
Cyprus,CYP,1992,962.55774,17928.541,810341,0.78,
Cyprus,CYP,1993,944.27106,17623.285,826034,0.78,
Cyprus,CYP,1994,923.44086,18281.021,844667,0.78,
Cyprus,CYP,1995,904.14343,19453.846,862695,0.78,-1.786
Cyprus,CYP,1996,886.07166,19385.287,880290,0.78,-1.921
Cyprus,CYP,1997,869.01495,19617.186,897568,0.78,-2.024
Cyprus,CYP,1998,852.8803,20562.297,914548,0.78,-2.015
Cyprus,CYP,1999,837.59827,21349.75,931234,0.78,-1.932
Cyprus,CYP,2000,823.0739,22383.965,947667,0.78,-1.861
Cyprus,CYP,2001,809.02203,23019.25,964127,0.78,-1.803
Cyprus,CYP,2002,794.75055,23604.19,981440,0.78,-1.771
Cyprus,CYP,2003,780.31995,23930.783,999590,0.78,-1.763
Cyprus,CYP,2004,766.30237,24799.648,1017875,0.78,-1.763
Cyprus,CYP,2005,752.786,25631.367,1036151,0.78,-1.769
Cyprus,CYP,2006,739.74457,26395.504,1054418,0.78,-1.774
Cyprus,CYP,2007,727.1276,27156.818,1072714,0.78,-1.763
Cyprus,CYP,2008,714.9234,27449.227,1091026,0.78,-1.735
Cyprus,CYP,2009,703.10114,26183.686,1109371,0.78,-1.707
Cyprus,CYP,2010,691.6022,26090.049,1127816,0.78,-1.681
Cyprus,CYP,2011,680.3356,25538.781,1146493,0.78,-1.66
Cyprus,CYP,2012,669.2998,24285.496,1165397,0.78,-1.644
Cyprus,CYP,2013,658.8422,22711.719,1183895,0.78,-1.621
Cyprus,CYP,2014,649.02594,22373.578,1201801,0.78,-1.588
Cyprus,CYP,2015,639.60535,23088.441,1219502,0.78,-1.551
Cyprus,CYP,2016,630.50073,24477.986,1237112,0.78,-1.51
Cyprus,CYP,2017,621.87317,25666.004,1254275,0.78,-1.459
Cyprus,CYP,2018,613.817,26962.406,1270737,0.78,-1.406
Cyprus,CYP,2019,606.2156,28167.16,1286671,0.78,-1.355
Cyprus,CYP,2020,598.9647,26895.684,1302247,0.78,-1.304
Cyprus,CYP,2021,592.1162,29517.072,1317309,0.78,-1.248
Cyprus,CYP,2022,585.8627,31370.55,1331370,0.78,-1.186
Cyprus,CYP,2023,,31884.844,1344976,,
Cyprus,CYP,2024,,32617.217,1358282,,
Czechia,CZE,1990,,11900.584,10333355,,
Czechia,CZE,1991,,10543.619,10308578,,
Czechia,CZE,1992,,10479.492,10319123,,
Czechia,CZE,1993,1273.0092,10475.085,10329855,13.15,
Czechia,CZE,1994,1272.5494,10775.944,10333587,13.15,
Czechia,CZE,1995,1273.33,11453.38,10327253,13.15,
Czechia,CZE,1996,1274.8126,11944.717,10315241,13.15,
Czechia,CZE,1997,1276.1871,11886.348,10304131,13.15,
Czechia,CZE,1998,1277.3969,11850.84,10294373,13.15,0.069
Czechia,CZE,1999,1278.7028,12026.469,10283860,13.15,0.097
Czechia,CZE,2000,1282.2935,12543.937,10255063,13.15,0.14
Czechia,CZE,2001,1287.1204,12958.467,10216605,13.15,0.192
Czechia,CZE,2002,1289.6056,13179.988,10196916,13.15,0.209
Czechia,CZE,2003,1289.9747,13618.935,10193998,13.15,0.196
Czechia,CZE,2004,1289.5822,14259.634,10197101,13.15,0.17
Czechia,CZE,2005,1287.7996,15147.722,10211216,13.15,0.086
Czechia,CZE,2006,1284.317,16107.305,10238905,13.15,-0.044
Czechia,CZE,2007,1276.8444,16892.543,10298828,13.15,-0.199
Czechia,CZE,2008,1266.2979,17190.646,10384603,13.15,-0.37
Czechia,CZE,2009,1259.1039,16272.809,10443936,13.15,-0.477
Czechia,CZE,2010,1255.4407,16665.932,10474410,13.15,-0.508
Czechia,CZE,2011,1252.8478,16926.285,10496088,13.15,-0.495
Czechia,CZE,2012,1251.096,16772.354,10510785,13.15,-0.407
Czechia,CZE,2013,1250.681,16759.781,10514272,13.15,-0.248
Czechia,CZE,2014,1249.365,17118.043,10525347,13.15,-0.155
Czechia,CZE,2015,1246.9113,17931.6,10546059,13.15,-0.136
Czechia,CZE,2016,1244.5189,18359.098,10566332,13.15,-0.133
Czechia,CZE,2017,1241.2173,19257.693,10594438,13.15,-0.158
Czechia,CZE,2018,1237.0732,19736.629,10629928,13.15,-0.219
Czechia,CZE,2019,1232.2114,20360.06,10671870,13.15,-0.276
Czechia,CZE,2020,1229.218,19233.146,10697858,13.15,-0.285
Czechia,CZE,2021,1251.6929,20373.879,10505772,13.15,0.115
Czechia,CZE,2022,1232.1827,20627.35,10672118,13.15,-0.146
Czechia,CZE,2023,,20272.588,10864042,,
Czechia,CZE,2024,,20445.434,10905028,,
Denmark,DNK,1990,1167.1019,39306.793,5140939,6,
Denmark,DNK,1991,1164.077,39776.598,5154298,6,
Denmark,DNK,1992,1160.2341,40447.234,5171370,6,
Denmark,DNK,1993,1156.375,40280.895,5188628,6,
Denmark,DNK,1994,1152.4764,42270.652,5206180,6,
Denmark,DNK,1995,1146.4882,43328.53,5233373,6,-0.356
Denmark,DNK,1996,1140.0182,44331.62,5263074,6,-0.417
Denmark,DNK,1997,1135.2905,45546.59,5284991,6,-0.434
Denmark,DNK,1998,1131.175,46437.19,5304219,6,-0.44
Denmark,DNK,1999,1127.4384,47657.17,5321799,6,-0.438
Denmark,DNK,2000,1123.6763,49266.99,5339616,6,-0.401
Denmark,DNK,2001,1119.6572,49557.152,5358783,6,-0.36
Denmark,DNK,2002,1116.0857,49624.598,5375931,6,-0.341
Denmark,DNK,2003,1113.054,49708.09,5390574,6,-0.322
Denmark,DNK,2004,1110.1813,50956.305,5404523,6,-0.308
Denmark,DNK,2005,1107.1271,52015.184,5419432,6,-0.296
Denmark,DNK,2006,1103.4945,53823.16,5437272,6,-0.29
Denmark,DNK,2007,1098.6118,54113.977,5461438,6,-0.315
Denmark,DNK,2008,1092.1758,53572.535,5493621,6,-0.378
Denmark,DNK,2009,1086.3474,50635.91,5523095,6,-0.433
Denmark,DNK,2010,1081.5326,51209.45,5547683,6,-0.467
Denmark,DNK,2011,1077.0886,51667.53,5570572,6,-0.483
Denmark,DNK,2012,1073.0435,51470.69,5591572,6,-0.47
Denmark,DNK,2013,1068.5792,51970.39,5614932,6,-0.436
Denmark,DNK,2014,1063.1747,52368.363,5643475,6,-0.43
Denmark,DNK,2015,1055.6907,53094.01,5683483,6,-0.483
Denmark,DNK,2016,1047.4843,54300.203,5728010,6,-0.556
Denmark,DNK,2017,1040.7668,55601.016,5764980,6,-0.609
Denmark,DNK,2018,1035.6191,56355.074,5793636,6,-0.625
Denmark,DNK,2019,1031.9169,57114.62,5814422,6,-0.595
Denmark,DNK,2020,1028.9117,55934.555,5831404,6,-0.513
Denmark,DNK,2021,1024.4619,59312.816,5856733,6,-0.443
Denmark,DNK,2022,1016.42596,59108.746,5903037,6,-0.472
Denmark,DNK,2023,,59026.984,5946952,,
Denmark,DNK,2024,,60772.863,5976992,,
Djibouti,DJI,1990,517.65375,,579538,0.3,
Djibouti,DJI,1991,475.36652,,631092,0.3,
Djibouti,DJI,1992,479.2256,,626010,0.3,
Djibouti,DJI,1993,488.40445,,614245,0.3,
Djibouti,DJI,1994,478.6903,,626710,0.3,
Djibouti,DJI,1995,473.87827,,633074,0.3,-1.752
Djibouti,DJI,1996,462.71448,,648348,0.3,-0.538
Djibouti,DJI,1997,446.55017,,671817,0.3,-1.402
Djibouti,DJI,1998,428.96854,,699352,0.3,-2.562
Djibouti,DJI,1999,414.2399,,724218,0.3,-2.851
Djibouti,DJI,2000,401.43555,,747318,0.3,-3.264
Djibouti,DJI,2001,388.94717,,771313,0.3,-3.414
Djibouti,DJI,2002,377.08624,,795574,0.3,-3.325
Djibouti,DJI,2003,368.76828,,813519,0.3,-2.979
Djibouti,DJI,2004,363.1416,,826124,0.3,-2.599
Djibouti,DJI,2005,357.49738,,839167,0.3,-2.292
Djibouti,DJI,2006,350.56393,,855764,0.3,-2.057
Djibouti,DJI,2007,343.04218,,874528,0.3,-1.875
Djibouti,DJI,2008,336.04636,,892734,0.3,-1.841
Djibouti,DJI,2009,329.11807,,911527,0.3,-1.948
Djibouti,DJI,2010,322.4936,,930251,0.3,-2.04
Djibouti,DJI,2011,316.26953,,948558,0.3,-2.038
Djibouti,DJI,2012,310.31903,,966747,0.3,-1.985
Djibouti,DJI,2013,304.62296,2140.1377,984824,0.3,-1.944
Djibouti,DJI,2014,299.1871,2253.1409,1002717,0.3,-1.889
Djibouti,DJI,2015,294.02744,2376.1255,1020313,0.3,-1.831
Djibouti,DJI,2016,289.11398,2502.8518,1037653,0.3,-1.779
Djibouti,DJI,2017,284.40305,2596.4514,1054841,0.3,-1.729
Djibouti,DJI,2018,279.88156,2677.165,1071882,0.3,-1.68
Djibouti,DJI,2019,275.55573,2781.9436,1088709,0.3,-1.632
Djibouti,DJI,2020,271.44702,2773.4067,1105188,0.3,-1.585
Djibouti,DJI,2021,267.559,2854.16,1121248,0.3,-1.538
Djibouti,DJI,2022,263.82996,2959.7866,1137096,0.3,-1.491
Djibouti,DJI,2023,,3117.8154,1152944,,
Djibouti,DJI,2024,,3290.4248,1168722,,
Dominica,DMA,1990,2872.449,5536.879,69627,0.2,
Dominica,DMA,1991,2886.1694,5638.307,69296,0.2,
Dominica,DMA,1992,2884.9622,5750.325,69325,0.2,
Dominica,DMA,1993,2880.4746,5865.4766,69433,0.2,
Dominica,DMA,1994,2878.6504,5863.7827,69477,0.2,
Dominica,DMA,1995,2878.982,6042.202,69469,0.2,0.045
Dominica,DMA,1996,2881.4292,6235.059,69410,0.2,-0.033
Dominica,DMA,1997,2886.0444,6381.5396,69299,0.2,0.007
Dominica,DMA,1998,2893.351,6639.1597,69124,0.2,0.089
Dominica,DMA,1999,2904.022,6687.2397,68870,0.2,0.176
Dominica,DMA,2000,2919.2393,6879.597,68511,0.2,0.278
Dominica,DMA,2001,2928.7722,6897.6567,68288,0.2,0.326
Dominica,DMA,2002,2925.388,6676.9727,68367,0.2,0.271
Dominica,DMA,2003,2918.3872,7047.662,68531,0.2,0.172
Dominica,DMA,2004,2913.3708,7323.853,68649,0.2,0.064
Dominica,DMA,2005,2909.768,7381.747,68734,0.2,-0.065
Dominica,DMA,2006,2906.7231,7698.537,68806,0.2,-0.151
Dominica,DMA,2007,2904.9922,8106.1895,68847,0.2,-0.14
Dominica,DMA,2008,2904.6968,8682.574,68854,0.2,-0.094
Dominica,DMA,2009,2904.2751,8582.715,68864,0.2,-0.063
Dominica,DMA,2010,2904.486,8574.273,68859,0.2,-0.036
Dominica,DMA,2011,2896.326,8553.839,69053,0.2,-0.072
Dominica,DMA,2012,2893.6023,8532.344,69118,0.2,-0.079
Dominica,DMA,2013,2868.823,8459.659,69715,0.2,-0.248
Dominica,DMA,2014,2841.999,8576.264,70373,0.2,-0.433
Dominica,DMA,2015,2840.5056,8282.599,70410,0.2,-0.444
Dominica,DMA,2016,2873.3154,8499.522,69606,0.2,-0.159
Dominica,DMA,2017,2919.8784,7985.6343,68496,0.2,0.181
Dominica,DMA,2018,2933.6697,8261.165,68174,0.2,0.448
Dominica,DMA,2019,2946.376,8624.517,67880,0.2,0.724
Dominica,DMA,2020,2959.762,7302.9443,67573,0.2,0.826
Dominica,DMA,2021,2976.1018,7738.3174,67202,0.2,0.705
Dominica,DMA,2022,2992.8472,8590.922,66826,0.2,0.495
Dominica,DMA,2023,,8946.988,66510,,
Dominica,DMA,2024,,9172.711,66205,,
Dominican Republic,DOM,1990,3286.1775,2772.7708,7151166,23.5,
Dominican Republic,DOM,1991,3219.243,2741.939,7299853,23.5,
Dominican Republic,DOM,1992,3155.4324,2989.6062,7447474,23.5,
Dominican Republic,DOM,1993,3094.3152,3147.6707,7594572,23.5,
Dominican Republic,DOM,1994,3035.5112,3167.9448,7741694,23.5,
Dominican Republic,DOM,1995,2979.1655,3286.3616,7888115,23.5,-1.943
Dominican Republic,DOM,1996,2925.4712,3419.506,8032894,23.5,-1.896
Dominican Republic,DOM,1997,2874.942,3659.5083,8174078,23.5,-1.845
Dominican Republic,DOM,1998,2827.795,3840.8718,8310362,23.5,-1.785
Dominican Republic,DOM,1999,2782.3137,4004.1987,8446208,23.5,-1.727
Dominican Republic,DOM,2000,2737.5908,4123.106,8584190,23.5,-1.677
Dominican Republic,DOM,2001,2694.8667,4158.9844,8720283,23.5,-1.629
Dominican Republic,DOM,2002,2654.6968,4280.802,8852235,23.5,-1.581
Dominican Republic,DOM,2003,2616.7458,4162.667,8980620,23.5,-1.539
Dominican Republic,DOM,2004,2581.03,4212.0103,9104892,23.5,-1.491
Dominican Republic,DOM,2005,2547.416,4549.2495,9225034,23.5,-1.43
Dominican Republic,DOM,2006,2515.7412,4904.7173,9341183,23.5,-1.366
Dominican Republic,DOM,2007,2485.2844,5204.785,9455658,23.5,-1.31
Dominican Republic,DOM,2008,2454.7876,5308.927,9573130,23.5,-1.27
Dominican Republic,DOM,2009,2423.8635,5294.6494,9695265,23.5,-1.249
Dominican Republic,DOM,2010,2393.0327,5666.4565,9820175,23.5,-1.243
Dominican Republic,DOM,2011,2362.8489,5773.574,9945621,23.5,-1.246
Dominican Republic,DOM,2012,2333.569,5860.299,10070411,23.5,-1.252
Dominican Republic,DOM,2013,2305.3154,6075.034,10193833,23.5,-1.249
Dominican Republic,DOM,2014,2278.119,6430.2783,10315528,23.5,-1.233
Dominican Republic,DOM,2015,2252.0732,6800.953,10434829,23.5,-1.207
Dominican Republic,DOM,2016,2227.1863,7177.754,10551430,23.5,-1.176
Dominican Republic,DOM,2017,2203.0886,7379.4,10666843,23.5,-1.144
Dominican Republic,DOM,2018,2179.5479,7818.706,10782053,23.5,-1.116
Dominican Republic,DOM,2019,2157.142,8117.0464,10894043,23.5,-1.085
Dominican Republic,DOM,2020,2134.753,7395.8735,11008300,23.5,-1.064
Dominican Republic,DOM,2021,2112.649,8344.905,11123476,23.5,-1.05
Dominican Republic,DOM,2022,2092.4724,8698.136,11230734,23.5,-1.025
Dominican Republic,DOM,2023,,8809.963,11331265,,
Dominican Republic,DOM,2024,,9168.454,11427557,,
Early-demographic dividend,EAR,1990,6049.038,1833.0264,2044241400,11895.814,
Early-demographic dividend,EAR,1991,5913.676,1870.1461,2092102500,11895.814,
Early-demographic dividend,EAR,1992,5740.113,1904.9042,2138854300,11977.019,
Early-demographic dividend,EAR,1993,5539.341,1930.6359,2184656100,12099.019,
Early-demographic dividend,EAR,1994,5423.531,1955.9097,2228719000,12085.019,
Early-demographic dividend,EAR,1995,5316.242,1965.6975,2273692200,12085.019,-2.55
Early-demographic dividend,EAR,1996,5207.2314,2035.2776,2321284400,12085.019,-2.512
Early-demographic dividend,EAR,1997,5102.2446,2093.374,2369042400,12085.019,-2.328
Early-demographic dividend,EAR,1998,5002.818,2101.6772,2416119800,12085.019,-2.017
Early-demographic dividend,EAR,1999,4908.174,2107.774,2462704000,12085.019,-1.977
Early-demographic dividend,EAR,2000,4816.7705,2158.8733,2509431600,12085.019,-1.954
Early-demographic dividend,EAR,2001,4728.383,2144.6978,2556335400,12085.019,-1.911
Early-demographic dividend,EAR,2002,4645.539,2143.6758,2601917400,12085.019,-1.858
Early-demographic dividend,EAR,2003,4566.2207,2211.9587,2647109400,12085.019,-1.81
Early-demographic dividend,EAR,2004,4486.977,2312.511,2693185000,12082.019,-1.778
Early-demographic dividend,EAR,2005,4412.161,2409.7524,2738847000,12082.019,-1.739
Early-demographic dividend,EAR,2006,4339.46,2515.602,2784726500,12082.019,-1.702
Early-demographic dividend,EAR,2007,4269.2275,2617.6157,2830531800,12082.019,-1.675
Early-demographic dividend,EAR,2008,4201.8076,2666.1108,2875944000,12082.019,-1.65
Early-demographic dividend,EAR,2009,4136.19,2641.4604,2921563600,12082.019,-1.615
Early-demographic dividend,EAR,2010,4072.699,2766.8828,2967104500,12082.019,-1.588
Early-demographic dividend,EAR,2011,4010.0212,2859.2224,3013476900,12082.019,-1.567
Early-demographic dividend,EAR,2012,3950.5085,2935.9521,3058869500,12082.019,-1.54
Early-demographic dividend,EAR,2013,3893.4692,3010.199,3103677200,12082.019,-1.513
Early-demographic dividend,EAR,2014,3840.1091,3087.2817,3146800000,12082.019,-1.475
Early-demographic dividend,EAR,2015,3787.7217,3174.3696,3190318600,12082.019,-1.44
Early-demographic dividend,EAR,2016,3737.6736,3261.996,3233033700,12082.019,-1.397
Early-demographic dividend,EAR,2017,3690.8342,3365.6558,3274060500,12082.019,-1.351
Early-demographic dividend,EAR,2018,3646.081,3444.8074,3314245000,12082.019,-1.304
Early-demographic dividend,EAR,2019,3601.7722,3480.189,3355015000,12082.019,-1.273
Early-demographic dividend,EAR,2020,3558.248,3290.1946,3396051200,12082.019,-1.242
Early-demographic dividend,EAR,2021,3520.9487,3500.21,3432026000,12082.019,-1.188
Early-demographic dividend,EAR,2022,3496.0278,3669.6714,3470644700,,-1.079
Early-demographic dividend,EAR,2023,,3793.522,3511607600,,
Early-demographic dividend,EAR,2024,,3887.6775,3552278500,,
East Asia & Pacific,EAS,1990,5644.6294,3713.3044,1817736000,10105.555,
East Asia & Pacific,EAS,1991,5563.379,3839.3662,1844190000,10105.555,
East Asia & Pacific,EAS,1992,5488.992,3950.4075,1869074600,10105.555,
East Asia & Pacific,EAS,1993,5418.756,4065.449,1893258600,10105.555,
East Asia & Pacific,EAS,1994,5350.5815,4225.9683,1917389200,10105.555,
East Asia & Pacific,EAS,1995,5284.924,4412.803,1941185300,10105.555,-1.308
East Asia & Pacific,EAS,1996,5221.6396,4606.312,1964830100,10105.555,-1.26
East Asia & Pacific,EAS,1997,5160.3535,4739.57,1988067600,10105.555,-1.227
East Asia & Pacific,EAS,1998,5102.865,4709.8574,2010443500,10105.555,-1.194
East Asia & Pacific,EAS,1999,5051.324,4840.078,2030912500,10105.555,-1.144
East Asia & Pacific,EAS,2000,5003.8193,5056.473,2050149600,10105.555,-1.087
East Asia & Pacific,EAS,2001,4958.8887,5177.2183,2068682100,10105.555,-1.027
East Asia & Pacific,EAS,2002,4917.151,5362.11,2086144400,10105.555,-0.961
East Asia & Pacific,EAS,2003,4877.947,5585.2944,2102762000,10105.555,-0.898
East Asia & Pacific,EAS,2004,4840.967,5869.984,2118747900,10105.555,-0.847
East Asia & Pacific,EAS,2005,4804.864,6173.528,2134573000,10105.555,-0.808
East Asia & Pacific,EAS,2006,4768.7075,6524.31,2150689000,10105.555,-0.779
East Asia & Pacific,EAS,2007,4732.5693,6959.6597,2167046700,10105.555,-0.762
East Asia & Pacific,EAS,2008,4696.791,7213.5146,2183472400,10105.555,-0.754
East Asia & Pacific,EAS,2009,4663.0117,7350.0347,2199148800,10105.555,-0.746
East Asia & Pacific,EAS,2010,4630.2476,7855.3623,2214613800,10105.555,-0.738
East Asia & Pacific,EAS,2011,4596.338,8223.356,2230826500,10105.555,-0.734
East Asia & Pacific,EAS,2012,4558.8726,8581.482,2249081300,10105.555,-0.745
East Asia & Pacific,EAS,2013,4522.46,8962.788,2267072000,10105.555,-0.754
East Asia & Pacific,EAS,2014,4487.9575,9321.666,2284385500,10105.555,-0.762
East Asia & Pacific,EAS,2015,4455.6978,9691.706,2300844300,10105.555,-0.766
East Asia & Pacific,EAS,2016,4424.236,10071.861,2317076000,10105.555,-0.76
East Asia & Pacific,EAS,2017,4392.885,10507.345,2333475600,10105.555,-0.739
East Asia & Pacific,EAS,2018,4366.2964,10945.022,2347576300,10105.555,-0.7
East Asia & Pacific,EAS,2019,4343.5864,11328.721,2359762200,10105.555,-0.652
East Asia & Pacific,EAS,2020,4325.5967,11276.054,2369420800,10105.555,-0.591
East Asia & Pacific,EAS,2021,4314.776,11962.737,2375117800,10105.555,-0.5
East Asia & Pacific,EAS,2022,4305.825,12298.276,2379617000,,-0.4
East Asia & Pacific,EAS,2023,,12789.571,2384441600,,
East Asia & Pacific,EAS,2024,,13252.756,2388319500,,
East Asia & Pacific (IDA & IBRD countries),TEA,1990,5519.2144,1085.4159,1579652000,8715.605,
East Asia & Pacific (IDA & IBRD countries),TEA,1991,5435.103,1155.3651,1604095200,8715.605,
East Asia & Pacific (IDA & IBRD countries),TEA,1992,5358.0957,1267.0947,1627147900,8715.605,
East Asia & Pacific (IDA & IBRD countries),TEA,1993,5285.3013,1391.246,1649557500,8715.605,
East Asia & Pacific (IDA & IBRD countries),TEA,1994,5214.737,1522.9528,1671877400,8715.605,
East Asia & Pacific (IDA & IBRD countries),TEA,1995,5146.749,1652.4495,1693960400,8715.605,-1.388
East Asia & Pacific (IDA & IBRD countries),TEA,1996,5081.3364,1780.0056,1715764500,8715.605,-1.337
East Asia & Pacific (IDA & IBRD countries),TEA,1997,5017.9673,1887.8099,1737429900,8715.605,-1.303
East Asia & Pacific (IDA & IBRD countries),TEA,1998,4958.504,1921.4641,1758263700,8715.605,-1.268
East Asia & Pacific (IDA & IBRD countries),TEA,1999,4904.937,2023.3063,1777464300,8715.605,-1.217
East Asia & Pacific (IDA & IBRD countries),TEA,2000,4856.003,2157.9194,1795375000,8715.605,-1.156
East Asia & Pacific (IDA & IBRD countries),TEA,2001,4810.1865,2286.7698,1812475000,8715.605,-1.091
East Asia & Pacific (IDA & IBRD countries),TEA,2002,4767.39,2451.2454,1828744700,8715.605,-1.019
East Asia & Pacific (IDA & IBRD countries),TEA,2003,4727.0513,2649.8164,1844349300,8715.605,-0.951
East Asia & Pacific (IDA & IBRD countries),TEA,2004,4688.659,2868.7522,1859450100,8715.605,-0.898
East Asia & Pacific (IDA & IBRD countries),TEA,2005,4651.043,3131.706,1874487200,8715.605,-0.859
East Asia & Pacific (IDA & IBRD countries),TEA,2006,4614.0654,3450.7285,1889507200,8715.605,-0.829
East Asia & Pacific (IDA & IBRD countries),TEA,2007,4577.5737,3849.694,1904568000,8715.605,-0.809
East Asia & Pacific (IDA & IBRD countries),TEA,2008,4541.7935,4149.9404,1919570300,8715.605,-0.796
East Asia & Pacific (IDA & IBRD countries),TEA,2009,4507.5117,4448.7466,1934167800,8715.605,-0.785
East Asia & Pacific (IDA & IBRD countries),TEA,2010,4474.025,4852.744,1948643300,8715.605,-0.773
East Asia & Pacific (IDA & IBRD countries),TEA,2011,4438.9565,5228.0415,1964037000,8715.605,-0.771
East Asia & Pacific (IDA & IBRD countries),TEA,2012,4400.091,5575.0425,1981382800,8715.605,-0.788
East Asia & Pacific (IDA & IBRD countries),TEA,2013,4362.291,5931.5947,1998548900,8715.605,-0.803
East Asia & Pacific (IDA & IBRD countries),TEA,2014,4326.7534,6296.4634,2014961000,8715.605,-0.815
East Asia & Pacific (IDA & IBRD countries),TEA,2015,4293.627,6664.4883,2030504300,8715.605,-0.82
East Asia & Pacific (IDA & IBRD countries),TEA,2016,4261.485,7045.215,2045816700,8715.605,-0.813
East Asia & Pacific (IDA & IBRD countries),TEA,2017,4229.1636,7457.8906,2061450000,8715.605,-0.789
East Asia & Pacific (IDA & IBRD countries),TEA,2018,4201.956,7894.297,2074796900,8715.605,-0.746
East Asia & Pacific (IDA & IBRD countries),TEA,2019,4178.824,8312.923,2086281600,8715.605,-0.693
East Asia & Pacific (IDA & IBRD countries),TEA,2020,4159.9277,8386.64,2095759400,8715.605,-0.631
East Asia & Pacific (IDA & IBRD countries),TEA,2021,4146.8877,9005.722,2102350700,8715.605,-0.544
East Asia & Pacific (IDA & IBRD countries),TEA,2022,4137.2256,9303.522,2107261200,,-0.439
East Asia & Pacific (IDA & IBRD countries),TEA,2023,,9774.455,2111139200,,
East Asia & Pacific (IDA & IBRD countries),TEA,2024,,10242.367,2114653000,,
East Asia & Pacific (excluding high income),EAP,1990,5488.2944,1072.2024,1600739200,8782.595,
East Asia & Pacific (excluding high income),EAP,1991,5404.6885,1141.3448,1625498500,8782.595,
East Asia & Pacific (excluding high income),EAP,1992,5328.066,1251.7593,1648872800,8782.595,
East Asia & Pacific (excluding high income),EAP,1993,5255.6074,1374.4418,1671604400,8782.595,
East Asia & Pacific (excluding high income),EAP,1994,5185.372,1504.5522,1694244500,8782.595,
East Asia & Pacific (excluding high income),EAP,1995,5117.828,1632.514,1716602400,8782.595,-1.388
East Asia & Pacific (excluding high income),EAP,1996,5052.9727,1758.6082,1738632400,8782.595,-1.337
East Asia & Pacific (excluding high income),EAP,1997,4990.1665,1865.2103,1760512400,8782.595,-1.302
East Asia & Pacific (excluding high income),EAP,1998,4931.244,1898.5513,1781546500,8782.595,-1.266
East Asia & Pacific (excluding high income),EAP,1999,4878.157,1999.2772,1800932900,8782.595,-1.214
East Asia & Pacific (excluding high income),EAP,2000,4829.672,2132.391,1819011500,8782.595,-1.152
East Asia & Pacific (excluding high income),EAP,2001,4784.3013,2259.8145,1836261000,8782.595,-1.087
East Asia & Pacific (excluding high income),EAP,2002,4741.953,2422.473,1852659200,8782.595,-1.015
East Asia & Pacific (excluding high income),EAP,2003,4701.975,2618.8125,1868410000,8782.595,-0.948
East Asia & Pacific (excluding high income),EAP,2004,4663.867,2835.247,1883675100,8782.595,-0.894
East Asia & Pacific (excluding high income),EAP,2005,4626.583,3095.2314,1898853800,8782.595,-0.856
East Asia & Pacific (excluding high income),EAP,2006,4589.962,3410.674,1914002200,8782.595,-0.826
East Asia & Pacific (excluding high income),EAP,2007,4553.834,3805.1785,1929185200,8782.595,-0.806
East Asia & Pacific (excluding high income),EAP,2008,4518.416,4102.1294,1944305900,8782.595,-0.793
East Asia & Pacific (excluding high income),EAP,2009,4484.481,4397.6826,1959017500,8782.595,-0.781
East Asia & Pacific (excluding high income),EAP,2010,4451.34,4797.248,1973602200,8782.595,-0.769
East Asia & Pacific (excluding high income),EAP,2011,4416.6416,5168.4805,1989106700,8782.595,-0.767
East Asia & Pacific (excluding high income),EAP,2012,4378.2065,5511.826,2006566400,8782.595,-0.784
East Asia & Pacific (excluding high income),EAP,2013,4340.8115,5864.6406,2023850100,8782.595,-0.799
East Asia & Pacific (excluding high income),EAP,2014,4305.6313,6225.6533,2040383700,8782.595,-0.811
East Asia & Pacific (excluding high income),EAP,2015,4272.8174,6589.771,2056051000,8782.595,-0.815
East Asia & Pacific (excluding high income),EAP,2016,4240.974,6966.4717,2071486100,8782.595,-0.808
East Asia & Pacific (excluding high income),EAP,2017,4208.964,7374.826,2087238500,8782.595,-0.785
East Asia & Pacific (excluding high income),EAP,2018,4181.9937,7806.585,2100698900,8782.595,-0.743
East Asia & Pacific (excluding high income),EAP,2019,4159.045,8220.71,2112289900,8782.595,-0.69
East Asia & Pacific (excluding high income),EAP,2020,4140.276,8293.696,2121866200,8782.595,-0.628
East Asia & Pacific (excluding high income),EAP,2021,4127.27,8905.885,2128553700,8782.595,-0.542
East Asia & Pacific (excluding high income),EAP,2022,4117.5864,9200.235,2133560400,,-0.438
East Asia & Pacific (excluding high income),EAP,2023,,9665.76,2137527800,,
East Asia & Pacific (excluding high income),EAP,2024,,10128.289,2141122300,,
Ecuador,ECU,1990,42239.242,3919.7175,10473673,442.4,
Ecuador,ECU,1991,41336.6,4000.568,10702380,442.4,
Ecuador,ECU,1992,40475.28,4000.0315,10930128,442.4,
Ecuador,ECU,1993,39661.926,3996.994,11154274,442.4,
Ecuador,ECU,1994,38901.895,4087.3406,11372197,442.4,
Ecuador,ECU,1995,38169.145,4100.6875,11590514,442.4,-2.006
Ecuador,ECU,1996,37456.766,4093.8416,11810950,442.4,-1.952
Ecuador,ECU,1997,36771.285,4192.8555,12031127,442.4,-1.901
Ecuador,ECU,1998,36110.797,4252.0435,12251184,442.4,-1.859
Ecuador,ECU,1999,35474.883,3979.1929,12470795,442.4,-1.827
Ecuador,ECU,2000,34864.277,3953.3987,12689206,442.4,-1.795
Ecuador,ECU,2001,34266.047,4049.0002,12910740,442.4,-1.765
Ecuador,ECU,2002,33672.105,4174.898,13138472,442.4,-1.746
Ecuador,ECU,2003,33083.3,4220.213,13372306,442.4,-1.736
Ecuador,ECU,2004,32508.613,4430.2373,13608701,442.4,-1.731
Ecuador,ECU,2005,31951.09,4589.3286,13846163,442.4,-1.73
Ecuador,ECU,2006,31406.78,4706.9805,14086131,442.4,-1.728
Ecuador,ECU,2007,30874.94,4715.3037,14328773,442.4,-1.72
Ecuador,ECU,2008,30352.924,4939.9023,14575202,442.4,-1.708
Ecuador,ECU,2009,29839.564,4909.337,14825954,442.4,-1.699
Ecuador,ECU,2010,29343.3,5022.2036,15076695,442.4,-1.688
Ecuador,ECU,2011,28865.553,5359.457,15326227,442.4,-1.673
Ecuador,ECU,2012,28409.613,5579.8564,15572194,442.4,-1.651
Ecuador,ECU,2013,27987.373,5893.322,15807128,442.4,-1.61
Ecuador,ECU,2014,27589.434,6055.0415,16035124,442.4,-1.556
Ecuador,ECU,2015,27197.459,5976.1597,16266225,442.4,-1.507
Ecuador,ECU,2016,26803.773,5849.1357,16505139,442.4,-1.471
Ecuador,ECU,2017,26396.94,6104.2725,16759519,442.4,-1.459
Ecuador,ECU,2018,25947.904,6063.0957,17049548,442.4,-1.502
Ecuador,ECU,2019,25513.232,5971.389,17340020,442.4,-1.553
Ecuador,ECU,2020,25213.63,5355.6895,17546064,442.4,-1.503
Ecuador,ECU,2021,25019.152,5815.0947,17682454,442.4,-1.369
Ecuador,ECU,2022,24820.61,6107.495,17823896,442.4,-1.224
Ecuador,ECU,2023,,6174.8184,17980084,,
Ecuador,ECU,2024,,5999.394,18135478,,
"Egypt, Arab Rep.",EGY,1990,17.124279,1972.138,58396616,1,
"Egypt, Arab Rep.",EGY,1991,16.658615,1940.1002,60028996,1,
"Egypt, Arab Rep.",EGY,1992,16.265278,1979.0201,61480660,1,
"Egypt, Arab Rep.",EGY,1993,15.894289,1989.9792,62915680,1,
"Egypt, Arab Rep.",EGY,1994,15.555586,2024.9537,64285588,1,
"Egypt, Arab Rep.",EGY,1995,15.231684,2074.8398,65652624,1,-2.315
"Egypt, Arab Rep.",EGY,1996,14.919127,2133.648,67028050,1,-2.182
"Egypt, Arab Rep.",EGY,1997,14.613102,2204.6658,68431740,1,-2.119
"Egypt, Arab Rep.",EGY,1998,14.297297,2277.2852,69943300,1,-2.096
"Egypt, Arab Rep.",EGY,1999,13.981916,2361.8643,71520950,1,-2.111
"Egypt, Arab Rep.",EGY,2000,13.68302,2458.6084,73083280,1,-2.122
"Egypt, Arab Rep.",EGY,2001,13.395483,2492.0344,74652030,1,-2.131
"Egypt, Arab Rep.",EGY,2002,13.116623,2498.4812,76239140,1,-2.138
"Egypt, Arab Rep.",EGY,2003,12.84463,2524.8047,77853550,1,-2.12
"Egypt, Arab Rep.",EGY,2004,12.582187,2574.4233,79477440,1,-2.088
"Egypt, Arab Rep.",EGY,2005,12.330303,2635.7031,81101010,1,-2.06
"Egypt, Arab Rep.",EGY,2006,12.09184,2761.624,82700400,1,-2.027
"Egypt, Arab Rep.",EGY,2007,11.865743,2902.0657,84276220,1,-1.985
"Egypt, Arab Rep.",EGY,2008,11.646217,3052.213,85864790,1,-1.94
"Egypt, Arab Rep.",EGY,2009,11.428358,3135.0967,87501630,1,-1.905
"Egypt, Arab Rep.",EGY,2010,11.211256,3233.8452,89196070,1,-1.885
"Egypt, Arab Rep.",EGY,2011,10.977785,3222.3765,91093060,1,-1.915
"Egypt, Arab Rep.",EGY,2012,10.734105,3220.992,93161000,1,-1.985
"Egypt, Arab Rep.",EGY,2013,10.489487,3216.3784,95333550,1,-2.07
"Egypt, Arab Rep.",EGY,2014,10.253397,3235.6624,97528660,1,-2.146
"Egypt, Arab Rep.",EGY,2015,10.040428,3306.9817,99597340,1,-2.182
"Egypt, Arab Rep.",EGY,2016,9.838202,3381.2224,101644590,1,-2.168
"Egypt, Arab Rep.",EGY,2017,9.643568,3452.9097,103696056,1,-2.12
"Egypt, Arab Rep.",EGY,2018,9.462341,3568.6396,105682100,1,-2.04
"Egypt, Arab Rep.",EGY,2019,9.297728,3701.2446,107553160,1,-1.938
"Egypt, Arab Rep.",EGY,2020,9.147865,3770.8694,109315120,1,-1.845
"Egypt, Arab Rep.",EGY,2021,9.0125,3837.3198,110957010,1,-1.738
"Egypt, Arab Rep.",EGY,2022,8.879556,4029.783,112618250,1,-1.637
"Egypt, Arab Rep.",EGY,2023,,4111.312,114535780,,
"Egypt, Arab Rep.",EGY,2024,,4137.6094,116538260,,
El Salvador,SLV,1990,2894.5913,2348.2046,5399726,15.63,
El Salvador,SLV,1991,2844.3643,2341.9338,5495077,15.63,
El Salvador,SLV,1992,2798.2625,2465.76,5585609,15.63,
El Salvador,SLV,1993,2761.5051,2574.9514,5659957,15.63,
El Salvador,SLV,1994,2735.325,2670.213,5714129,15.63,
El Salvador,SLV,1995,2712.538,2773.3252,5762131,15.63,-1.291
El Salvador,SLV,1996,2692.3738,2775.0464,5805286,15.63,-1.092
El Salvador,SLV,1997,2674.2734,2842.8848,5844578,15.63,-0.902
El Salvador,SLV,1998,2657.8103,2900.3206,5880781,15.63,-0.763
El Salvador,SLV,1999,2642.926,2946.433,5913900,15.63,-0.685
El Salvador,SLV,2000,2629.823,2964.8936,5943366,15.63,-0.617
El Salvador,SLV,2001,2618.9414,2978.5974,5968060,15.63,-0.552
El Salvador,SLV,2002,2610.8174,3016.063,5986631,15.63,-0.479
El Salvador,SLV,2003,2605.6084,3057.1648,5998599,15.63,-0.396
El Salvador,SLV,2004,2602.9736,3081.2363,6004671,15.63,-0.304
El Salvador,SLV,2005,2602.5806,3163.361,6005578,15.63,-0.208
El Salvador,SLV,2006,2603.9937,3302.3481,6002319,15.63,-0.114
El Salvador,SLV,2007,2600.7417,3359.1624,6009824,15.63,-0.077
El Salvador,SLV,2008,2592.342,3420.4492,6029297,15.63,-0.102
El Salvador,SLV,2009,2584.2063,3337.8115,6048279,15.63,-0.145
El Salvador,SLV,2010,2575.702,3398.4934,6068249,15.63,-0.207
El Salvador,SLV,2011,2566.449,3514.069,6090127,15.63,-0.29
El Salvador,SLV,2012,2556.4382,3601.4421,6113975,15.63,-0.343
El Salvador,SLV,2013,2546.084,3665.1548,6138839,15.63,-0.359
El Salvador,SLV,2014,2536.121,3713.95,6162955,15.63,-0.375
El Salvador,SLV,2015,2527.6228,3790.3408,6183676,15.63,-0.376
El Salvador,SLV,2016,2520.6426,3875.847,6200800,15.63,-0.36
El Salvador,SLV,2017,2515.477,3954.84,6213533,15.63,-0.323
El Salvador,SLV,2018,2512.9397,4046.1628,6219807,15.63,-0.262
El Salvador,SLV,2019,2511.9255,4143.1143,6222318,15.63,-0.192
El Salvador,SLV,2020,2506.9478,3808.532,6234673,15.63,-0.164
El Salvador,SLV,2021,2498.4885,4247.5474,6255782,15.63,-0.176
El Salvador,SLV,2022,2488.727,4355.961,6280319,15.63,-0.214
El Salvador,SLV,2023,,4489.1777,6309624,,
El Salvador,SLV,2024,,4585.226,6338193,,
Equatorial Guinea,GNQ,1990,54820.633,366.3144,474274,26,
Equatorial Guinea,GNQ,1991,52822.23,349.35287,492217,26,
Equatorial Guinea,GNQ,1992,50903.54,453.63782,510770,26,
Equatorial Guinea,GNQ,1993,49054.477,485.39224,530023,26,
Equatorial Guinea,GNQ,1994,47260.867,545.59546,550138,26,
Equatorial Guinea,GNQ,1995,45513.11,617.2948,571264,26,-3.653
Equatorial Guinea,GNQ,1996,43808.508,989.7773,593492,26,-3.673
Equatorial Guinea,GNQ,1997,42146.69,2380.321,616893,26,-3.705
Equatorial Guinea,GNQ,1998,40531.652,2833.3318,641474,26,-3.745
Equatorial Guinea,GNQ,1999,38968.008,3423.1213,667214,26,-3.785
Equatorial Guinea,GNQ,2000,36969.68,3839.0864,703279,26,-4.073
Equatorial Guinea,GNQ,2001,34674.25,5882.8506,749836,26,-4.569
Equatorial Guinea,GNQ,2002,32583.209,6604.0054,797957,26,-5.017
Equatorial Guinea,GNQ,2003,30665.367,7082.655,847862,26,-5.426
Equatorial Guinea,GNQ,2004,28891.553,9208.605,899917,26,-5.808
Equatorial Guinea,GNQ,2005,27444.486,10212.454,947367,26,-5.785
Equatorial Guinea,GNQ,2006,26253.531,10522,990343,26,-5.412
Equatorial Guinea,GNQ,2007,25095.459,11594.917,1036044,26,-5.088
Equatorial Guinea,GNQ,2008,23973.518,13048.07,1084530,26,-4.804
Equatorial Guinea,GNQ,2009,22893.914,12627.862,1135673,26,-4.547
Equatorial Guinea,GNQ,2010,21865.553,10984.324,1189085,26,-4.443
Equatorial Guinea,GNQ,2011,20936.76,11203.907,1241835,26,-4.425
Equatorial Guinea,GNQ,2012,20100.768,11650.72,1293483,26,-4.342
Equatorial Guinea,GNQ,2013,19313.365,10731.6455,1346218,26,-4.231
Equatorial Guinea,GNQ,2014,18573.71,10363.487,1399828,26,-4.096
Equatorial Guinea,GNQ,2015,17882.652,9068.91,1453923,26,-3.942
Equatorial Guinea,GNQ,2016,17239.254,7971.834,1508186,26,-3.812
Equatorial Guinea,GNQ,2017,16641.107,7259.1094,1562396,26,-3.707
Equatorial Guinea,GNQ,2018,16084.908,6578.9004,1616422,26,-3.592
Equatorial Guinea,GNQ,2019,15567.212,6018.1206,1670177,26,-3.47
Equatorial Guinea,GNQ,2020,15147.384,5575.262,1716468,26,-3.266
Equatorial Guinea,GNQ,2021,14782.924,5487.925,1758786,26,-3.028
Equatorial Guinea,GNQ,2022,14416.053,5524.243,1803545,26,-2.83
Equatorial Guinea,GNQ,2023,,5118.2197,1847549,,
Equatorial Guinea,GNQ,2024,,5041.9404,1892516,,
Eritrea,ERI,1990,,,2032737,,
Eritrea,ERI,1991,,,1919571,,
Eritrea,ERI,1992,,642.0722,1798748,,
Eritrea,ERI,1993,1508.6158,705.9884,1856006,2.8,
Eritrea,ERI,1994,1462.9698,829.91504,1913915,2.8,
Eritrea,ERI,1995,1382.5338,806.703,2025267,2.8,
Eritrea,ERI,1996,1315.5027,838.6606,2128464,2.8,
Eritrea,ERI,1997,1301.0336,895.03375,2152135,2.8,
Eritrea,ERI,1998,1284.1569,899.08295,2180419,2.8,-3.17
Eritrea,ERI,1999,1265.3766,886.05365,2212780,2.8,-2.86
Eritrea,ERI,2000,1246.0887,845.13245,2247031,2.8,-2.057
Eritrea,ERI,2001,1211.0312,893.26874,2312079,2.8,-1.641
Eritrea,ERI,2002,1170.0902,889.0091,2392978,2.8,-2.099
Eritrea,ERI,2003,1122.7382,830.3797,2493903,2.8,-2.651
Eritrea,ERI,2004,1077.6343,808.59143,2598284,2.8,-3.161
Eritrea,ERI,2005,1052.151,809.7948,2661215,2.8,-3.327
Eritrea,ERI,2006,1035.6937,789.4024,2703502,2.8,-3.08
Eritrea,ERI,2007,1020.6976,789.0727,2743222,2.8,-2.695
Eritrea,ERI,2008,994.20276,693.39886,2816327,2.8,-2.402
Eritrea,ERI,2009,969.5677,702.4309,2887885,2.8,-2.091
Eritrea,ERI,2010,950.704,703.8774,2945186,2.8,-2.007
Eritrea,ERI,2011,933.80493,751.3749,2998485,2.8,-2.05
Eritrea,ERI,2012,921.9661,,3036988,2.8,-2.014
Eritrea,ERI,2013,910.75867,,3074360,2.8,-1.738
Eritrea,ERI,2014,904.6344,,3095173,2.8,-1.377
Eritrea,ERI,2015,901.6128,,3105546,2.8,-1.055
Eritrea,ERI,2016,896.0866,,3124698,2.8,-0.821
Eritrea,ERI,2017,888.79095,,3150347,2.8,-0.73
Eritrea,ERI,2018,876.9842,,3192760,2.8,-0.753
Eritrea,ERI,2019,864.1458,,3240194,2.8,-0.912
Eritrea,ERI,2020,850.73517,,3291271,2.8,-1.155
Eritrea,ERI,2021,835.77527,,3350183,2.8,-1.384
Eritrea,ERI,2022,821.24756,,3409447,2.8,-1.568
Eritrea,ERI,2023,,,3470390,,
Eritrea,ERI,2024,,,3535603,,
Estonia,EST,1990,,9341.226,1569174,,
Estonia,EST,1991,,8637.206,1561314,,
Estonia,EST,1992,8290.44,6934.171,1533091,12.71,
Estonia,EST,1993,8506.634,6706.56,1494128,12.71,
Estonia,EST,1994,8690.515,6738.999,1462514,12.71,
Estonia,EST,1995,8847.069,7170.9463,1436634,12.71,
Estonia,EST,1996,8978.563,7637.2573,1415594,12.71,
Estonia,EST,1997,9081.588,8732.991,1399535,12.71,1.84
Estonia,EST,1998,9169.242,9199.936,1386156,12.71,1.511
Estonia,EST,1999,9142.28,9133.8955,1390244,12.71,1.019
Estonia,EST,2000,9098.165,10006.77,1396985,12.71,0.561
Estonia,EST,2001,9156.302,10662.945,1388115,12.71,0.393
Estonia,EST,2002,9214.485,11474.662,1379350,12.71,0.291
Estonia,EST,2003,9272.499,12424.044,1370720,12.71,0.224
Estonia,EST,2004,9328.098,13348.528,1362550,12.71,0.403
Estonia,EST,2005,9381.632,14703.618,1354775,12.71,0.616
Estonia,EST,2006,9437.114,16234.516,1346810,12.71,0.606
Estonia,EST,2007,9480.264,17543.467,1340680,12.71,0.57
Estonia,EST,2008,9505.718,16688.998,1337090,12.71,0.498
Estonia,EST,2009,9524.06,14274.852,1334515,12.71,0.417
Estonia,EST,2010,9545.805,14657.939,1331475,12.71,0.348
Estonia,EST,2011,9574.828,15820.922,1327439,12.71,0.29
Estonia,EST,2012,9609.162,16460.684,1322696,12.71,0.27
Estonia,EST,2013,9643.421,16809.533,1317997,12.71,0.288
Estonia,EST,2014,9668.745,17413.688,1314545,12.71,0.302
Estonia,EST,2015,9662.408,17722.156,1315407,12.71,0.243
Estonia,EST,2016,9659.596,18264.988,1315790,12.71,0.176
Estonia,EST,2017,9647.908,19270.814,1317384,12.71,0.081
Estonia,EST,2018,9614.388,19914.346,1321977,12.71,-0.06
Estonia,EST,2019,9578.731,20579.875,1326898,12.71,-0.187
Estonia,EST,2020,9559.827,19946.945,1329522,12.71,-0.213
Estonia,EST,2021,9549.699,21570.666,1330932,12.71,-0.229
Estonia,EST,2022,9422.911,21023.299,1348840,12.71,-0.471
Estonia,EST,2023,,20126.373,1370286,,
Estonia,EST,2024,,20078.14,1372341,,
Eswatini,SWZ,1990,3026.0376,2027.9749,872428,2.64,
Eswatini,SWZ,1991,2906.884,1982.4152,908189,2.64,
Eswatini,SWZ,1992,2798.3413,1969.9608,943416,2.64,
Eswatini,SWZ,1993,2717.9565,1972.8035,971318,2.64,
Eswatini,SWZ,1994,2718.2532,2020.3848,971212,2.64,
Eswatini,SWZ,1995,2720.435,2119.5815,970433,2.64,-2.107
Eswatini,SWZ,1996,2667.095,2157.8613,989841,2.64,-1.707
Eswatini,SWZ,1997,2622.599,2187.6982,1006635,2.64,-1.289
Eswatini,SWZ,1998,2589.1162,2216.009,1019653,2.64,-0.967
Eswatini,SWZ,1999,2561.1624,2256.769,1030782,2.64,-1.184
Eswatini,SWZ,2000,2535.015,2273.0469,1041414,2.64,-1.402
Eswatini,SWZ,2001,2511.7405,2283.9832,1051064,2.64,-1.193
Eswatini,SWZ,2002,2491.8801,2358.5693,1059441,2.64,-1.017
Eswatini,SWZ,2003,2474.9226,2448.838,1066700,2.64,-0.898
Eswatini,SWZ,2004,2460.0269,2522.1433,1073159,2.64,-0.803
Eswatini,SWZ,2005,2446.66,2658.7517,1079022,2.64,-0.707
Eswatini,SWZ,2006,2434.445,2823.4873,1084436,2.64,-0.623
Eswatini,SWZ,2007,2420.453,2928.4685,1090705,2.64,-0.58
Eswatini,SWZ,2008,2404.1724,2950.6733,1098091,2.64,-0.578
Eswatini,SWZ,2009,2388.8096,2973.8345,1105153,2.64,-0.586
Eswatini,SWZ,2010,2374.8481,3069.5217,1111650,2.64,-0.594
Eswatini,SWZ,2011,2361.7124,3108.7021,1117833,2.64,-0.605
Eswatini,SWZ,2012,2349.0408,3218.5015,1123863,2.64,-0.597
Eswatini,SWZ,2013,2336.304,3332.1199,1129990,2.64,-0.571
Eswatini,SWZ,2014,2323.332,3381.793,1136299,2.64,-0.554
Eswatini,SWZ,2015,2310.089,3419.8228,1142813,2.64,-0.551
Eswatini,SWZ,2016,2296.6367,3500.177,1149507,2.64,-0.557
Eswatini,SWZ,2017,2279.409,3596.236,1158195,2.64,-0.6
Eswatini,SWZ,2018,2258.4775,3565.543,1168929,2.64,-0.675
Eswatini,SWZ,2019,2237.527,3759.6711,1179874,2.64,-0.75
Eswatini,SWZ,2020,2213.4114,3609.367,1192729,2.64,-0.851
Eswatini,SWZ,2021,2187.9788,3719.0383,1206593,2.64,-0.965
Eswatini,SWZ,2022,2165.8572,3695.6497,1218917,2.64,-1.017
Eswatini,SWZ,2023,,3790.1658,1230506,,
Eswatini,SWZ,2024,,3864.2056,1242822,,
Ethiopia,ETH,1990,,267.07812,47609756,,
Ethiopia,ETH,1991,,237.50246,49717200,,
Ethiopia,ETH,1992,,207.96788,51853748,,
Ethiopia,ETH,1993,2271.5046,227.1733,53708892,122,
Ethiopia,ETH,1994,2193.7905,226.39992,55611508,122,
Ethiopia,ETH,1995,2120.3623,232.23045,57537336,122,
Ethiopia,ETH,1996,2051.5361,252.61299,59467636,122,
Ethiopia,ETH,1997,1986.8239,252.31166,61404540,122,
Ethiopia,ETH,1998,1925.398,236.05551,63363524,122,-3.252
Ethiopia,ETH,1999,1866.1693,240.6047,65374560,122,-3.183
Ethiopia,ETH,2000,1809.7804,247.50542,67411496,122,-3.118
Ethiopia,ETH,2001,1755.7048,260.04233,69487760,122,-3.066
Ethiopia,ETH,2002,1703.0658,256.06665,71635520,122,-3.035
Ethiopia,ETH,2003,1652.3853,243.07666,73832664,122,-3.012
Ethiopia,ETH,2004,1603.634,267.92352,76077210,122,-2.987
Ethiopia,ETH,2005,1556.7684,290.83337,78367470,122,-2.967
Ethiopia,ETH,2006,1511.7067,313.0139,80703490,122,-2.948
Ethiopia,ETH,2007,1468.0538,338.79907,83103220,122,-2.926
Ethiopia,ETH,2008,1426.1722,364.6422,85543660,122,-2.902
Ethiopia,ETH,2009,1386.2434,385.63242,88007630,122,-2.871
Ethiopia,ETH,2010,1347.4928,421.89862,90538510,122,-2.846
Ethiopia,ETH,2011,1309.716,455.90964,93149970,122,-2.828
Ethiopia,ETH,2012,1273.5028,481.64,95798770,122,-2.803
Ethiopia,ETH,2013,1239.3494,518.32465,98438750,122,-2.769
Ethiopia,ETH,2014,1206.5397,556.36255,101115610,122,-2.739
Ethiopia,ETH,2015,1174.5775,597.9121,103867140,122,-2.709
Ethiopia,ETH,2016,1143.1981,636.8357,106718160,122,-2.683
Ethiopia,ETH,2017,1112.4639,678.9854,109666480,122,-2.668
Ethiopia,ETH,2018,1082.8644,705.9688,112664150,122,-2.663
Ethiopia,ETH,2019,1054.1106,744.7028,115737384,122,-2.665
Ethiopia,ETH,2020,1025.9198,768.70544,118917670,122,-2.67
Ethiopia,ETH,2021,998.8653,790.65704,122138590,122,-2.663
Ethiopia,ETH,2022,973.00867,811.17773,125384290,122,-2.643
Ethiopia,ETH,2023,,842.4466,128691700,,
Ethiopia,ETH,2024,,883.4586,132059770,,
Euro area,EMU,1990,3149.567,25547.455,316087000,932.5305,
Euro area,EMU,1991,3134.555,26042.414,317407900,932.5305,
Euro area,EMU,1992,3298.932,26224.33,318742980,1034.0105,
Euro area,EMU,1993,3270.1145,25938.68,320053200,1046.6105,
Euro area,EMU,1994,3260.2249,26510.69,321024030,1046.6105,
Euro area,EMU,1995,3252.2805,27099.146,321808200,1046.6105,0.644
Euro area,EMU,1996,3244.616,27506.453,322568400,1046.6105,0.693
Euro area,EMU,1997,3237.2107,28202.18,323306270,1046.6105,-0.377
Euro area,EMU,1998,3230.5151,28988.295,323976350,1046.6105,-0.243
Euro area,EMU,1999,3222.502,29786.76,324781950,1046.6105,-0.232
Euro area,EMU,2000,3212.5347,30853.139,325789630,1046.6105,-0.246
Euro area,EMU,2001,3202.003,31423.953,326861200,1046.6105,-0.264
Euro area,EMU,2002,3186.323,31566.127,328469660,1046.6105,-0.316
Euro area,EMU,2003,3168.7974,31628.951,330286340,1046.6105,-0.385
Euro area,EMU,2004,3151.1113,32179.56,332140130,1046.6105,-0.447
Euro area,EMU,2005,3134.524,32577.281,333897760,1046.6105,-0.49
Euro area,EMU,2006,3119.5571,33499.613,335499700,1046.6105,-0.52
Euro area,EMU,2007,3103.0635,34325.89,337282980,1046.6105,-0.528
Euro area,EMU,2008,3087.5427,34294.414,338978460,1046.6105,-0.518
Euro area,EMU,2009,3077.0278,32645.52,340136830,1046.6105,-0.475
Euro area,EMU,2010,3069.2139,33252.367,341002800,1046.6105,-0.42
Euro area,EMU,2011,3074.9438,33906.63,340367360,1046.6105,-0.288
Euro area,EMU,2012,3068.3333,33522.176,341100670,1046.6105,-0.225
Euro area,EMU,2013,3063.4937,33413.5,341639520,1046.6105,-0.156
Euro area,EMU,2014,3058.2207,33841.61,342228580,1046.6105,-0.123
Euro area,EMU,2015,3049.7378,34471.176,343180480,1046.6105,-0.127
Euro area,EMU,2016,3041.2966,34995.074,344133000,1046.6105,-0.22
Euro area,EMU,2017,3035.3237,35842.33,344810180,1046.6105,-0.216
Euro area,EMU,2018,3026.0698,36369.074,345864640,1046.6105,-0.246
Euro area,EMU,2019,3020.5505,36891.8,346496600,1046.6105,-0.248
Euro area,EMU,2020,3016.289,34608.46,346986140,1046.6105,-0.22
Euro area,EMU,2021,3014.3687,36812.805,347207200,1046.6105,-0.178
Euro area,EMU,2022,3005.7727,38051.043,348200160,,-0.195
Euro area,EMU,2023,,38060.383,349762720,,
Euro area,EMU,2024,,38254.42,351161920,,
Europe & Central Asia,ECS,1990,,15930.549,845290240,,
Europe & Central Asia,ECS,1991,,15883.373,849169400,,
Europe & Central Asia,ECS,1992,8515.386,15725.106,852664500,7036.7646,
Europe & Central Asia,ECS,1993,8359.719,15572.735,855554240,7062.5146,
Europe & Central Asia,ECS,1994,8338.715,15751.56,857724600,7062.5146,
Europe & Central Asia,ECS,1995,8321.605,16084.167,859504800,7062.5146,
Europe & Central Asia,ECS,1996,8305.451,16345.387,861073400,7061.6147,
Europe & Central Asia,ECS,1997,8294.265,16825.863,862335040,7062.5146,-0.525
Europe & Central Asia,ECS,1998,8283.27,17239.63,863317600,7062.5146,-0.184
Europe & Central Asia,ECS,1999,8271.409,17719.545,864306940,7062.5146,-0.162
Europe & Central Asia,ECS,2000,8260.025,18477.53,865392450,7062.5146,-0.148
Europe & Central Asia,ECS,2001,8248.567,18863.273,866590700,7062.5146,-0.137
Europe & Central Asia,ECS,2002,8232.876,19121.787,868234800,7062.5146,-0.148
Europe & Central Asia,ECS,2003,8210.758,19419.682,870529500,7062.5146,-0.176
Europe & Central Asia,ECS,2004,8186.4375,19978.69,873069440,7062.5146,-0.206
Europe & Central Asia,ECS,2005,8162.618,20464.479,875563900,7062.5146,-0.237
Europe & Central Asia,ECS,2006,8078.539,21196.664,878166900,7070.9214,-0.416
Europe & Central Asia,ECS,2007,8055.61,21916.848,880656300,7070.9214,-0.434
Europe & Central Asia,ECS,2008,8022.9746,22052.092,884224700,7070.9214,-0.462
Europe & Central Asia,ECS,2009,7991.091,20991.357,887741100,7070.9214,-0.482
Europe & Central Asia,ECS,2010,7961.8457,21465.352,890990400,7070.9214,-0.497
Europe & Central Asia,ECS,2011,7943.8447,21915.643,893009600,7070.9214,-0.336
Europe & Central Asia,ECS,2012,7912.8584,21898.758,896514500,7070.9214,-0.357
Europe & Central Asia,ECS,2013,7883.05,22004.752,899907200,7070.9214,-0.351
Europe & Central Asia,ECS,2014,7851.046,22338.744,903561100,7070.9214,-0.353
Europe & Central Asia,ECS,2015,7816.4365,22702.822,907527500,7070.9214,-0.368
Europe & Central Asia,ECS,2016,7781.5195,23032.615,911579000,7070.9214,-0.412
Europe & Central Asia,ECS,2017,7751.9214,23622.766,915065860,7070.9214,-0.41
Europe & Central Asia,ECS,2018,7721.3345,24037.604,918689300,7070.9214,-0.414
Europe & Central Asia,ECS,2019,7694.0464,24389.807,921932160,7070.9214,-0.403
Europe & Central Asia,ECS,2020,7679.602,23034.135,923664450,7070.9214,-0.353
Europe & Central Asia,ECS,2021,7673.604,24581.307,924381060,7070.9214,-0.279
Europe & Central Asia,ECS,2022,7674.6807,25418.861,924234500,,-0.2
Europe & Central Asia,ECS,2023,,25669.865,924773500,,
Europe & Central Asia,ECS,2024,,25973.906,928263230,,
Europe & Central Asia (IDA & IBRD countries),TEC,1990,,5339.134,430990560,,
Europe & Central Asia (IDA & IBRD countries),TEC,1991,,4999.5605,433132060,,
Europe & Central Asia (IDA & IBRD countries),TEC,1992,12058.134,4505.0015,434844450,5119.789,
Europe & Central Asia (IDA & IBRD countries),TEC,1993,12022.375,4283.029,436152200,5119.789,
Europe & Central Asia (IDA & IBRD countries),TEC,1994,11996.687,3913.8804,437106300,5119.789,
Europe & Central Asia (IDA & IBRD countries),TEC,1995,11978.395,3906.4866,437796130,5119.789,
Europe & Central Asia (IDA & IBRD countries),TEC,1996,11962.157,3940.2053,438325540,5118.889,
Europe & Central Asia (IDA & IBRD countries),TEC,1997,11955.624,4052.09,438638050,5119.789,-0.171
Europe & Central Asia (IDA & IBRD countries),TEC,1998,11948.699,4022.461,438735260,5119.789,-0.123
Europe & Central Asia (IDA & IBRD countries),TEC,1999,11944.477,4123.4604,438650270,5119.789,-0.087
Europe & Central Asia (IDA & IBRD countries),TEC,2000,11948.173,4430.112,438423550,5119.789,-0.051
Europe & Central Asia (IDA & IBRD countries),TEC,2001,11957.388,4551.1626,438100350,5119.789,-0.008
Europe & Central Asia (IDA & IBRD countries),TEC,2002,11965.824,4781.583,437806940,5119.789,0.017
Europe & Central Asia (IDA & IBRD countries),TEC,2003,11962.497,5076.3325,437905920,5119.789,0.023
Europe & Central Asia (IDA & IBRD countries),TEC,2004,11955.511,5473.2017,438136030,5119.789,0.018
Europe & Central Asia (IDA & IBRD countries),TEC,2005,11949.286,5833.9595,438333200,5119.789,0.002
Europe & Central Asia (IDA & IBRD countries),TEC,2006,11754.2,6287.524,438714370,5128.196,-0.342
Europe & Central Asia (IDA & IBRD countries),TEC,2007,11754.98,6767.525,438680300,5128.196,-0.355
Europe & Central Asia (IDA & IBRD countries),TEC,2008,11726.552,7054.201,439732740,5128.196,-0.398
Europe & Central Asia (IDA & IBRD countries),TEC,2009,11684.414,6698.643,441304960,5128.196,-0.458
Europe & Central Asia (IDA & IBRD countries),TEC,2010,11641.011,6986.9536,442936600,5128.196,-0.521
Europe & Central Asia (IDA & IBRD countries),TEC,2011,11590.87,7364.9097,444846370,5128.196,-0.279
Europe & Central Asia (IDA & IBRD countries),TEC,2012,11536.673,7583.6484,446941100,5128.196,-0.374
Europe & Central Asia (IDA & IBRD countries),TEC,2013,11480.49,7799.561,449128600,5128.196,-0.423
Europe & Central Asia (IDA & IBRD countries),TEC,2014,11421.477,7935.9907,451432420,5128.196,-0.454
Europe & Central Asia (IDA & IBRD countries),TEC,2015,11364.444,8009.6187,453662080,5128.196,-0.48
Europe & Central Asia (IDA & IBRD countries),TEC,2016,11307.788,8118.42,455913000,5128.196,-0.493
Europe & Central Asia (IDA & IBRD countries),TEC,2017,11256.082,8434.488,458010340,5128.196,-0.491
Europe & Central Asia (IDA & IBRD countries),TEC,2018,11208.6,8718.493,459946880,5128.196,-0.478
Europe & Central Asia (IDA & IBRD countries),TEC,2019,11159.956,8925.462,461933220,5128.196,-0.462
Europe & Central Asia (IDA & IBRD countries),TEC,2020,11137.948,8778.06,462842300,5128.196,-0.402
Europe & Central Asia (IDA & IBRD countries),TEC,2021,11131.477,9439.049,463104400,5128.196,-0.314
Europe & Central Asia (IDA & IBRD countries),TEC,2022,11183.49,9668.437,460942270,,-0.129
Europe & Central Asia (IDA & IBRD countries),TEC,2023,,10089.568,458602200,,
Europe & Central Asia (IDA & IBRD countries),TEC,2024,,10447.727,459734000,,
Europe & Central Asia (excluding high income),ECA,1990,,3553.1238,208212860,,
Europe & Central Asia (excluding high income),ECA,1991,,3355.368,210169120,,
Europe & Central Asia (excluding high income),ECA,1992,3236.7378,3169.4243,212032320,653.109,
Europe & Central Asia (excluding high income),ECA,1993,3215.721,3085.36,213395950,653.109,
Europe & Central Asia (excluding high income),ECA,1994,3201.663,2765.084,214329900,653.109,
Europe & Central Asia (excluding high income),ECA,1995,3189.9827,2781.3425,215114960,653.109,
Europe & Central Asia (excluding high income),ECA,1996,3172.2202,2875.7615,216002100,652.209,
Europe & Central Asia (excluding high income),ECA,1997,3166.3325,3023.7095,216672060,653.109,-0.439
Europe & Central Asia (excluding high income),ECA,1998,3157.3984,3079.5776,217104720,653.109,-0.365
Europe & Central Asia (excluding high income),ECA,1999,3146.5728,3038.0007,217579950,653.109,-0.347
Europe & Central Asia (excluding high income),ECA,2000,3131.4739,3231.417,218486600,653.109,-0.37
Europe & Central Asia (excluding high income),ECA,2001,3117.4026,3219.6523,219435060,653.109,-0.348
Europe & Central Asia (excluding high income),ECA,2002,3103.2314,3410.6248,220400260,653.109,-0.402
Europe & Central Asia (excluding high income),ECA,2003,3088.272,3619.8972,221399700,653.109,-0.442
Europe & Central Asia (excluding high income),ECA,2004,3073.2515,3949.5798,222413300,653.109,-0.47
Europe & Central Asia (excluding high income),ECA,2005,3059.2483,4268.511,223360130,653.109,-0.466
Europe & Central Asia (excluding high income),ECA,2006,2979.9438,4598.6963,224417520,661.516,-0.898
Europe & Central Asia (excluding high income),ECA,2007,2971.862,4915.7227,225016060,661.516,-0.861
Europe & Central Asia (excluding high income),ECA,2008,2951.791,5034.078,226524480,661.516,-0.9
Europe & Central Asia (excluding high income),ECA,2009,2929.1624,4821.3086,228250910,661.516,-0.956
Europe & Central Asia (excluding high income),ECA,2010,2905.2307,5123.225,230106430,661.516,-1.028
Europe & Central Asia (excluding high income),ECA,2011,2881.4666,5504.8643,231988430,661.516,-0.67
Europe & Central Asia (excluding high income),ECA,2012,2858.1792,5682.1797,233875200,661.516,-0.777
Europe & Central Asia (excluding high income),ECA,2013,2833.4763,6000.414,235905150,661.516,-0.815
Europe & Central Asia (excluding high income),ECA,2014,2808.2363,6136.9033,237999330,661.516,-0.84
Europe & Central Asia (excluding high income),ECA,2015,2783.333,6291.456,240083380,661.516,-0.854
Europe & Central Asia (excluding high income),ECA,2016,2758.3708,6409.4473,242224180,661.516,-0.869
Europe & Central Asia (excluding high income),ECA,2017,2734.7617,6736.238,244308660,661.516,-0.879
Europe & Central Asia (excluding high income),ECA,2018,2711.3872,6930.301,246400480,661.516,-0.877
Europe & Central Asia (excluding high income),ECA,2019,2687.3303,7046.996,248576670,661.516,-0.876
Europe & Central Asia (excluding high income),ECA,2020,2668.108,7016.363,250351230,661.516,-0.842
Europe & Central Asia (excluding high income),ECA,2021,2651.8281,7621.345,251867730,661.516,-0.785
Europe & Central Asia (excluding high income),ECA,2022,2666.0845,7898.449,250514350,,-0.507
Europe & Central Asia (excluding high income),ECA,2023,,8356.077,248721390,,
Europe & Central Asia (excluding high income),ECA,2024,,8634.6875,250281520,,
European Union,EUU,1990,3158.7705,21731.254,420525020,1232.5105,
European Union,EUU,1991,3147.9746,21985.018,421741280,1232.5105,
European Union,EUU,1992,3274.8433,22118.857,422969000,1333.9905,
European Union,EUU,1993,3204.3298,21915.74,424344740,1359.7405,
European Union,EUU,1994,3196.3484,22451.709,425404350,1359.7405,
European Union,EUU,1995,3190.3062,23019.848,426210050,1359.7405,0.199
European Union,EUU,1996,3185.1116,23422.725,426905120,1359.7405,0.235
European Union,EUU,1997,3180.325,24015.363,427547650,1359.7405,-0.584
European Union,EUU,1998,3176.0725,24698.291,428120100,1359.7405,-0.177
European Union,EUU,1999,3170.8447,25398.291,428825950,1359.7405,-0.16
European Union,EUU,2000,3167.0544,26365.799,429339170,1359.7405,-0.146
European Union,EUU,2001,3162.8542,26899.879,429909300,1359.7405,-0.14
European Union,EUU,2002,3155.406,27131.115,430924100,1359.7405,-0.157
European Union,EUU,2003,3143.8147,27284.729,432512930,1359.7405,-0.204
European Union,EUU,2004,3131.6482,27885.768,434193250,1359.7405,-0.248
European Union,EUU,2005,3120.18,28334.76,435789150,1359.7405,-0.298
European Union,EUU,2006,3109.6572,29246.646,437263800,1359.7405,-0.339
European Union,EUU,2007,3098.7988,30060.195,438796000,1359.7405,-0.361
European Union,EUU,2008,3088.4192,30144.652,440270720,1359.7405,-0.355
European Union,EUU,2009,3080.5974,28771.736,441388580,1359.7405,-0.328
European Union,EUU,2010,3075.7214,29352.943,442088320,1359.7405,-0.287
European Union,EUU,2011,3080.4194,29974.152,441414080,1359.7405,-0.189
European Union,EUU,2012,3075.8499,29700.9,442069820,1359.7405,-0.149
European Union,EUU,2013,3073.3757,29667.203,442425730,1359.7405,-0.098
European Union,EUU,2014,3069.9404,30117.885,442920830,1359.7405,-0.069
European Union,EUU,2015,3063.9055,30771.656,443793200,1359.7405,-0.077
European Union,EUU,2016,3057.8186,31300.158,444676640,1359.7405,-0.147
European Union,EUU,2017,3053.3936,32135.662,445321060,1359.7405,-0.146
European Union,EUU,2018,3046.4922,32719.172,446329900,1359.7405,-0.176
European Union,EUU,2019,3042.5347,33289.434,446910460,1359.7405,-0.179
European Union,EUU,2020,3042.8035,31435.035,446870940,1359.7405,-0.138
European Union,EUU,2021,3047.1921,33488.113,446227360,1359.7405,-0.07
European Union,EUU,2022,3040.5464,34605.176,447202700,,-0.084
European Union,EUU,2023,,34631.145,448897540,,
European Union,EUU,2024,,34896.37,450228200,,
Faroe Islands,FRO,1990,,,47740,,
Faroe Islands,FRO,1991,,,47447,,
Faroe Islands,FRO,1992,,,47287,,
Faroe Islands,FRO,1993,,,46474,,
Faroe Islands,FRO,1994,,,44695,,
Faroe Islands,FRO,1995,,,43611,,
Faroe Islands,FRO,1996,,,43581,,
Faroe Islands,FRO,1997,,,44132,,
Faroe Islands,FRO,1998,,,44674,,
Faroe Islands,FRO,1999,,,45146,,
Faroe Islands,FRO,2000,,,45754,,
Faroe Islands,FRO,2001,,,46635,,
Faroe Islands,FRO,2002,,,47335,,
Faroe Islands,FRO,2003,,,48032,,
Faroe Islands,FRO,2004,,,48384,,
Faroe Islands,FRO,2005,,,48359,,
Faroe Islands,FRO,2006,,,48335,,
Faroe Islands,FRO,2007,,,48378,,
Faroe Islands,FRO,2008,,44623.03,48547,,
Faroe Islands,FRO,2009,,42378.215,48791,,
Faroe Islands,FRO,2010,,42333.523,48657,,
Faroe Islands,FRO,2011,,43946.25,48543,,
Faroe Islands,FRO,2012,,47303.867,48291,,
Faroe Islands,FRO,2013,,50120.754,48246,,
Faroe Islands,FRO,2014,,52644.79,48428,,
Faroe Islands,FRO,2015,,52637.19,48899,,
Faroe Islands,FRO,2016,,52757.395,49464,,
Faroe Islands,FRO,2017,,53831.03,50180,,
Faroe Islands,FRO,2018,,54433.594,50996,,
Faroe Islands,FRO,2019,,56029.5,51792,,
Faroe Islands,FRO,2020,,54301.66,52565,,
Faroe Islands,FRO,2021,,56270.25,53296,,
Faroe Islands,FRO,2022,,57775.074,53912,,
Faroe Islands,FRO,2023,,59050.195,54414,,
Faroe Islands,FRO,2024,,59257.645,54681,,
Fiji,FJI,1990,36918.93,3414.9504,773316,28.55,
Fiji,FJI,1991,36618.715,3295.7268,779656,28.55,
Fiji,FJI,1992,36353.402,3471.4314,785346,28.55,
Fiji,FJI,1993,36122.367,3522.8423,790369,28.55,
Fiji,FJI,1994,35922.297,3682.0002,794771,28.55,
Fiji,FJI,1995,35743.527,3755.2683,798746,28.55,-0.645
Fiji,FJI,1996,35519.273,3910.8296,803789,28.55,-0.608
Fiji,FJI,1997,35154.082,3785.4668,812139,28.55,-0.669
Fiji,FJI,1998,34721.46,3787.487,822258,28.55,-0.788
Fiji,FJI,1999,34322,4073.3772,831828,28.55,-0.907
Fiji,FJI,2000,33951.355,3960.889,840909,28.55,-1.024
Fiji,FJI,2001,33604.207,3998.7974,849596,28.55,-1.102
Fiji,FJI,2002,33273.156,4086.1042,858049,28.55,-1.094
Fiji,FJI,2003,32956.785,4087.7246,866286,28.55,-1.038
Fiji,FJI,2004,32652.23,4264.597,874366,28.55,-0.993
Fiji,FJI,2005,32355.71,4255.451,882379,28.55,-0.958
Fiji,FJI,2006,32065.502,4295.4067,890365,28.55,-0.933
Fiji,FJI,2007,31798.822,4223.448,897832,28.55,-0.902
Fiji,FJI,2008,31602.87,4240.7725,903399,28.55,-0.835
Fiji,FJI,2009,31469.105,4164.293,907239,28.55,-0.735
Fiji,FJI,2010,31359.188,4272.3594,910419,28.55,-0.624
Fiji,FJI,2011,31270.914,4375.581,912989,28.55,-0.501
Fiji,FJI,2012,31204.982,4427.9785,914918,28.55,-0.376
Fiji,FJI,2013,31156.15,4630.351,916352,28.55,-0.284
Fiji,FJI,2014,31114.283,4883.243,917585,28.55,-0.227
Fiji,FJI,2015,31080.648,5097.5312,918578,28.55,-0.178
Fiji,FJI,2016,31060.766,5218.8584,919166,28.55,-0.135
Fiji,FJI,2017,31074.525,5500.678,918759,28.55,-0.084
Fiji,FJI,2018,31128.023,5720.2144,917180,28.55,-0.018
Fiji,FJI,2019,31205.63,5701.1045,914899,28.55,0.059
Fiji,FJI,2020,31203.447,4721.123,914963,28.55,0.079
Fiji,FJI,2021,31143.95,4507.3335,916711,28.55,0.054
Fiji,FJI,2022,31052.117,5291.517,919422,28.55,-0.014
Fiji,FJI,2023,,5761.5693,924145,,
Fiji,FJI,2024,,5935.209,928784,,
Finland,FIN,1990,21458.232,31291.521,4986431,107,
Finland,FIN,1991,21341.354,29290.977,5013740,107,
Finland,FIN,1992,21221.771,28162.352,5041992,107,
Finland,FIN,1993,21119.336,27807.861,5066447,107,
Finland,FIN,1994,21028.498,28785.92,5088333,107,
Finland,FIN,1995,20948.395,29890.523,5107790,107,-0.48
Finland,FIN,1996,20879.79,30883.834,5124573,107,-0.436
Finland,FIN,1997,20817.79,32762.117,5139835,107,-0.384
Finland,FIN,1998,20762.596,34457.457,5153498,107,-0.34
Finland,FIN,1999,20714.459,35886.496,5165474,107,-0.3
Finland,FIN,2000,20671.5,37872.6,5176209,107,-0.266
Finland,FIN,2001,20624.486,38784.13,5188008,107,-0.246
Finland,FIN,2002,20574.557,39343.07,5200598,107,-0.235
Finland,FIN,2003,20525.555,40038.984,5213014,107,-0.229
Finland,FIN,2004,20466.045,41521.96,5228172,107,-0.241
Finland,FIN,2005,20396.12,42529.35,5246096,107,-0.268
Finland,FIN,2006,20317.994,44069.395,5266268,107,-0.299
Finland,FIN,2007,20231.738,46213.69,5288720,107,-0.335
Finland,FIN,2008,20137.77,46359.875,5313399,107,-0.381
Finland,FIN,2009,20041.691,42412.51,5338871,107,-0.418
Finland,FIN,2010,19950.21,43556.54,5363352,107,-0.441
Finland,FIN,2011,19857.943,44391.453,5388272,107,-0.457
Finland,FIN,2012,19763.682,43507.934,5413971,107,-0.467
Finland,FIN,2013,19672.836,42883.637,5438972,107,-0.466
Finland,FIN,2014,19591.645,42502.49,5461512,107,-0.453
Finland,FIN,2015,19527.219,42560.344,5479531,107,-0.428
Finland,FIN,2016,19471.174,43529.676,5495303,107,-0.393
Finland,FIN,2017,19425.535,44862.22,5508214,107,-0.345
Finland,FIN,2018,19399.785,45337.242,5515525,107,-0.279
Finland,FIN,2019,19378.42,45898.57,5521606,107,-0.219
Finland,FIN,2020,19350.605,44690.98,5529543,107,-0.182
Finland,FIN,2021,19310.535,45792.047,5541017,107,-0.166
Finland,FIN,2022,19258.092,46016.15,5556106,107,-0.173
Finland,FIN,2023,,45357.03,5583911,,
Finland,FIN,2024,,45254.035,5619911,,
Fragile and conflict affected situations,FCS,1990,13318.711,1487.8517,486723700,4768.616,
Fragile and conflict affected situations,FCS,1991,13006.909,1392.1328,497970460,4768.616,
Fragile and conflict affected situations,FCS,1992,11245.024,1369.5305,510691970,4823.716,
Fragile and conflict affected situations,FCS,1993,9977.869,1310.971,524592900,4948.516,
Fragile and conflict affected situations,FCS,1994,9700.081,1233.3429,539513200,4948.516,
Fragile and conflict affected situations,FCS,1995,9445.634,1203.9559,554041540,4948.516,-6.642
Fragile and conflict affected situations,FCS,1996,9233.057,1211.1307,566796350,4948.516,-6.624
Fragile and conflict affected situations,FCS,1997,9033.571,1241.4237,579354560,4948.516,-4.285
Fragile and conflict affected situations,FCS,1998,8827.895,1265.5236,592889800,4948.516,-2.419
Fragile and conflict affected situations,FCS,1999,8622.56,1259.7773,607064100,4948.516,-2.328
Fragile and conflict affected situations,FCS,2000,8430.601,1295.2122,621080700,4948.516,-2.248
Fragile and conflict affected situations,FCS,2001,8242.135,1317.2786,635481100,4948.516,-2.245
Fragile and conflict affected situations,FCS,2002,8044.5957,1326.8489,651226750,4948.516,-2.292
Fragile and conflict affected situations,FCS,2003,7847.596,1297.191,667644300,4948.516,-2.327
Fragile and conflict affected situations,FCS,2004,7660.8574,1417.3864,684007360,4948.516,-2.337
Fragile and conflict affected situations,FCS,2005,7478.526,1470.0321,700820600,4948.516,-2.368
Fragile and conflict affected situations,FCS,2006,7301.559,1523.6289,717975900,4948.516,-2.394
Fragile and conflict affected situations,FCS,2007,7133.6826,1581.8854,735110300,4948.516,-2.375
Fragile and conflict affected situations,FCS,2008,6966.3955,1622.4445,753058100,4948.516,-2.354
Fragile and conflict affected situations,FCS,2009,6798.0996,1619.0637,772015940,4948.516,-2.361
Fragile and conflict affected situations,FCS,2010,6633.9995,1676.9749,791371800,4948.516,-2.368
Fragile and conflict affected situations,FCS,2011,6474.892,1643.7688,810972300,4948.516,-2.374
Fragile and conflict affected situations,FCS,2012,5992.558,1694.3739,831065600,4978.516,-3.426
Fragile and conflict affected situations,FCS,2013,5849.3613,1708.6993,851404900,4978.516,-3.435
Fragile and conflict affected situations,FCS,2014,5715.463,1697.5881,871345340,4978.516,-3.41
Fragile and conflict affected situations,FCS,2015,5590.1685,1663.162,890869500,4978.516,-3.366
Fragile and conflict affected situations,FCS,2016,5467.5903,1634.4167,910836500,4978.516,-3.325
Fragile and conflict affected situations,FCS,2017,5347.8623,1619.4476,931222850,4978.516,-2.251
Fragile and conflict affected situations,FCS,2018,5231.932,1607.4106,951851600,4978.516,-2.206
Fragile and conflict affected situations,FCS,2019,5117.9995,1585.2361,973035200,4978.516,-2.184
Fragile and conflict affected situations,FCS,2020,5005.4907,1435.462,994901100,4978.516,-2.185
Fragile and conflict affected situations,FCS,2021,4897.148,1425.8987,1016907000,4978.516,-2.18
Fragile and conflict affected situations,FCS,2022,4827.783,1421.7686,1036390000,,-2.025
Fragile and conflict affected situations,FCS,2023,,1423.9102,1057033150,,
Fragile and conflict affected situations,FCS,2024,,1419.2764,1081767600,,
France,FRA,1990,3432.8274,27992.975,58261012,200,
France,FRA,1991,3415.6365,28197.236,58554240,200,
France,FRA,1992,3398.668,28482.52,58846584,200,
France,FRA,1993,3383.9175,28257.096,59103096,200,
France,FRA,1994,3371.2678,28822.5,59324864,200,
France,FRA,1995,3359.0134,29379.615,59541296,200,-0.434
France,FRA,1996,3347.028,29683.78,59754504,200,-0.405
France,FRA,1997,3335.1084,30325.523,59968064,200,-0.377
France,FRA,1998,3322.7734,31256.508,60190684,200,-0.364
France,FRA,1999,3305.6765,32152.72,60501984,200,-0.392
France,FRA,2000,3283.0662,33255.137,60918660,200,-0.456
France,FRA,2001,3259.22,33640.67,61364376,200,-0.53
France,FRA,2002,3235.6104,33753.58,61812144,200,-0.604
France,FRA,2003,3212.859,33840.617,62249856,200,-0.671
France,FRA,2004,3189.4067,34557.15,62707588,200,-0.714
France,FRA,2005,3165.5159,34946.04,63180856,200,-0.727
France,FRA,2006,3143.5498,35645.418,63622344,200,-0.72
France,FRA,2007,3124.1755,36322.168,64016890,200,-0.698
France,FRA,2008,3106.7905,36257.367,64375116,200,-0.669
France,FRA,2009,3090.8826,35052.85,64706436,200,-0.626
France,FRA,2010,3075.6829,35578.195,65026212,200,-0.574
France,FRA,2011,3060.8733,36269.957,65340830,200,-0.532
France,FRA,2012,3046.103,36161.293,65657660,200,-0.505
France,FRA,2013,3030.398,36256.086,65997932,200,-0.497
France,FRA,2014,3016.0422,36444.395,66312068,200,-0.489
France,FRA,2015,3005.3372,36702.434,66548270,200,-0.462
France,FRA,2016,2997.4175,36920.535,66724104,200,-0.418
France,FRA,2017,2988.7317,37580.598,66918020,200,-0.38
France,FRA,2018,2978.0364,38062.445,67158350,200,-0.348
France,FRA,2019,2968.149,38705.207,67382060,200,-0.32
France,FRA,2020,2958.5312,35709.203,67601110,200,-0.313
France,FRA,2021,2947.991,38030.855,67842810,200,-0.332
France,FRA,2022,2933.2197,38868.332,68184456,200,-0.374
France,FRA,2023,,39319.414,68372290,,
France,FRA,2024,,39683.395,68551656,,
French Polynesia,PYF,1990,,25307.705,203776,,
French Polynesia,PYF,1991,,25731.775,207744,,
French Polynesia,PYF,1992,,24899.512,211559,,
French Polynesia,PYF,1993,,24158.45,215219,,
French Polynesia,PYF,1994,,23373.713,218738,,
French Polynesia,PYF,1995,,22928.498,222118,,
French Polynesia,PYF,1996,,22434.73,225489,,
French Polynesia,PYF,1997,,22051.98,229121,,
French Polynesia,PYF,1998,,22071.062,232891,,
French Polynesia,PYF,1999,,22136.258,236595,,
French Polynesia,PYF,2000,,22498.828,240337,,
French Polynesia,PYF,2001,,22076.592,244097,,
French Polynesia,PYF,2002,,21932.92,247775,,
French Polynesia,PYF,2003,,22055.643,251637,,
French Polynesia,PYF,2004,,21919.941,255654,,
French Polynesia,PYF,2005,,21661.424,259507,,
French Polynesia,PYF,2006,,21545.6,263223,,
French Polynesia,PYF,2007,,21648.533,266438,,
French Polynesia,PYF,2008,,21493.418,268379,,
French Polynesia,PYF,2009,,20499.771,269481,,
French Polynesia,PYF,2010,,19913.025,270580,,
French Polynesia,PYF,2011,,19241.645,271727,,
French Polynesia,PYF,2012,,18968.441,273084,,
French Polynesia,PYF,2013,,18930.127,274728,,
French Polynesia,PYF,2014,,18928.186,276387,,
French Polynesia,PYF,2015,,19166.959,277866,,
French Polynesia,PYF,2016,,19516.072,279178,,
French Polynesia,PYF,2017,,20287.77,280087,,
French Polynesia,PYF,2018,,20674.42,279815,,
French Polynesia,PYF,2019,,21289.875,279034,,
French Polynesia,PYF,2020,,19026.791,279209,,
French Polynesia,PYF,2021,,19626.232,279792,,
French Polynesia,PYF,2022,,20160.5,280378,,
French Polynesia,PYF,2023,,20664.977,281118,,
French Polynesia,PYF,2024,,20846.652,281807,,
Gabon,GAB,1990,166711.73,8354.263,983734,164,
Gabon,GAB,1991,162244.83,8627.39,1010818,164,
Gabon,GAB,1992,157938.33,8138.868,1038380,164,
Gabon,GAB,1993,153787.72,8237.743,1066405,164,
Gabon,GAB,1994,149810,8322.61,1094720,164,
Gabon,GAB,1995,146009.7,8514.94,1123213,164,-2.617
Gabon,GAB,1996,142359.25,8603.008,1152015,164,-2.581
Gabon,GAB,1997,138813.77,8870.126,1181439,164,-2.548
Gabon,GAB,1998,135343.02,8949.121,1211736,164,-2.523
Gabon,GAB,1999,131937.16,7944.645,1243016,164,-2.509
Gabon,GAB,2000,128569.77,7596.0996,1275572,164,-2.512
Gabon,GAB,2001,125230.13,7556.77,1309589,164,-2.531
Gabon,GAB,2002,121920.85,7338.7563,1345135,164,-2.562
Gabon,GAB,2003,118638.55,7301.6714,1382350,164,-2.6
Gabon,GAB,2004,115362.24,7148.9873,1421609,164,-2.649
Gabon,GAB,2005,112060.516,7130.225,1463495,164,-2.711
Gabon,GAB,2006,108729.016,6724.0815,1508337,164,-2.786
Gabon,GAB,2007,105382.41,6908.674,1556237,164,-2.873
Gabon,GAB,2008,102042.41,6468.3853,1607175,164,-2.969
Gabon,GAB,2009,98702.664,6264.836,1661556,164,-3.071
Gabon,GAB,2010,95355.55,6481.496,1719879,164,-3.177
Gabon,GAB,2011,92032.2,6699.234,1781985,164,-3.279
Gabon,GAB,2012,88797.98,6803.2266,1846889,164,-3.367
Gabon,GAB,2013,85726.58,6938.2573,1913059,164,-3.425
Gabon,GAB,2014,82895.31,6998.6055,1978399,164,-3.43
Gabon,GAB,2015,80353.2,7047.1265,2040989,164,-3.366
Gabon,GAB,2016,78083.86,6991.325,2100306,164,-3.234
Gabon,GAB,2017,76035.05,6840.0596,2156900,164,-3.056
Gabon,GAB,2018,74130.39,6724.596,2212318,164,-2.865
Gabon,GAB,2019,72319.78,6817.569,2267706,164,-2.693
Gabon,GAB,2020,70612.375,6534.28,2322539,164,-2.551
Gabon,GAB,2021,69002.6,6479.049,2376722,164,-2.442
Gabon,GAB,2022,67468.97,6527.482,2430747,164,-2.362
Gabon,GAB,2023,,6541.254,2484789,,
Gabon,GAB,2024,,6618.987,2538952,,
"Gambia, The",GMB,1990,2844.4216,658.7112,1054696,3,
"Gambia, The",GMB,1991,2727.3743,651.2296,1099959,3,
"Gambia, The",GMB,1992,2618.7563,646.421,1145582,3,
"Gambia, The",GMB,1993,2524.4768,641.91876,1188365,3,
"Gambia, The",GMB,1994,2444.5376,622.55133,1227226,3,
"Gambia, The",GMB,1995,2372.83,609.61847,1264313,3,-3.561
"Gambia, The",GMB,1996,2305.1921,605.4099,1301410,3,-3.308
"Gambia, The",GMB,1997,2240.6638,617.2976,1338889,3,-3.07
"Gambia, The",GMB,1998,2178.67,621.2261,1376987,3,-2.903
"Gambia, The",GMB,1999,2118.9749,642.8737,1415779,3,-2.818
"Gambia, The",GMB,2000,2061.7366,659.91125,1455084,3,-2.772
"Gambia, The",GMB,2001,2006.6742,679.53973,1495011,3,-2.736
"Gambia, The",GMB,2002,1953.518,640.03894,1535691,3,-2.706
"Gambia, The",GMB,2003,1901.6095,665.8342,1577611,3,-2.684
"Gambia, The",GMB,2004,1850.3533,693.5633,1621312,3,-2.675
"Gambia, The",GMB,2005,1799.6001,658.6763,1667037,3,-2.683
"Gambia, The",GMB,2006,1748.9907,636.596,1715275,3,-2.711
"Gambia, The",GMB,2007,1698.9717,637.2093,1765774,3,-2.754
"Gambia, The",GMB,2008,1650.2993,657.67566,1817852,3,-2.795
"Gambia, The",GMB,2009,1603.0591,681.4335,1871422,3,-2.828
"Gambia, The",GMB,2010,1557.123,701.0145,1926630,3,-2.853
"Gambia, The",GMB,2011,1512.2615,625.46436,1983784,3,-2.867
"Gambia, The",GMB,2012,1468.3612,639.1399,2043094,3,-2.875
"Gambia, The",GMB,2013,1425.9775,638.52234,2103820,3,-2.88
"Gambia, The",GMB,2014,1385.9834,611.87946,2164528,3,-2.868
"Gambia, The",GMB,2015,1348.6001,619.5364,2224529,3,-2.835
"Gambia, The",GMB,2016,1313.6179,615.19336,2283769,3,-2.777
"Gambia, The",GMB,2017,1280.853,628.7773,2342189,3,-2.695
"Gambia, The",GMB,2018,1250.1917,658.1278,2399632,3,-2.597
"Gambia, The",GMB,2019,1221.0787,682.79767,2456844,3,-2.502
"Gambia, The",GMB,2020,1192.4954,670.75867,2515733,3,-2.43
"Gambia, The",GMB,2021,1164.5918,689.4932,2576010,3,-2.38
"Gambia, The",GMB,2022,1137.8851,710.68695,2636470,3,-2.339
"Gambia, The",GMB,2023,,735.61237,2697845,,
"Gambia, The",GMB,2024,,758.9659,2759988,,
Georgia,GEO,1990,,3534.0322,4802000,,
Georgia,GEO,1991,,2768.81,4835900,,
Georgia,GEO,1992,11927.772,1513.8502,4873500,58.13,
Georgia,GEO,1993,11836.452,1062.0953,4911100,58.13,
Georgia,GEO,1994,12020.076,966.4196,4836076,58.13,
Georgia,GEO,1995,12480.35,1029.4806,4657722,58.13,
Georgia,GEO,1996,12941.65,1187.1232,4491699,58.13,
Georgia,GEO,1997,13363.485,1354.7836,4349913,58.13,2.299
Georgia,GEO,1998,13698.253,1431.7933,4243607,58.13,2.965
Georgia,GEO,1999,13982.996,1503.463,4157192,58.13,3.071
Georgia,GEO,2000,14257.575,1561.1987,4077131,58.13,2.698
Georgia,GEO,2001,14480.468,1661.8302,4014373,58.13,2.272
Georgia,GEO,2002,14610.9795,1768.597,3978515,58.13,1.801
Georgia,GEO,2003,14709.991,1977.4614,3951736,58.13,1.435
Georgia,GEO,2004,14801.367,2105.0046,3927340,58.13,1.144
Georgia,GEO,2005,14895.698,2321.6008,3902469,58.13,0.88
Georgia,GEO,2006,14980.619,2554.8125,3880347,58.13,0.681
Georgia,GEO,2007,15058.969,2891.137,3860158,58.13,0.606
Georgia,GEO,2008,15104.786,2970.1587,3848449,58.13,0.531
Georgia,GEO,2009,15239.542,2887.256,3814419,58.13,0.585
Georgia,GEO,2010,15351.117,3090.0652,3786695,58.13,0.604
Georgia,GEO,2011,15474.754,3362.103,3756441,58.13,0.651
Georgia,GEO,2012,15589.156,3609.7808,3728874,58.13,0.694
Georgia,GEO,2013,15636.146,3806.506,3717668,58.13,0.694
Georgia,GEO,2014,15628.806,3960.3508,3719414,58.13,0.506
Georgia,GEO,2015,15604.213,4086.6223,3725276,58.13,0.328
Georgia,GEO,2016,15594.882,4225.0913,3727505,58.13,0.155
Georgia,GEO,2017,15592.794,4442.5073,3728004,58.13,0.005
Georgia,GEO,2018,15598.883,4713.6533,3726549,58.13,-0.048
Georgia,GEO,2019,15625.668,4975.8115,3720161,58.13,-0.004
Georgia,GEO,2020,15614.943,4659.6094,3722716,58.13,0.014
Georgia,GEO,2021,15674.336,5175.1987,3708610,58.13,0.102
Georgia,GEO,2022,15657.904,5736.3047,3712502,58.13,0.083
Georgia,GEO,2023,,6180.6206,3715483,,
Georgia,GEO,2024,,6808.074,3699557,,
Germany,DEU,1990,1347.0468,29763.312,79433030,107,
Germany,DEU,1991,1337.2677,31056.594,80013896,107,
Germany,DEU,1992,1327.1384,31441.975,80624600,107,
Germany,DEU,1993,1318.4425,30932.02,81156360,107,
Germany,DEU,1994,1313.8773,31625.395,81438350,107,
Germany,DEU,1995,1310.0215,32007.145,81678050,107,-0.556
Germany,DEU,1996,1306.2347,32245.861,81914830,107,-0.468
Germany,DEU,1997,1304.325,32795.785,82034770,107,-0.346
Germany,DEU,1998,1304.1274,33477.984,82047190,107,-0.218
Germany,DEU,1999,1303.2848,34168.832,82100240,107,-0.162
Germany,DEU,2000,1301.521,35104.13,82211500,107,-0.13
Germany,DEU,2001,1299.3333,35618.516,82349930,107,-0.106
Germany,DEU,2002,1297.1506,35477.516,82488500,107,-0.11
Germany,DEU,2003,1296.4326,35270.023,82534180,107,-0.118
Germany,DEU,2004,1296.7141,35687.637,82516260,107,-0.101
Germany,DEU,2005,1297.4506,36024.094,82469420,107,-0.063
Germany,DEU,2006,1298.9149,37459.26,82376450,107,-0.006
Germany,DEU,2007,1300.653,38593.074,82266370,107,0.054
Germany,DEU,2008,1303.1284,39009.848,82110100,107,0.103
Germany,DEU,2009,1306.4344,36940.406,81902300,107,0.149
Germany,DEU,2010,1308.4375,38526.74,81776930,107,0.169
Germany,DEU,2011,1332.9183,40722.484,80274984,107,0.518
Germany,DEU,2012,1330.4185,40834.508,80425820,107,0.454
Germany,DEU,2013,1326.7927,40884.895,80645610,107,0.361
Germany,DEU,2014,1321.2731,41602.465,80982500,107,0.226
Germany,DEU,2015,1309.8842,41929.754,81686610,107,0.022
Germany,DEU,2016,1299.3531,42516.934,82348670,107,-0.509
Germany,DEU,2017,1294.5062,43543.48,82657000,107,-0.546
Germany,DEU,2018,1290.6217,43905.855,82905784,107,-0.551
Germany,DEU,2019,1287.7144,44235.266,83092960,107,-0.513
Germany,DEU,2020,1286.6628,42372.87,83160870,107,-0.357
Germany,DEU,2021,1286.1183,44011.02,83196080,107,-0.205
Germany,DEU,2022,1286.4008,44817.133,83177816,107,-0.126
Germany,DEU,2023,,44368.992,83287270,,
Germany,DEU,2024,,44027.76,83516590,,
Ghana,GHA,1990,1968.2164,855.8525,15394648,30.3,
Ghana,GHA,1991,1919.2404,878.6357,15787496,30.3,
Ghana,GHA,1992,1872.1206,890.3132,16184855,30.3,
Ghana,GHA,1993,1826.4543,910.7229,16589519,30.3,
Ghana,GHA,1994,1783.0673,918.4287,16993190,30.3,
Ghana,GHA,1995,1741.4777,933.8953,17399016,30.3,-2.418
Ghana,GHA,1996,1701.2742,954.3254,17810180,30.3,-2.382
Ghana,GHA,1997,1661.2792,970.9957,18238958,30.3,-2.361
Ghana,GHA,1998,1621.3582,992.2063,18688036,30.3,-2.354
Ghana,GHA,1999,1582.2567,1010.88196,19149864,30.3,-2.361
Ghana,GHA,2000,1542.9987,1022.2752,19637088,30.3,-2.391
Ghana,GHA,2001,1502.4493,1035.2267,20167068,30.3,-2.455
Ghana,GHA,2002,1461.693,1052.466,20729388,30.3,-2.527
Ghana,GHA,2003,1422.7552,1077.7,21296704,30.3,-2.58
Ghana,GHA,2004,1385.5674,1108.3048,21868298,30.3,-2.62
Ghana,GHA,2005,1349.6997,1143.3118,22449438,30.3,-2.641
Ghana,GHA,2006,1315.0641,1185.2657,23040702,30.3,-2.629
Ghana,GHA,2007,1281.6023,1205.317,23642280,30.3,-2.595
Ghana,GHA,2008,1249.4873,1282.6342,24249946,30.3,-2.564
Ghana,GHA,2009,1218.6948,1311.6305,24862664,30.3,-2.534
Ghana,GHA,2010,1189.4016,1381.2279,25474996,30.3,-2.497
Ghana,GHA,2011,1161.1381,1537.8184,26095088,30.3,-2.459
Ghana,GHA,2012,1133.3768,1640.5408,26734268,30.3,-2.428
Ghana,GHA,2013,1106.397,1718.597,27386192,30.3,-2.403
Ghana,GHA,2014,1080.5378,1726.3693,28041592,30.3,-2.378
Ghana,GHA,2015,1055.8938,1722.7728,28696068,30.3,-2.353
Ghana,GHA,2016,1032.1309,1740.811,29356742,30.3,-2.328
Ghana,GHA,2017,1009.7188,1841.4464,30008354,30.3,-2.284
Ghana,GHA,2018,988.9813,1915.4532,30637584,30.3,-2.219
Ghana,GHA,2019,969.3226,1999.5537,31258944,30.3,-2.149
Ghana,GHA,2020,950.2064,1970.1941,31887808,30.3,-2.087
Ghana,GHA,2021,931.7726,2030.0487,32518664,30.3,-2.025
Ghana,GHA,2022,914.05054,2067.209,33149152,30.3,-1.971
Ghana,GHA,2023,,2091.8135,33787910,,
Ghana,GHA,2024,,2167.7268,34427416,,
Gibraltar,GIB,1990,,,27200,,
Gibraltar,GIB,1991,,,26898,,
Gibraltar,GIB,1992,,,26878,,
Gibraltar,GIB,1993,,,27070,,
Gibraltar,GIB,1994,,,27239,,
Gibraltar,GIB,1995,,,27377,,
Gibraltar,GIB,1996,,,27487,,
Gibraltar,GIB,1997,,,27582,,
Gibraltar,GIB,1998,,,27650,,
Gibraltar,GIB,1999,,,27692,,
Gibraltar,GIB,2000,,,27709,,
Gibraltar,GIB,2001,,,27657,,
Gibraltar,GIB,2002,,,27831,,
Gibraltar,GIB,2003,,,28274,,
Gibraltar,GIB,2004,,,28715,,
Gibraltar,GIB,2005,,,29163,,
Gibraltar,GIB,2006,,,29594,,
Gibraltar,GIB,2007,,,30006,,
Gibraltar,GIB,2008,,,30413,,
Gibraltar,GIB,2009,,,30823,,
Gibraltar,GIB,2010,,,31248,,
Gibraltar,GIB,2011,,,31660,,
Gibraltar,GIB,2012,,,32029,,
Gibraltar,GIB,2013,,,32407,,
Gibraltar,GIB,2014,,,32813,,
Gibraltar,GIB,2015,,,33193,,
Gibraltar,GIB,2016,,,33658,,
Gibraltar,GIB,2017,,,34245,,
Gibraltar,GIB,2018,,,34854,,
Gibraltar,GIB,2019,,,35494,,
Gibraltar,GIB,2020,,,36173,,
Gibraltar,GIB,2021,,,36858,,
Gibraltar,GIB,2022,,,37609,,
Gibraltar,GIB,2023,,,38471,,
Gibraltar,GIB,2024,,,39329,,
Greece,GRC,1990,5688.0635,15438.794,10196792,58,
Greece,GRC,1991,5620.195,15727.474,10319927,58,
Greece,GRC,1992,5577.427,15717.046,10399061,58,
Greece,GRC,1993,5544.713,15374.862,10460415,58,
Greece,GRC,1994,5517.02,15604.034,10512922,58,
Greece,GRC,1995,5491.3047,15857.416,10562153,58,-0.702
Greece,GRC,1996,5467.159,16005.951,10608800,58,-0.551
Greece,GRC,1997,5440.258,16501.031,10661259,58,-0.497
Greece,GRC,1998,5410.191,16973.83,10720509,58,-0.49
Greece,GRC,1999,5389.484,17358.436,10761698,58,-0.467
Greece,GRC,2000,5367.484,18002.906,10805808,58,-0.455
Greece,GRC,2001,5339.6514,18742.424,10862132,58,-0.471
Greece,GRC,2002,5320.114,19548.367,10902022,58,-0.446
Greece,GRC,2003,5307.433,20632.256,10928070,58,-0.383
Greece,GRC,2004,5294.318,21688.105,10955141,58,-0.356
Greece,GRC,2005,5278.8154,21880.527,10987314,58,-0.333
Greece,GRC,2006,5262.985,23220.533,11020362,58,-0.289
Greece,GRC,2007,5249.594,23973.693,11048473,58,-0.267
Greece,GRC,2008,5235.6772,23923.88,11077841,58,-0.272
Greece,GRC,2009,5221.9243,22878.135,11107017,58,-0.275
Greece,GRC,2010,5215.198,21547.725,11121341,58,-0.242
Greece,GRC,2011,5222.92,19448.256,11104899,58,-0.153
Greece,GRC,2012,5251.2397,17924.662,11045011,58,0.006
Greece,GRC,2013,5289.456,17644.877,10965211,58,0.205
Greece,GRC,2014,5324.807,17903.525,10892413,58,0.391
Greece,GRC,2015,5360.0063,17980.73,10820883,58,0.549
Greece,GRC,2016,5382.3457,18049.93,10775971,58,0.603
Greece,GRC,2017,5393.0015,18352.088,10754679,58,0.534
Greece,GRC,2018,5403.954,18769.04,10732882,58,0.429
Greece,GRC,2019,5409.6494,19216.676,10721582,58,0.317
Greece,GRC,2020,5421.2705,17486.951,10698599,58,0.228
Greece,GRC,2021,5487.6396,19232.969,10569207,58,0.388
Greece,GRC,2022,5557.2153,20552.322,10436882,58,0.602
Greece,GRC,2023,,21050.865,10407351,,
Greece,GRC,2024,,21494.686,10405134,,
Greenland,GRL,1990,,26805.549,55600,,
Greenland,GRL,1991,,26823.379,55500,,
Greenland,GRL,1992,,25544.299,55300,,
Greenland,GRL,1993,,24303.898,55200,,
Greenland,GRL,1994,,25604.596,55500,,
Greenland,GRL,1995,,26416.516,55800,,
Greenland,GRL,1996,,26772.613,55900,,
Greenland,GRL,1997,,27117.373,56000,,
Greenland,GRL,1998,,29169.047,56100,,
Greenland,GRL,1999,,29570.963,56100,,
Greenland,GRL,2000,,31623.059,56185,,
Greenland,GRL,2001,,31914.172,56379,,
Greenland,GRL,2002,,31483.607,56595,,
Greenland,GRL,2003,,32787.97,56751,,
Greenland,GRL,2004,,34961.938,56898,,
Greenland,GRL,2005,,36681.805,56935,,
Greenland,GRL,2006,,38828.85,56775,,
Greenland,GRL,2007,,39896.875,56555,,
Greenland,GRL,2008,,42527.668,56328,,
Greenland,GRL,2009,,42899.746,56323,,
Greenland,GRL,2010,,43481.516,56534,,
Greenland,GRL,2011,,42994.88,56890,,
Greenland,GRL,2012,,43655.7,56810,,
Greenland,GRL,2013,,43338.383,56483,,
Greenland,GRL,2014,,45545.145,56295,,
Greenland,GRL,2015,,44536.355,56114,,
Greenland,GRL,2016,,46561.78,56186,,
Greenland,GRL,2017,,46597.945,56172,,
Greenland,GRL,2018,,47012.984,56023,,
Greenland,GRL,2019,,48170.79,56225,,
Greenland,GRL,2020,,48169.94,56367,,
Greenland,GRL,2021,,48709.934,56653,,
Greenland,GRL,2022,,49679.336,56661,,
Greenland,GRL,2023,,49929.777,56865,,
Greenland,GRL,2024,,,56836,,
Grenada,GRD,1990,2000.8604,5102.692,99957,0.2,
Grenada,GRD,1991,1984.2648,5130.4824,100793,0.2,
Grenada,GRD,1992,1968.4652,5046.311,101602,0.2,
Grenada,GRD,1993,1953.4684,4909.771,102382,0.2,
Grenada,GRD,1994,1939.1495,4956.3223,103138,0.2,
Grenada,GRD,1995,1925.5023,5026.242,103869,0.2,-0.765
Grenada,GRD,1996,1912.3384,5213.431,104584,0.2,-0.736
Grenada,GRD,1997,1899.4615,5438.0444,105293,0.2,-0.711
Grenada,GRD,1998,1886.6323,6036.159,106009,0.2,-0.694
Grenada,GRD,1999,1873.9401,6409.146,106727,0.2,-0.682
Grenada,GRD,2000,1861.3135,6677.1265,107451,0.2,-0.676
Grenada,GRD,2001,1852.0748,6509.5166,107987,0.2,-0.638
Grenada,GRD,2002,1844.9503,6707.3687,108404,0.2,-0.581
Grenada,GRD,2003,1836.8171,7309.7856,108884,0.2,-0.534
Grenada,GRD,2004,1829.4412,7233.295,109323,0.2,-0.48
Grenada,GRD,2005,1822.5891,8162.912,109734,0.2,-0.42
Grenada,GRD,2006,1815.9531,7808.2437,110135,0.2,-0.393
Grenada,GRD,2007,1809.5945,8257.362,110522,0.2,-0.386
Grenada,GRD,2008,1803.4916,8307.492,110896,0.2,-0.366
Grenada,GRD,2009,1797.6882,7733.13,111254,0.2,-0.35
Grenada,GRD,2010,1792.3396,7670.7114,111586,0.2,-0.334
Grenada,GRD,2011,1784.4556,7695.376,112079,0.2,-0.349
Grenada,GRD,2012,1773.4427,7559.563,112775,0.2,-0.403
Grenada,GRD,2013,1762.3164,7688.753,113487,0.2,-0.461
Grenada,GRD,2014,1752.3569,8206.629,114132,0.2,-0.509
Grenada,GRD,2015,1744.0441,8694.124,114676,0.2,-0.545
Grenada,GRD,2016,1737.1666,8983.684,115130,0.2,-0.536
Grenada,GRD,2017,1732.5317,9357.407,115438,0.2,-0.466
Grenada,GRD,2018,1728.7429,9744.169,115691,0.2,-0.384
Grenada,GRD,2019,1724.4204,9785.561,115981,0.2,-0.321
Grenada,GRD,2020,1719.0845,8413.283,116341,0.2,-0.288
Grenada,GRD,2021,1713.9723,8782.322,116688,0.2,-0.268
Grenada,GRD,2022,1710.6737,9406.193,116913,0.2,-0.254
Grenada,GRD,2023,,9817.864,117081,,
Grenada,GRD,2024,,10196.005,117207,,
Guam,GUM,1990,,,138610,,
Guam,GUM,1991,,,141073,,
Guam,GUM,1992,,,143393,,
Guam,GUM,1993,,,145654,,
Guam,GUM,1994,,,147868,,
Guam,GUM,1995,,,150054,,
Guam,GUM,1996,,,152169,,
Guam,GUM,1997,,,154215,,
Guam,GUM,1998,,,156237,,
Guam,GUM,1999,,,158289,,
Guam,GUM,2000,,,160065,,
Guam,GUM,2001,,,161329,,
Guam,GUM,2002,,29576.223,162315,,
Guam,GUM,2003,,29685.953,163137,,
Guam,GUM,2004,,31483.814,163810,,
Guam,GUM,2005,,32520.373,164365,,
Guam,GUM,2006,,31242.463,164839,,
Guam,GUM,2007,,31385.047,165267,,
Guam,GUM,2008,,31941.271,165693,,
Guam,GUM,2009,,31988.723,166173,,
Guam,GUM,2010,,32644.148,166522,,
Guam,GUM,2011,,32665.379,166543,,
Guam,GUM,2012,,33404.934,166331,,
Guam,GUM,2013,,34044.32,165966,,
Guam,GUM,2014,,34755.27,165486,,
Guam,GUM,2015,,35165.703,164905,,
Guam,GUM,2016,,35373.848,164233,,
Guam,GUM,2017,,35850.902,163490,,
Guam,GUM,2018,,35731.22,162679,,
Guam,GUM,2019,,36830.125,161808,,
Guam,GUM,2020,,32884.887,162158,,
Guam,GUM,2021,,33239.484,163730,,
Guam,GUM,2022,,34627.984,165180,,
Guam,GUM,2023,,,166506,,
Guam,GUM,2024,,,167777,,
Guatemala,GTM,1990,12100.027,2741.538,9024773,109.2,
Guatemala,GTM,1991,11776.652,2765.882,9272584,109.2,
Guatemala,GTM,1992,11467.858,2823.672,9522266,109.2,
Guatemala,GTM,1993,11165.917,2857.2964,9779761,109.2,
Guatemala,GTM,1994,10872.468,2894.4312,10043718,109.2,
Guatemala,GTM,1995,10588.582,2958.3484,10312996,109.2,-2.633
Guatemala,GTM,1996,10317.923,2967.9937,10583526,109.2,-2.61
Guatemala,GTM,1997,10057.329,3019.2874,10857754,109.2,-2.591
Guatemala,GTM,1998,9803.266,3089.976,11139145,109.2,-2.569
Guatemala,GTM,1999,9559.689,3129.1208,11422965,109.2,-2.541
Guatemala,GTM,2000,9335.255,3165.9324,11697592,109.2,-2.488
Guatemala,GTM,2001,9123.247,3166.2036,11969422,109.2,-2.431
Guatemala,GTM,2002,8916.531,3213.2683,12246915,109.2,-2.379
Guatemala,GTM,2003,8717.977,3222.1548,12525842,109.2,-2.319
Guatemala,GTM,2004,8526.319,3250.204,12807402,109.2,-2.262
Guatemala,GTM,2005,8343.757,3284.8098,13087629,109.2,-2.221
Guatemala,GTM,2006,8169.092,3388.1501,13367459,109.2,-2.185
Guatemala,GTM,2007,7998.8047,3527.7783,13652040,109.2,-2.149
Guatemala,GTM,2008,7836.285,3569.9287,13935174,109.2,-2.11
Guatemala,GTM,2009,7681.696,3516.1924,14215611,109.2,-2.065
Guatemala,GTM,2010,7530.976,3546.6257,14500112,109.2,-2.029
Guatemala,GTM,2011,7382.306,3621.374,14792126,109.2,-2.005
Guatemala,GTM,2012,7236.75,3655.5732,15089647,109.2,-1.982
Guatemala,GTM,2013,7096.7446,3717.3047,15387337,109.2,-1.963
Guatemala,GTM,2014,6963.5195,3809.616,15681725,109.2,-1.944
Guatemala,GTM,2015,6837.0747,3893.5054,15971743,109.2,-1.915
Guatemala,GTM,2016,6712.251,3924.779,16268760,109.2,-1.885
Guatemala,GTM,2017,6591.2744,3972.7405,16567357,109.2,-1.851
Guatemala,GTM,2018,6482.372,4040.2122,16845684,109.2,-1.795
Guatemala,GTM,2019,6384.545,4139.122,17103804,109.2,-1.721
Guatemala,GTM,2020,6291.292,4005.839,17357324,109.2,-1.65
Guatemala,GTM,2021,6205.0215,4268.6284,17598650,109.2,-1.559
Guatemala,GTM,2022,6118.3745,4385.149,17847876,109.2,-1.478
Guatemala,GTM,2023,,4470.7075,18124838,,
Guatemala,GTM,2024,,4563.0957,18406360,,
Guinea,GIN,1990,35123.85,548.3715,6434374,226,
Guinea,GIN,1991,33745.617,540.62274,6697166,226,
Guinea,GIN,1992,32685.57,540.76825,6914366,226,
Guinea,GIN,1993,31705.16,551.0067,7128177,226,
Guinea,GIN,1994,30768.783,555.96277,7345107,226,
Guinea,GIN,1995,29920.898,565.55334,7553249,226,-3.156
Guinea,GIN,1996,29086.098,574.30286,7770035,226,-2.928
Guinea,GIN,1997,28494.447,591.77356,7931370,226,-2.707
Guinea,GIN,1998,27963.41,601.908,8081990,226,-2.48
Guinea,GIN,1999,27343.816,611.0077,8265123,226,-2.333
Guinea,GIN,2000,26812.73,614.1372,8428832,226,-2.17
Guinea,GIN,2001,26463.824,628.32056,8539960,226,-1.872
Guinea,GIN,2002,26054.678,650.555,8674066,226,-1.774
Guinea,GIN,2003,25476.9,644.0712,8870781,226,-1.845
Guinea,GIN,2004,24937.309,645.18286,9062726,226,-1.826
Guinea,GIN,2005,24443.414,651.3596,9245844,226,-1.833
Guinea,GIN,2006,23937.709,645.472,9441171,226,-1.986
Guinea,GIN,2007,23389.922,673.699,9662281,226,-2.135
Guinea,GIN,2008,22830.889,684.77576,9898870,226,-2.169
Guinea,GIN,2009,22280.203,660.7567,10143534,226,-2.228
Guinea,GIN,2010,21738.951,675.73694,10396086,226,-2.318
Guinea,GIN,2011,21207.098,696.2,10656810,226,-2.393
Guinea,GIN,2012,20692.975,719.5059,10921581,226,-2.42
Guinea,GIN,2013,20193.225,729.8331,11191873,226,-2.425
Guinea,GIN,2014,19698.553,738.2723,11472924,226,-2.433
Guinea,GIN,2015,19206.14,747.357,11767070,226,-2.447
Guinea,GIN,2016,18719.41,807.23645,12073030,226,-2.465
Guinea,GIN,2017,18246.91,867.90753,12385659,226,-2.485
Guinea,GIN,2018,17788.588,899.90735,12704774,226,-2.504
Guinea,GIN,2019,17338.807,926.42224,13034346,226,-2.52
Guinea,GIN,2020,16902.02,945.5709,13371183,226,-2.524
Guinea,GIN,2021,16483.701,973.6469,13710513,226,-2.512
Guinea,GIN,2022,16079.53,987.5025,14055137,226,-2.497
Guinea,GIN,2023,,1016.8809,14405468,,
Guinea,GIN,2024,,1045.9221,14754785,,
Guinea-Bissau,GNB,1990,16432.69,569.1697,973669,16,
Guinea-Bissau,GNB,1991,16086.238,585.5855,994639,16,
Guinea-Bissau,GNB,1992,15619.569,574.852,1024356,16,
Guinea-Bissau,GNB,1993,15112.232,567.86005,1058745,16,
Guinea-Bissau,GNB,1994,14651.599,568.1689,1092031,16,
Guinea-Bissau,GNB,1995,14286.365,578.38184,1119949,16,-2.761
Guinea-Bissau,GNB,1996,13991.701,632.1609,1143535,16,-2.751
Guinea-Bissau,GNB,1997,13727.483,660.5378,1165545,16,-2.549
Guinea-Bissau,GNB,1998,13473.99,502.81555,1187473,16,-2.269
Guinea-Bissau,GNB,1999,13220.89,576.3308,1210206,16,-2.034
Guinea-Bissau,GNB,2000,12958.184,571.094,1234741,16,-1.933
Guinea-Bissau,GNB,2001,12685.597,585.83795,1261273,16,-1.941
Guinea-Bissau,GNB,2002,12409.768,594.0405,1289307,16,-1.998
Guinea-Bissau,GNB,2003,12132.187,579.0925,1318806,16,-2.076
Guinea-Bissau,GNB,2004,11855.689,572.5265,1349563,16,-2.156
Guinea-Bissau,GNB,2005,11580.901,595.94257,1381585,16,-2.222
Guinea-Bissau,GNB,2006,11305,597.25714,1415303,16,-2.278
Guinea-Bissau,GNB,2007,11026.984,597.482,1450986,16,-2.335
Guinea-Bissau,GNB,2008,10752.298,608.9586,1488054,16,-2.386
Guinea-Bissau,GNB,2009,10482.338,608.20215,1526377,16,-2.432
Guinea-Bissau,GNB,2010,10214.851,625.90405,1566347,16,-2.479
Guinea-Bissau,GNB,2011,9949.778,658.9535,1608076,16,-2.522
Guinea-Bissau,GNB,2012,9688.649,630.66864,1651417,16,-2.555
Guinea-Bissau,GNB,2013,9434.112,634.09546,1695973,16,-2.582
Guinea-Bissau,GNB,2014,9189.477,623.61017,1741122,16,-2.598
Guinea-Bissau,GNB,2015,8956.275,645.06683,1786457,16,-2.595
Guinea-Bissau,GNB,2016,8734.135,663.2426,1831893,16,-2.573
Guinea-Bissau,GNB,2017,8523.914,677.4661,1877072,16,-2.529
Guinea-Bissau,GNB,2018,8323.935,686.45685,1922168,16,-2.473
Guinea-Bissau,GNB,2019,8131.3374,706.2986,1967696,16,-2.417
Guinea-Bissau,GNB,2020,7947.329,710.27515,2013255,16,-2.362
Guinea-Bissau,GNB,2021,7771.363,729.6271,2058841,16,-2.309
Guinea-Bissau,GNB,2022,7599.0405,752.9011,2105529,16,-2.271
Guinea-Bissau,GNB,2023,,779.0858,2153339,,
Guinea-Bissau,GNB,2024,,793.69214,2201352,,
Guyana,GUY,1990,321378.75,2377.218,749894,241,
Guyana,GUY,1991,322252.4,2528.0803,747861,241,
Guyana,GUY,1992,321371.47,2716.759,749911,241,
Guyana,GUY,1993,320068,2926.937,752965,241,
Guyana,GUY,1994,318858.16,3164.6677,755822,241,
Guyana,GUY,1995,317779.28,3312.65,758388,241,-0.225
Guyana,GUY,1996,316885.94,3566.135,760526,241,-0.335
Guyana,GUY,1997,316171.3,3778.0066,762245,241,-0.326
Guyana,GUY,1998,315616.06,3708.0464,763586,241,-0.28
Guyana,GUY,1999,315245.72,3813.3306,764483,241,-0.228
Guyana,GUY,2000,315101.88,3759.608,764832,241,-0.169
Guyana,GUY,2001,315248.2,3847.0947,764477,241,-0.104
Guyana,GUY,2002,315588.78,3894.871,763652,241,-0.037
Guyana,GUY,2003,315816.66,3873.0413,763101,241,0.013
Guyana,GUY,2004,316099.56,3937.1143,762418,241,0.054
Guyana,GUY,2005,316724.38,3867.933,760914,241,0.103
Guyana,GUY,2006,317537.28,4076.7798,758966,241,0.145
Guyana,GUY,2007,318420.44,4382.1045,756861,241,0.179
Guyana,GUY,2008,319371.97,4472.345,754606,241,0.224
Guyana,GUY,2009,320438.66,4649.3413,752094,241,0.273
Guyana,GUY,2010,321652.4,4860.0913,749256,241,0.309
Guyana,GUY,2011,322990.06,5133.8955,746153,241,0.341
Guyana,GUY,2012,322931.62,5403.799,746288,241,0.282
Guyana,GUY,2013,321324.34,5573.3423,750021,241,0.122
Guyana,GUY,2014,319531.6,5635.7173,754229,241,-0.057
Guyana,GUY,2015,317614.7,5640.4155,758781,241,-0.252
Guyana,GUY,2016,315631.75,5818.6167,763548,241,-0.46
Guyana,GUY,2017,313606.5,5997.1826,768479,241,-0.584
Guyana,GUY,2018,304463.62,6080.9062,791556,241,-1.072
Guyana,GUY,2019,298391.03,6278.6304,807665,241,-1.36
Guyana,GUY,2020,298459.03,9010.61,807481,241,-1.236
Guyana,GUY,2021,295530.75,10711.997,815482,241,-1.307
Guyana,GUY,2022,293316.88,17365.334,821637,241,-1.329
Guyana,GUY,2023,,23101.354,826353,,
Guyana,GUY,2024,,33034.957,831087,,
Haiti,HTI,1990,1897.6018,1627.3126,6854441,13.007,
Haiti,HTI,1991,1859.3514,1624.496,6995450,13.007,
Haiti,HTI,1992,1822.584,1507.8187,7136571,13.007,
Haiti,HTI,1993,1787.1223,1398.2546,7278181,13.007,
Haiti,HTI,1994,1753.019,1207.6605,7419771,13.007,
Haiti,HTI,1995,1719.9235,1302.1349,7562546,13.007,-1.947
Haiti,HTI,1996,1687.5646,1330.5404,7707557,13.007,-1.92
Haiti,HTI,1997,1656.036,1340.9971,7854298,13.007,-1.898
Haiti,HTI,1998,1625.4396,1344.9391,8002143,13.007,-1.879
Haiti,HTI,1999,1595.6971,1356.1134,8151296,13.007,-1.863
Haiti,HTI,2000,1566.5137,1342.8949,8303151,13.007,-1.851
Haiti,HTI,2001,1538.2126,1314.1143,8455918,13.007,-1.836
Haiti,HTI,2002,1511.0992,1304.5294,8607641,13.007,-1.815
Haiti,HTI,2003,1484.8323,1326.4716,8759912,13.007,-1.793
Haiti,HTI,2004,1459.7773,1286.9028,8910263,13.007,-1.765
Haiti,HTI,2005,1435.4495,1304.333,9061273,13.007,-1.732
Haiti,HTI,2006,1411.2638,1305.0381,9216562,13.007,-1.708
Haiti,HTI,2007,1387.6655,1343.6111,9373296,13.007,-1.69
Haiti,HTI,2008,1364.737,1356.534,9530774,13.007,-1.673
Haiti,HTI,2009,1342.3698,1412.8965,9689581,13.007,-1.663
Haiti,HTI,2010,1326.799,1317.5839,9803294,13.007,-1.562
Haiti,HTI,2011,1311.8634,1369.1692,9914904,13.007,-1.45
Haiti,HTI,2012,1291.6877,1354.8855,10069771,13.007,-1.423
Haiti,HTI,2013,1272.4065,1392.3821,10222362,13.007,-1.391
Haiti,HTI,2014,1253.9,1411.7683,10373235,13.007,-1.354
Haiti,HTI,2015,1236.0259,1411.1268,10523242,13.007,-1.407
Haiti,HTI,2016,1218.8589,1416.7488,10671457,13.007,-1.46
Haiti,HTI,2017,1202.3752,1432.6722,10817754,13.007,-1.423
Haiti,HTI,2018,1186.5144,1437.3525,10962362,13.007,-1.388
Haiti,HTI,2019,1171.257,1394.4211,11105163,13.007,-1.354
Haiti,HTI,2020,1156.8104,1331.6978,11243848,13.007,-1.316
Haiti,HTI,2021,1143.5142,1292.7196,11374586,13.007,-1.268
Haiti,HTI,2022,1130.689,1256.7214,11503606,13.007,-1.222
Haiti,HTI,2023,,1219.1188,11637398,,
Haiti,HTI,2024,,1154.873,11772557,,
Heavily indebted poor countries (HIPC),HPC,1990,13532.168,695.24866,361657950,3924.247,
Heavily indebted poor countries (HIPC),HPC,1991,13199.434,683.1118,371411650,3924.247,
Heavily indebted poor countries (HIPC),HPC,1992,12827.364,653.96686,382507620,3924.247,
Heavily indebted poor countries (HIPC),HPC,1993,10901.945,635.53,394851500,4049.047,
Heavily indebted poor countries (HIPC),HPC,1994,10574.912,618.842,406935700,4049.047,
Heavily indebted poor countries (HIPC),HPC,1995,10272.65,632.55743,418830100,4049.047,-5.363
Heavily indebted poor countries (HIPC),HPC,1996,9978.542,649.027,431006940,4049.047,-5.441
Heavily indebted poor countries (HIPC),HPC,1997,9700.725,668.7994,443196160,4049.047,-5.434
Heavily indebted poor countries (HIPC),HPC,1998,9427.783,674.49176,455939260,4049.047,-2.864
Heavily indebted poor countries (HIPC),HPC,1999,9161.854,678.3597,469076900,4049.047,-2.828
Heavily indebted poor countries (HIPC),HPC,2000,8915.314,679.18024,481984320,4049.047,-2.795
Heavily indebted poor countries (HIPC),HPC,2001,8676.2705,685.314,495197340,4049.047,-2.758
Heavily indebted poor countries (HIPC),HPC,2002,8427.592,691.88934,509679970,4049.047,-2.775
Heavily indebted poor countries (HIPC),HPC,2003,8181.91,699.0337,524773980,4049.047,-2.795
Heavily indebted poor countries (HIPC),HPC,2004,7951.0493,718.76135,539803500,4049.047,-2.795
Heavily indebted poor countries (HIPC),HPC,2005,7725.7666,737.2727,555358900,4049.047,-2.824
Heavily indebted poor countries (HIPC),HPC,2006,7505.711,757.52167,571454600,4049.047,-2.857
Heavily indebted poor countries (HIPC),HPC,2007,7299.944,777.2845,587432400,4049.047,-2.832
Heavily indebted poor countries (HIPC),HPC,2008,7098.8125,798.44476,604007700,4049.047,-2.8
Heavily indebted poor countries (HIPC),HPC,2009,6900.5864,803.14417,621337660,4049.047,-2.794
Heavily indebted poor countries (HIPC),HPC,2010,6710.5864,829.3782,638796400,4049.047,-2.778
Heavily indebted poor countries (HIPC),HPC,2011,6523.9585,843.53156,656783500,4049.047,-2.765
Heavily indebted poor countries (HIPC),HPC,2012,6000.9795,853.5861,675397570,4053.047,-3.843
Heavily indebted poor countries (HIPC),HPC,2013,5834.888,877.8263,694622900,4053.047,-3.846
Heavily indebted poor countries (HIPC),HPC,2014,5670.426,899.6648,714769500,4053.047,-3.851
Heavily indebted poor countries (HIPC),HPC,2015,5511.13,917.2961,735429440,4053.047,-3.862
Heavily indebted poor countries (HIPC),HPC,2016,5354.8335,929.8315,756895040,4053.047,-3.873
Heavily indebted poor countries (HIPC),HPC,2017,5200.2812,948.55963,779389950,4053.047,-2.824
Heavily indebted poor countries (HIPC),HPC,2018,5053.5444,960.45233,802020700,4053.047,-2.834
Heavily indebted poor countries (HIPC),HPC,2019,4914.875,973.3747,824649000,4053.047,-2.819
Heavily indebted poor countries (HIPC),HPC,2020,4780.984,946.6808,847743300,4053.047,-2.802
Heavily indebted poor countries (HIPC),HPC,2021,4653.6997,961.97,870930050,4053.047,-2.768
Heavily indebted poor countries (HIPC),HPC,2022,4534.085,982.9244,893906300,,-2.705
Heavily indebted poor countries (HIPC),HPC,2023,,991.0199,917304260,,
Heavily indebted poor countries (HIPC),HPC,2024,,1015.3201,941413060,,
Honduras,HND,1990,18203.035,457.98105,4980488,90.66,
Honduras,HND,1991,17693.926,561.1256,5123792,90.66,
Honduras,HND,1992,17198.365,594.689,5271431,90.66,
Honduras,HND,1993,16716.916,656.8698,5423249,90.66,
Honduras,HND,1994,16249.52,823.7917,5579242,90.66,
Honduras,HND,1995,15795.424,998.35657,5739637,90.66,-2.797
Honduras,HND,1996,15355.811,1193.3883,5903954,90.66,-2.795
Honduras,HND,1997,14932.173,1420.7311,6071454,90.66,-2.786
Honduras,HND,1998,14541.824,1543.7579,6234431,90.66,-2.749
Honduras,HND,1999,14164.601,1677.7795,6400463,90.66,-2.709
Honduras,HND,2000,13782.78,1789.478,6577773,90.66,-2.689
Honduras,HND,2001,13415.226,1789.1881,6757993,90.66,-2.666
Honduras,HND,2002,13065.549,1807.973,6938859,90.66,-2.635
Honduras,HND,2003,12734.554,1842.2975,7119213,90.66,-2.619
Honduras,HND,2004,12420.89,1908.9095,7298994,90.66,-2.593
Honduras,HND,2005,12122.987,1975.8564,7478355,90.66,-2.534
Honduras,HND,2006,11840.406,2056.535,7656832,90.66,-2.467
Honduras,HND,2007,11571.453,2134.1953,7834798,90.66,-2.399
Honduras,HND,2008,11314.697,2175.147,8012587,90.66,-2.337
Honduras,HND,2009,11069.733,2076.3086,8189899,90.66,-2.277
Honduras,HND,2010,10836.878,2108.4731,8365878,90.66,-2.218
Honduras,HND,2011,10615.2,2144.5627,8540583,90.66,-2.161
Honduras,HND,2012,10402.663,2188.3938,8715076,90.66,-2.107
Honduras,HND,2013,10198.804,2205.4014,8889278,90.66,-2.055
Honduras,HND,2014,10003.176,2229.2478,9063122,90.66,-2.006
Honduras,HND,2015,9814.551,2271.2026,9237305,90.66,-1.962
Honduras,HND,2016,9631.995,2315.7297,9412380,90.66,-1.925
Honduras,HND,2017,9455.435,2383.374,9588137,90.66,-1.891
Honduras,HND,2018,9283.979,2430.135,9765210,90.66,-1.862
Honduras,HND,2019,9117.392,2447.6165,9943633,90.66,-1.837
Honduras,HND,2020,8958.816,2189.4316,10119640,90.66,-1.808
Honduras,HND,2021,8810.601,2423.7664,10289877,90.66,-1.767
Honduras,HND,2022,8664.097,2482.2239,10463872,90.66,-1.733
Honduras,HND,2023,,2527.2737,10644851,,
Honduras,HND,2024,,2573.3716,10825703,,
"Hong Kong SAR, China",HKG,1990,,21357.262,5704500,,
"Hong Kong SAR, China",HKG,1991,,22388.621,5752000,,
"Hong Kong SAR, China",HKG,1992,,23585.672,5800500,,
"Hong Kong SAR, China",HKG,1993,,24621.652,5901000,,
"Hong Kong SAR, China",HKG,1994,,25526.443,6035400,,
"Hong Kong SAR, China",HKG,1995,,25620.025,6156100,,
"Hong Kong SAR, China",HKG,1996,,25551.367,6435500,,
"Hong Kong SAR, China",HKG,1997,,26631.793,6489300,,
"Hong Kong SAR, China",HKG,1998,,24856.766,6543700,,
"Hong Kong SAR, China",HKG,1999,,25237.658,6606500,,
"Hong Kong SAR, China",HKG,2000,,26933.238,6665000,,
"Hong Kong SAR, China",HKG,2001,,26885.428,6714300,,
"Hong Kong SAR, China",HKG,2002,,27210.07,6744100,,
"Hong Kong SAR, China",HKG,2003,,28097.11,6730800,,
"Hong Kong SAR, China",HKG,2004,,30304.312,6783500,,
"Hong Kong SAR, China",HKG,2005,,32401.39,6813200,,
"Hong Kong SAR, China",HKG,2006,,34458.05,6857100,,
"Hong Kong SAR, China",HKG,2007,,36371.688,6916300,,
"Hong Kong SAR, China",HKG,2008,,36924.09,6957800,,
"Hong Kong SAR, China",HKG,2009,,35938.59,6972800,,
"Hong Kong SAR, China",HKG,2010,,38090.02,7024200,,
"Hong Kong SAR, China",HKG,2011,,39656.34,7071600,,
"Hong Kong SAR, China",HKG,2012,,39887.832,7150100,,
"Hong Kong SAR, China",HKG,2013,,40959.98,7178900,,
"Hong Kong SAR, China",HKG,2014,,41796.867,7229500,,
"Hong Kong SAR, China",HKG,2015,,42432.16,7291300,,
"Hong Kong SAR, China",HKG,2016,,43087.547,7336600,,
"Hong Kong SAR, China",HKG,2017,,44380.81,7393200,,
"Hong Kong SAR, China",HKG,2018,,45280.508,7452600,,
"Hong Kong SAR, China",HKG,2019,,44195.277,7507900,,
"Hong Kong SAR, China",HKG,2020,,41451.297,7481000,,
"Hong Kong SAR, China",HKG,2021,,44530.926,7413100,,
"Hong Kong SAR, China",HKG,2022,,43281.684,7346100,,
"Hong Kong SAR, China",HKG,2023,,43550.63,7536100,,
"Hong Kong SAR, China",HKG,2024,,44712.766,7524100,,
Hungary,HUN,1990,578.3697,8646.447,10373988,6,
Hungary,HUN,1991,578.40247,7618.64,10373400,6,
Hungary,HUN,1992,578.62885,7388.0825,10369341,6,
Hungary,HUN,1993,579.28906,7353.9004,10357523,6,
Hungary,HUN,1994,580.0826,7581.001,10343355,6,
Hungary,HUN,1995,580.89075,7704.641,10328965,6,0.087
Hungary,HUN,1996,581.8894,7725.6997,10311238,6,0.12
Hungary,HUN,1997,583.06287,7971.8057,10290486,6,0.153
Hungary,HUN,1998,584.4211,8297.8545,10266570,6,0.177
Hungary,HUN,1999,586.07886,8578.195,10237530,6,0.206
Hungary,HUN,2000,587.6033,8979.735,10210971,6,0.23
Hungary,HUN,2001,588.95264,9365.954,10187576,6,0.242
Hungary,HUN,2002,590.6321,9836.94,10158608,6,0.258
Hungary,HUN,2003,592.3263,10253.724,10129552,6,0.269
Hungary,HUN,2004,593.6394,10786.488,10107146,6,0.257
Hungary,HUN,2005,594.82117,11272.734,10087065,6,0.244
Hungary,HUN,2006,595.74817,11734.454,10071370,6,0.23
Hungary,HUN,2007,596.67175,11791.707,10055780,6,0.204
Hungary,HUN,2008,597.7174,11929.721,10038188,6,0.181
Hungary,HUN,2009,598.64404,11142.886,10022650,6,0.168
Hungary,HUN,2010,599.9986,11287.369,10000023,6,0.173
Hungary,HUN,2011,601.7012,11536.357,9971727,6,0.199
Hungary,HUN,2012,604.81665,11440.763,9920362,6,0.272
Hungary,HUN,2013,607.7344,11729.572,9872734,6,0.333
Hungary,HUN,2014,610.1878,12287.378,9833038,6,0.383
Hungary,HUN,2015,612.3852,12782.941,9797755,6,0.41
Hungary,HUN,2016,614.76953,13145.656,9759755,6,0.431
Hungary,HUN,2017,616.8552,13734.244,9726756,6,0.395
Hungary,HUN,2018,618.1129,14533.778,9706964,6,0.339
Hungary,HUN,2019,618.88696,15290.809,9694824,6,0.284
Hungary,HUN,2020,620.4488,14664.297,9670419,6,0.262
Hungary,HUN,2021,622.9927,15787.953,9630932,6,0.266
Hungary,HUN,2022,624.66986,16487.797,9605074,6,0.252
Hungary,HUN,2023,,16375.046,9592186,,
Hungary,HUN,2024,,16518.637,9562065,,
IBRD only,IBD,1990,6949.58,2199.53,3455533800,22141.504,
IBRD only,IBD,1991,6826.84,2190.3645,3513390600,22141.504,
IBRD only,IBD,1992,7516.0796,2191.754,3568890000,26761.684,
IBRD only,IBD,1993,7403.7515,2238.7434,3622924300,26761.684,
IBRD only,IBD,1994,7296.887,2285.495,3675873000,26761.684,
IBRD only,IBD,1995,7194.0825,2344.671,3728290300,26761.684,0.694
IBRD only,IBD,1996,7094.363,2438.247,3780446500,26760.783,0.772
IBRD only,IBD,1997,6998.187,2534.7678,3832391400,26761.684,-1.418
IBRD only,IBD,1998,6904.804,2567.686,3884078800,26761.684,-1.386
IBRD only,IBD,1999,6816.0474,2628.4434,3934521900,26761.684,-1.354
IBRD only,IBD,2000,6732.3184,2749.8083,3983328300,26761.684,-1.318
IBRD only,IBD,2001,6652.387,2816.39,4031080700,26761.684,-1.278
IBRD only,IBD,2002,6576.9424,2910.203,4077229000,26761.684,-1.234
IBRD only,IBD,2003,6504.1094,3047.6455,4122775800,26761.684,-1.189
IBRD only,IBD,2004,6432.3267,3247.0613,4168676900,26761.684,-1.152
IBRD only,IBD,2005,6362.854,3445.044,4214082000,26761.684,-1.123
IBRD only,IBD,2006,6286.851,3692.828,4258827000,26770.09,-1.124
IBRD only,IBD,2007,6223.6523,3983.1572,4302067700,26770.09,-1.098
IBRD only,IBD,2008,6160.401,4176.84,4346234000,26770.09,-1.08
IBRD only,IBD,2009,6097.0464,4249.103,4391389700,26770.09,-1.065
IBRD only,IBD,2010,6034.7534,4532.441,4436715000,26770.09,-1.053
IBRD only,IBD,2011,5972.2314,4770.236,4483152400,26770.09,-1.022
IBRD only,IBD,2012,5907.7217,4976.4473,4532100600,26770.09,-1.037
IBRD only,IBD,2013,5843.4307,5178.9644,4581958700,26770.09,-1.051
IBRD only,IBD,2014,5782.0327,5369.5244,4630608000,26770.09,-1.055
IBRD only,IBD,2015,5724.9517,5546.048,4676773400,26770.09,-1.048
IBRD only,IBD,2016,5670.6333,5737.4707,4721566700,26770.09,-1.031
IBRD only,IBD,2017,5618.0273,5977.6973,4765773300,26770.09,-1.001
IBRD only,IBD,2018,5569.8604,6214.514,4806981600,26770.09,-0.954
IBRD only,IBD,2019,5526.0635,6411.7134,4845075000,26770.09,-0.902
IBRD only,IBD,2020,5488.4253,6286.4077,4878296600,26770.09,-0.84
IBRD only,IBD,2021,5458.3037,6728.6694,4905212400,26770.09,-0.76
IBRD only,IBD,2022,5432.865,6949.7773,4928196000,,-0.668
IBRD only,IBD,2023,,7249.2637,4952212000,,
IBRD only,IBD,2024,,7523.398,4979421700,,
IDA & IBRD total,IBT,1990,7302.864,1931.4136,4330689500,28861.268,
IDA & IBRD total,IBT,1991,7163.242,1921.0911,4411587600,28861.268,
IDA & IBRD total,IBT,1992,7640.435,1918.7178,4491324400,33610.176,
IDA & IBRD total,IBT,1993,7444.59,1950.164,4570777000,33734.977,
IDA & IBRD total,IBT,1994,7316.0493,1981.706,4649243000,33720.977,
IDA & IBRD total,IBT,1995,7195.075,2027.1525,4727566300,33720.977,-0.297
IDA & IBRD total,IBT,1996,7077.23,2101.7773,4806199300,33720.08,-0.241
IDA & IBRD total,IBT,1997,6963.7056,2176.7312,4884731400,33720.977,-1.838
IDA & IBRD total,IBT,1998,6853.4575,2200.932,4963254300,33720.977,-1.641
IDA & IBRD total,IBT,1999,6748.129,2245.9915,5040645600,33720.977,-1.603
IDA & IBRD total,IBT,2000,6648.0576,2339.751,5116723700,33720.977,-1.569
IDA & IBRD total,IBT,2001,6551.6523,2390.5798,5192348700,33720.977,-1.531
IDA & IBRD total,IBT,2002,6459.062,2464.9033,5267145700,33720.977,-1.493
IDA & IBRD total,IBT,2003,6369.104,2571.7468,5341840000,33720.977,-1.455
IDA & IBRD total,IBT,2004,6280.3843,2729.8704,5417128400,33717.977,-1.426
IDA & IBRD total,IBT,2005,6194.6406,2885.2876,5492481000,33717.977,-1.403
IDA & IBRD total,IBT,2006,6104.1367,3077.742,5568236500,33726.383,-1.405
IDA & IBRD total,IBT,2007,6023.3687,3301.2441,5643506000,33726.383,-1.387
IDA & IBRD total,IBT,2008,5943.4697,3448.1724,5720066000,33726.383,-1.374
IDA & IBRD total,IBT,2009,5864.349,3502.6848,5797994500,33726.383,-1.361
IDA & IBRD total,IBT,2010,5786.57,3719.8599,5876645400,33726.383,-1.354
IDA & IBRD total,IBT,2011,5709.3794,3896.5652,5956719000,33726.383,-1.328
IDA & IBRD total,IBT,2012,5592.6597,4047.3232,6038958600,33756.383,-1.473
IDA & IBRD total,IBT,2013,5518.166,4201.8457,6120456700,33756.383,-1.474
IDA & IBRD total,IBT,2014,5445.921,4347.004,6201607700,33756.383,-1.47
IDA & IBRD total,IBT,2015,5377.066,4474.435,6280962000,33756.383,-1.457
IDA & IBRD total,IBT,2016,5310.076,4610.8374,6360153600,33756.383,-1.44
IDA & IBRD total,IBT,2017,5244.2124,4784.655,6440012000,33756.383,-1.278
IDA & IBRD total,IBT,2018,5181.3975,4955.3677,6518058500,33756.383,-1.252
IDA & IBRD total,IBT,2019,5121.5244,5093.38,6594216400,33756.383,-1.221
IDA & IBRD total,IBT,2020,5065.9937,4971.5874,6666470400,33756.383,-1.185
IDA & IBRD total,IBT,2021,5016.171,5284.6743,6732651000,33756.383,-1.132
IDA & IBRD total,IBT,2022,4970.327,5436.7476,6794724400,,-1.067
IDA & IBRD total,IBT,2023,,5638.706,6858521600,,
IDA & IBRD total,IBT,2024,,5826.391,6926222300,,
IDA blend,IDB,1990,6561.471,1349.0392,300366370,1836.565,
IDA blend,IDB,1991,6365.279,1334.4836,309491520,1836.565,
IDA blend,IDB,1992,5820.562,1334.9131,318337820,1852.905,
IDA blend,IDB,1993,5663.946,1296.2008,327140320,1852.905,
IDA blend,IDB,1994,5513.016,1273.3754,336096420,1852.905,
IDA blend,IDB,1995,5365.65,1267.8367,345327200,1852.905,-3.944
IDA blend,IDB,1996,5221.483,1292.6519,354861820,1852.905,-3.884
IDA blend,IDB,1997,5083.557,1289.5033,364489860,1852.905,-2.671
IDA blend,IDB,1998,4950.8105,1290.9045,374262940,1852.905,-2.655
IDA blend,IDB,1999,4825.0435,1283.6469,384018300,1852.905,-2.631
IDA blend,IDB,2000,4701.254,1294.7864,394129950,1852.905,-2.609
IDA blend,IDB,2001,4578.891,1311.1621,404662400,1852.905,-2.592
IDA blend,IDB,2002,4465.5303,1360.489,414935070,1852.905,-2.559
IDA blend,IDB,2003,4356.5854,1387.3733,425311300,1852.905,-2.525
IDA blend,IDB,2004,4248.345,1452.7611,436147460,1852.905,-2.514
IDA blend,IDB,2005,4143.9688,1501.6315,447132960,1852.905,-2.492
IDA blend,IDB,2006,4042.1628,1548.6051,458394460,1852.905,-2.463
IDA blend,IDB,2007,3938.358,1590.6428,470476500,1852.905,-2.481
IDA blend,IDB,2008,3836.4338,1614.1947,482975870,1852.905,-2.511
IDA blend,IDB,2009,3738.6309,1665.5668,495610560,1852.905,-2.524
IDA blend,IDB,2010,3644.4197,1720.0934,508422500,1852.905,-2.536
IDA blend,IDB,2011,3556.5457,1749.0603,520984450,1852.905,-2.527
IDA blend,IDB,2012,3476.499,1786.6431,532980160,1852.905,-2.464
IDA blend,IDB,2013,3403.3062,1848.2417,544442600,1852.905,-2.367
IDA blend,IDB,2014,3333.351,1914.2632,555868540,1852.905,-2.269
IDA blend,IDB,2015,3266.5615,1947.8524,567234050,1852.905,-2.165
IDA blend,IDB,2016,3203.1484,1953.3724,578463700,1852.905,-2.071
IDA blend,IDB,2017,3140.389,1968.3154,590024060,1852.905,-2.013
IDA blend,IDB,2018,3078.1611,2003.8485,601951940,1852.905,-1.988
IDA blend,IDB,2019,3017.6755,2023.8582,614017340,1852.905,-1.97
IDA blend,IDB,2020,2957.8318,1918.3799,626440300,1852.905,-1.966
IDA blend,IDB,2021,2898.8042,1960.8296,639196300,1852.905,-1.977
IDA blend,IDB,2022,2842.3325,2014.8822,651895940,,-1.975
IDA blend,IDB,2023,,2032.8359,664395900,,
IDA blend,IDB,2024,,2076.0325,676957630,,
IDA only,IDX,1990,10045.126,625.2545,574789500,4883.199,
IDA only,IDX,1991,9820.443,624.06525,588705540,4883.199,
IDA only,IDX,1992,9605.815,614.7152,604096400,4995.589,
IDA only,IDX,1993,8682.687,611.6453,620712300,5120.389,
IDA only,IDX,1994,8432.868,603.6971,637273800,5106.389,
IDA only,IDX,1995,8217.69,618.9408,653949060,5106.389,-3.936
IDA only,IDX,1996,8008.6934,634.7943,670890750,5106.389,-3.997
IDA only,IDX,1997,7810.1807,653.1853,687850240,5106.389,-4.054
IDA only,IDX,1998,7619.0005,664.8705,704912260,5106.389,-2.58
IDA only,IDX,1999,7435.1426,675.6631,722105600,5106.389,-2.487
IDA only,IDX,2000,7263.0034,688.77057,739265300,5106.389,-2.44
IDA only,IDX,2001,7098.016,700.7534,756605760,5106.389,-2.385
IDA only,IDX,2002,6930.753,714.99274,774981700,5106.389,-2.361
IDA only,IDX,2003,6767.2876,736.0128,793752800,5106.389,-2.343
IDA only,IDX,2004,6609.4893,762.5757,812304000,5103.389,-2.327
IDA only,IDX,2005,6459.732,792.91504,831265900,5103.389,-2.317
IDA only,IDX,2006,6310.873,823.90015,851014850,5103.389,-2.323
IDA only,IDX,2007,6167.7427,857.07996,870961860,5103.389,-2.306
IDA only,IDX,2008,6032.083,887.5907,890856000,5103.389,-2.274
IDA only,IDX,2009,5901.1587,904.18964,910994300,5103.389,-2.242
IDA only,IDX,2010,5773.197,941.1701,931508100,5103.389,-2.222
IDA only,IDX,2011,5646.73,959.36743,952581950,5103.389,-2.199
IDA only,IDX,2012,5284.0684,960.7144,973877760,5133.389,-3.045
IDA only,IDX,2013,5176.621,987.0208,994055700,5133.389,-3.012
IDA only,IDX,2014,5068.8755,1014.81647,1015131300,5133.389,-2.995
IDA only,IDX,2015,4961.844,1023.43896,1036954240,5133.389,-2.984
IDA only,IDX,2016,4853.12,1043.1128,1060123000,5133.389,-2.984
IDA only,IDX,2017,4745.1177,1073.155,1084214300,5133.389,-2.129
IDA only,IDX,2018,4638.3545,1100.055,1109124600,5133.389,-2.172
IDA only,IDX,2019,4531.8696,1126.6902,1135124100,5133.389,-2.215
IDA only,IDX,2020,4427.872,1096.8318,1161733400,5133.389,-2.251
IDA only,IDX,2021,4328.8857,1111.6919,1188242200,5133.389,-2.26
IDA only,IDX,2022,4234.5923,1134.3679,1214632200,,-2.251
IDA only,IDX,2023,,1145.5625,1241913500,,
IDA only,IDX,2024,,1171.2655,1269843000,,
IDA total,IDA,1990,8772.222,874.9612,875155900,6719.764,
IDA total,IDA,1991,8551.745,870.10815,898197060,6719.764,
IDA total,IDA,1992,8168.5605,864.6973,922434200,6848.494,
IDA total,IDA,1993,7605.5894,849.08386,947852700,6973.294,
IDA total,IDA,1994,7390.6846,836.04645,973370200,6959.294,
IDA total,IDA,1995,7198.895,844.03516,999276300,6959.294,-3.876
IDA total,IDA,1996,7012.1123,863.20917,1025752600,6959.294,-3.892
IDA total,IDA,1997,6834.216,874.12164,1052340100,6959.294,-3.504
IDA total,IDA,1998,6662.923,882.3763,1079175200,6959.294,-2.612
IDA total,IDA,1999,6499.097,886.9279,1106123900,6959.294,-2.538
IDA total,IDA,2000,6342.785,899.61426,1133395200,6959.294,-2.5
IDA total,IDA,2001,6191.1396,913.5562,1161268200,6959.294,-2.46
IDA total,IDA,2002,6042.5874,940.3254,1189916800,6959.294,-2.432
IDA total,IDA,2003,5898.3022,963.4389,1219064000,6959.294,-2.408
IDA total,IDA,2004,5757.1963,1003.9852,1248451500,6956.294,-2.395
IDA total,IDA,2005,5622.7744,1041.0627,1278398800,6956.294,-2.381
IDA total,IDA,2006,5490.104,1077.823,1309409300,6956.294,-2.375
IDA total,IDA,2007,5359.617,1114.4934,1341438300,6956.294,-2.37
IDA total,IDA,2008,5234.1655,1143.007,1373832000,6956.294,-2.361
IDA total,IDA,2009,5113.336,1172.4427,1406604900,6956.294,-2.344
IDA total,IDA,2010,4995.894,1216.1805,1439930600,6956.294,-2.336
IDA total,IDA,2011,4882.425,1238.5474,1473566300,6956.294,-2.319
IDA total,IDA,2012,4643.7085,1252.8427,1506858000,6986.294,-2.827
IDA total,IDA,2013,4548.098,1291.7891,1538498300,6986.294,-2.771
IDA total,IDA,2014,4453.852,1333.0686,1570999900,6986.294,-2.724
IDA total,IDA,2015,4361.5083,1350.3076,1604188300,6986.294,-2.679
IDA total,IDA,2016,4269.7925,1364.4581,1638586800,6986.294,-2.646
IDA total,IDA,2017,4178.7817,1388.6216,1674238500,6986.294,-2.088
IDA total,IDA,2018,4088.7124,1418.0071,1711076500,6986.294,-2.107
IDA total,IDA,2019,3999.5996,1441.6313,1749141400,6986.294,-2.129
IDA total,IDA,2020,3912.1902,1384.6399,1788173600,6986.294,-2.151
IDA total,IDA,2021,3828.019,1408.7009,1827438500,6986.294,-2.161
IDA total,IDA,2022,3747.716,1441.8927,1866528100,,-2.154
IDA total,IDA,2023,,1454.7992,1906309400,,
IDA total,IDA,2024,,1485.8785,1946800500,,
Iceland,ISL,1990,667121.9,37302.805,254826,170,
Iceland,ISL,1991,659433.56,36790.49,257797,170,
Iceland,ISL,1992,651198.75,35105.285,261057,170,
Iceland,ISL,1993,644610.9,35206.566,263725,170,
Iceland,ISL,1994,639047.3,36162.293,266021,170,
Iceland,ISL,1995,635590.06,36008.586,267468,170,-0.964
Iceland,ISL,1996,632167.7,37425.516,268916,170,-0.841
Iceland,ISL,1997,627010.1,38657.277,271128,170,-0.754
Iceland,ISL,1998,620331.56,40926.715,274047,170,-0.765
Iceland,ISL,1999,612875.44,42010.938,277381,170,-0.833
Iceland,ISL,2000,604541.2,43472.336,281205,170,-0.997
Iceland,ISL,2001,596558.2,44545.98,284968,170,-1.153
Iceland,ISL,2002,591257.06,44389.555,287523,170,-1.167
Iceland,ISL,2003,587176.75,45088.92,289521,170,-1.093
Iceland,ISL,2004,582044.25,48101.71,292074,170,-1.027
Iceland,ISL,2005,572903.7,50674.44,296734,170,-1.069
Iceland,ISL,2006,559611.8,52306.13,303782,170,-1.271
Iceland,ISL,2007,545630.8,55457.36,311566,170,-1.593
Iceland,ISL,2008,535578.1,55360.812,317414,170,-1.823
Iceland,ISL,2009,533753.6,50581.086,318499,170,-1.717
Iceland,ISL,2010,534522.25,49528.49,318041,170,-1.377
Iceland,ISL,2011,532892,50058.832,319014,170,-0.974
Iceland,ISL,2012,530064,50375.41,320716,170,-0.577
Iceland,ISL,2013,525073.8,51696.086,323764,170,-0.395
Iceland,ISL,2014,519264.72,52102.574,327386,170,-0.549
Iceland,ISL,2015,513882.38,53505.695,330815,170,-0.784
Iceland,ISL,2016,506798.56,56049.293,335439,170,-0.999
Iceland,ISL,2017,495049.5,56657.98,343400,170,-1.358
Iceland,ISL,2018,481967.34,57731.652,352721,170,-1.699
Iceland,ISL,2019,471484.88,57118.844,360563,170,-1.912
Iceland,ISL,2020,463894.03,52464.31,366463,170,-2.026
Iceland,ISL,2021,456351.34,54285.02,372520,170,-2.075
Iceland,ISL,2022,445022.7,57606.875,382003,170,-2.108
Iceland,ISL,2023,,60019.41,385663,,
Iceland,ISL,2024,,59307.18,386506,,
India,IND,1990,1671.73,537.87024,864972200,1446,
India,IND,1991,1635.8806,531.8984,883927600,1446,
India,IND,1992,1601.405,549.23505,902957060,1446,
India,IND,1993,1568.1284,563.37286,922118400,1446,
India,IND,1994,1536.3958,588.7279,941163800,1446,
India,IND,1995,1505.7778,620.69995,960301060,1446,-2.069
India,IND,1996,1475.9945,654.35596,979678460,1446,-2.036
India,IND,1997,1447.2537,667.59845,999133760,1446,-2.004
India,IND,1998,1419.5049,695.2937,1018665100,1446,-1.972
India,IND,1999,1392.7606,742.5392,1038225800,1446,-1.944
India,IND,2000,1366.8295,756.7041,1057922750,1446,-1.918
India,IND,2001,1341.4991,778.5074,1077898600,1446,-1.893
India,IND,2002,1317.4193,793.6159,1097600400,1446,-1.862
India,IND,2003,1294.7673,841.2789,1116803000,1446,-1.823
India,IND,2004,1272.8969,892.5966,1135991600,1446,-1.784
India,IND,2005,1252.299,947.73254,1154676400,1446,-1.735
India,IND,2006,1232.8639,1008.2327,1172878800,1446,-1.675
India,IND,2007,1214.4362,1069.247,1190676000,1446,-1.615
India,IND,2008,1197.0883,1086.5061,1207931000,1446,-1.557
India,IND,2009,1179.9027,1155.1017,1225524700,1446,-1.506
India,IND,2010,1162.864,1235.1594,1243481600,1446,-1.471
India,IND,2011,1146.5044,1281.6106,1261225000,1446,-1.442
India,IND,2012,1130.8585,1333.0963,1278674600,1446,-1.416
India,IND,2013,1115.8876,1399.4539,1295829500,1446,-1.395
India,IND,2014,1101.9014,1484.3164,1312277200,1446,-1.359
India,IND,2015,1088.8353,1583.9982,1328024400,1446,-1.307
India,IND,2016,1075.9375,1694.4653,1343944300,1446,-1.262
India,IND,2017,1063.5032,1788.6978,1359657300,1446,-1.221
India,IND,2018,1051.8972,1883.3577,1374659100,1446,-1.174
India,IND,2019,1041.014,1936.0306,1389030300,1446,-1.13
India,IND,2020,1030.9296,1806.5011,1402617700,1446,-1.087
India,IND,2021,1022.4834,1965.3094,1414203900,1446,-1.014
India,IND,2022,1014.43555,2098.2112,1425423200,1446,-0.94
India,IND,2023,,2270.9053,1438069600,,
India,IND,2024,,2396.95,1450935800,,
Indonesia,IDN,1990,11001.024,1470.9182,183501100,2018.7,
Indonesia,IDN,1991,10808.004,1544.9958,186778240,2018.7,
Indonesia,IDN,1992,10622.291,1617.1095,190043740,2018.7,
Indonesia,IDN,1993,10443.073,1693.1074,193305170,2018.7,
Indonesia,IDN,1994,10268.483,1790.3273,196591820,2018.7,
Indonesia,IDN,1995,10099.152,1905.5424,199888060,2018.7,-1.696
Indonesia,IDN,1996,9934.335,2020.9915,203204350,2018.7,-1.672
Indonesia,IDN,1997,9774.078,2081.8416,206536100,2018.7,-1.651
Indonesia,IDN,1998,9620.793,1780.2004,209826780,2018.7,-1.627
Indonesia,IDN,1999,9477.257,1767.5146,213004670,2018.7,-1.591
Indonesia,IDN,2000,9342.469,1828.1027,216077800,2018.7,-1.546
Indonesia,IDN,2001,9213.689,1868.5917,219097900,2018.7,-1.495
Indonesia,IDN,2002,9089.62,1926.3744,222088500,2018.7,-1.442
Indonesia,IDN,2003,8970.086,1991.9182,225048000,2018.7,-1.391
Indonesia,IDN,2004,8856.797,2065.706,227926660,2018.7,-1.345
Indonesia,IDN,2005,8743.819,2155.4478,230871650,2018.7,-1.316
Indonesia,IDN,2006,8628.706,2244.0803,233951650,2018.7,-1.303
Indonesia,IDN,2007,8515.481,2355.1528,237062340,2018.7,-1.296
Indonesia,IDN,2008,8405.72,2464.602,240157900,2018.7,-1.291
Indonesia,IDN,2009,8299.893,2546.2197,243220030,2018.7,-1.29
Indonesia,IDN,2010,8195.925,2670.813,246305330,2018.7,-1.286
Indonesia,IDN,2011,8091.954,2799.6248,249470030,2018.7,-1.276
Indonesia,IDN,2012,7988.571,2930.5186,252698530,2018.7,-1.269
Indonesia,IDN,2013,7890.0938,3055.2424,255852460,2018.7,-1.258
Indonesia,IDN,2014,7797.9,3170.721,258877390,2018.7,-1.24
Indonesia,IDN,2015,7710.87,3288.2227,261799250,2018.7,-1.213
Indonesia,IDN,2016,7628.4614,3416.81,264627420,2018.7,-1.173
Indonesia,IDN,2017,7550.8706,3553.52,267346660,2018.7,-1.121
Indonesia,IDN,2018,7478.0005,3701.3215,269951840,2018.7,-1.067
Indonesia,IDN,2019,7408.3623,3850.9033,272489380,2018.7,-1.02
Indonesia,IDN,2020,7345.6724,3739.449,274814880,2018.7,-0.966
Indonesia,IDN,2021,7294.0967,3850.6887,276758050,2018.7,-0.892
Indonesia,IDN,2022,7239.8813,4024.9124,278830530,2018.7,-0.838
Indonesia,IDN,2023,,4192.652,281190080,,
Indonesia,IDN,2024,,4367.863,283487940,,
"Iran, Islamic Rep.",IRN,1990,2201.0928,3222.201,58380092,128.5,
"Iran, Islamic Rep.",IRN,1991,2142.1333,3534.654,59986932,128.5,
"Iran, Islamic Rep.",IRN,1992,2100.1885,3579.7322,61184984,128.5,
"Iran, Islamic Rep.",IRN,1993,2092.7131,3514.5198,61403544,128.5,
"Iran, Islamic Rep.",IRN,1994,2088.7312,3448.2595,61520600,128.5,
"Iran, Islamic Rep.",IRN,1995,2065.7314,3492.172,62205570,128.5,-1.261
"Iran, Islamic Rep.",IRN,1996,2043.5328,3674.0327,62881300,128.5,-0.938
"Iran, Islamic Rep.",IRN,1997,2019.1818,3679.2754,63639640,128.5,-0.784
"Iran, Islamic Rep.",IRN,1998,1991.6349,3704.5657,64519860,128.5,-0.985
"Iran, Islamic Rep.",IRN,1999,1963.469,3725.3174,65445390,128.5,-1.229
"Iran, Islamic Rep.",IRN,2000,1934.6973,3885.3018,66418660,128.5,-1.302
"Iran, Islamic Rep.",IRN,2001,1905.0582,3917.2993,67452010,128.5,-1.394
"Iran, Islamic Rep.",IRN,2002,1889.3915,4198.9536,68011320,128.5,-1.32
"Iran, Islamic Rep.",IRN,2003,1868.5653,4511.431,68769340,128.5,-1.268
"Iran, Islamic Rep.",IRN,2004,1829.0171,4607.4517,70256320,128.5,-1.409
"Iran, Islamic Rep.",IRN,2005,1788.9846,4650.3584,71828456,128.5,-1.554
"Iran, Islamic Rep.",IRN,2006,1750.8542,4778.7935,73392744,128.5,-1.674
"Iran, Islamic Rep.",IRN,2007,1722.459,5084.718,74602650,128.5,-1.833
"Iran, Islamic Rep.",IRN,2008,1701.6666,5035.94,75514210,128.5,-1.854
"Iran, Islamic Rep.",IRN,2009,1680.6652,5023.893,76457820,128.5,-1.678
"Iran, Islamic Rep.",IRN,2010,1659.7598,5249.0615,77420840,128.5,-1.488
"Iran, Islamic Rep.",IRN,2011,1639.3735,5321.759,78383600,128.5,-1.307
"Iran, Islamic Rep.",IRN,2012,1618.9878,5058.6465,79370580,128.5,-1.231
"Iran, Islamic Rep.",IRN,2013,1597.9668,4916.973,80414690,128.5,-1.25
"Iran, Islamic Rep.",IRN,2014,1576.6476,5093.203,81502050,128.5,-1.27
"Iran, Islamic Rep.",IRN,2015,1555.3254,4952.7334,82619360,128.5,-1.291
"Iran, Islamic Rep.",IRN,2016,1533.1892,5312.617,83812220,128.5,-1.33
"Iran, Islamic Rep.",IRN,2017,1511.2891,5395.2397,85026750,128.5,-1.367
"Iran, Islamic Rep.",IRN,2018,1492.1387,5127.225,86118000,128.5,-1.361
"Iran, Islamic Rep.",IRN,2019,1476.1351,4952.4565,87051650,128.5,-1.309
"Iran, Islamic Rep.",IRN,2020,1464.8308,5132.824,87723440,128.5,-1.192
"Iran, Islamic Rep.",IRN,2021,1452.708,5300.6226,88455490,128.5,-1.073
"Iran, Islamic Rep.",IRN,2022,1435.3654,5465.3145,89524250,128.5,-1.026
"Iran, Islamic Rep.",IRN,2023,,5687.8438,90608700,,
"Iran, Islamic Rep.",IRN,2024,,5834.443,91567736,,
Iraq,IRQ,1990,2002.138,3526.5793,17581206,35.2,
Iraq,IRQ,1991,1981.1729,1254.6306,17767252,35.2,
Iraq,IRQ,1992,1923.4084,1615.0391,18300844,35.2,
Iraq,IRQ,1993,1833.2192,2005.5635,19201196,35.2,
Iraq,IRQ,1994,1747.7823,1985.7969,20139808,35.2,
Iraq,IRQ,1995,1690.2063,1961.0925,20825860,35.2,-3.331
Iraq,IRQ,1996,1637.1088,2108.8232,21501320,35.2,-3.743
Iraq,IRQ,1997,1587.2592,2478.843,22176592,35.2,-3.769
Iraq,IRQ,1998,1538.1658,3242.9573,22884400,35.2,-3.449
Iraq,IRQ,1999,1489.2205,3691.7405,23636528,35.2,-3.151
Iraq,IRQ,2000,1441.202,4172.7803,24424056,35.2,-3.137
Iraq,IRQ,2001,1396.9452,4116.094,25197840,35.2,-3.123
Iraq,IRQ,2002,1353.5048,3660.9253,26006560,35.2,-3.136
Iraq,IRQ,2003,1313.3025,2250.0698,26802660,35.2,-3.111
Iraq,IRQ,2004,1276.3854,3354.2659,27577878,35.2,-3.037
Iraq,IRQ,2005,1239.1117,3310.8635,28407448,35.2,-2.976
Iraq,IRQ,2006,1230.059,3471.9875,28616516,35.2,-2.512
Iraq,IRQ,2007,1239.803,3565.5806,28391608,35.2,-1.74
Iraq,IRQ,2008,1215.0066,3781.78,28971036,35.2,-1.544
Iraq,IRQ,2009,1171.0613,3768.1729,30058206,35.2,-1.708
Iraq,IRQ,2010,1133.8246,3881.9434,31045366,35.2,-1.76
Iraq,IRQ,2011,1094.4789,4030.0168,32161424,35.2,-2.309
Iraq,IRQ,2012,1045.9119,4387.905,33654840,35.2,-3.344
Iraq,IRQ,2013,997.6762,4504.8267,35281988,35.2,-3.865
Iraq,IRQ,2014,963.06274,4446.9736,36550060,35.2,-3.835
Iraq,IRQ,2015,937.1539,4440.142,37560536,35.2,-3.738
Iraq,IRQ,2016,915.00757,4932.9272,38469628,35.2,-3.519
Iraq,IRQ,2017,894.8238,4736.327,39337350,35.2,-3.072
Iraq,IRQ,2018,874.1948,4749.0093,40265624,35.2,-2.608
Iraq,IRQ,2019,854.5313,4898.149,41192172,35.2,-2.363
Iraq,IRQ,2020,835.77484,4213.9985,42116604,35.2,-2.264
Iraq,IRQ,2021,817.2512,4182.5005,43071212,35.2,-2.234
Iraq,IRQ,2022,798.7193,4412.9976,44070550,35.2,-2.247
Iraq,IRQ,2023,,4337.087,45074050,,
Iraq,IRQ,2024,,4180.2964,46042016,,
Ireland,IRL,1990,13944.326,23457,3513974,49,
Ireland,IRL,1991,13864.387,23772.566,3534235,49,
Ireland,IRL,1992,13770.118,24400.307,3558430,49,
Ireland,IRL,1993,13701.461,24932.377,3576261,49,
Ireland,IRL,1994,13647.558,26263.709,3590386,49,
Ireland,IRL,1995,13577.767,28646.818,3608841,49,-0.531
Ireland,IRL,1996,13470.753,30518.404,3637510,49,-0.574
Ireland,IRL,1997,13336.342,33543.996,3674171,49,-0.638
Ireland,IRL,1998,13197.956,36105.918,3712696,49,-0.746
Ireland,IRL,1999,13050.012,39460.477,3754786,49,-0.891
Ireland,IRL,2000,12877.203,42599.48,3805174,49,-1.054
Ireland,IRL,2001,12673.803,44151.152,3866243,49,-1.212
Ireland,IRL,2002,12462.02,45974.49,3931947,49,-1.347
Ireland,IRL,2003,12260.664,46594.863,3996521,49,-1.463
Ireland,IRL,2004,12038.537,48856.324,4070262,49,-1.601
Ireland,IRL,2005,11779.09,50547.21,4159914,49,-1.767
Ireland,IRL,2006,11465.768,51656.82,4273591,49,-1.983
Ireland,IRL,2007,11139.042,52849.695,4398942,49,-2.22
Ireland,IRL,2008,10914.249,49461.16,4489544,49,-2.3
Ireland,IRL,2009,10803.958,46466.38,4535375,49,-2.141
Ireland,IRL,2010,10745.249,46991.645,4560155,49,-1.82
Ireland,IRL,2011,10698.494,47539.918,4580084,49,-1.376
Ireland,IRL,2012,10653.256,47147.16,4599533,49,-0.888
Ireland,IRL,2013,10597.308,47928.035,4623816,49,-0.588
Ireland,IRL,2014,10520.123,52044.62,4657740,49,-0.531
Ireland,IRL,2015,10421.192,64250.137,4701957,49,-0.611
Ireland,IRL,2016,10288.234,64205.98,4762722,49,-0.779
Ireland,IRL,2017,10150.297,69748.625,4827445,49,-0.963
Ireland,IRL,2018,10004.038,74029.055,4898022,49,-1.146
Ireland,IRL,2019,9846.364,76485.63,4976456,49,-1.315
Ireland,IRL,2020,9722.71,80927.94,5039747,49,-1.378
Ireland,IRL,2021,9587.943,92781.234,5110585,49,-1.4
Ireland,IRL,2022,9399.874,97793.54,5212836,49,-1.524
Ireland,IRL,2023,,93541.96,5311538,,
Ireland,IRL,2024,,94474.984,5395790,,
Isle of Man,IMN,1990,,28042.443,68916,,
Isle of Man,IMN,1991,,28128.45,69808,,
Isle of Man,IMN,1992,,28133.832,70353,,
Isle of Man,IMN,1993,,28694.416,70772,,
Isle of Man,IMN,1994,,29676.143,71168,,
Isle of Man,IMN,1995,,30802.893,71513,,
Isle of Man,IMN,1996,,32928.832,72047,,
Isle of Man,IMN,1997,,35337.914,72909,,
Isle of Man,IMN,1998,,39591.57,73861,,
Isle of Man,IMN,1999,,44456.457,74790,,
Isle of Man,IMN,2000,,46274.973,75659,,
Isle of Man,IMN,2001,,48252.766,76476,,
Isle of Man,IMN,2002,,50714.582,77275,,
Isle of Man,IMN,2003,,53224.35,78049,,
Isle of Man,IMN,2004,,55464.023,78792,,
Isle of Man,IMN,2005,,58201.598,79516,,
Isle of Man,IMN,2006,,62075.76,80294,,
Isle of Man,IMN,2007,,66029.98,81147,,
Isle of Man,IMN,2008,,68520.68,82029,,
Isle of Man,IMN,2009,,69192.02,82939,,
Isle of Man,IMN,2010,,70747.84,83873,,
Isle of Man,IMN,2011,,71727.51,84382,,
Isle of Man,IMN,2012,,77009.3,84335,,
Isle of Man,IMN,2013,,80383.83,84141,,
Isle of Man,IMN,2014,,84778.58,83892,,
Isle of Man,IMN,2015,,84753.516,83593,,
Isle of Man,IMN,2016,,90783.766,83466,,
Isle of Man,IMN,2017,,93200.31,83609,,
Isle of Man,IMN,2018,,95040.41,83805,,
Isle of Man,IMN,2019,,95110.14,83957,,
Isle of Man,IMN,2020,,86595.07,84064,,
Isle of Man,IMN,2021,,89873.54,84106,,
Isle of Man,IMN,2022,,86103.336,84132,,
Isle of Man,IMN,2023,,,84165,,
Isle of Man,IMN,2024,,,84160,,
Israel,ISR,1990,160.9442,22395.111,4660000,0.75,
Israel,ISR,1991,151.54576,22716.566,4949000,0.75,
Israel,ISR,1992,146.39859,23647.783,5123000,0.75,
Israel,ISR,1993,142.55846,23975.469,5261000,0.75,
Israel,ISR,1994,138.91461,25097.99,5399000,0.75,
Israel,ISR,1995,135.25699,26050.727,5545000,0.75,-3.418
Israel,ISR,1996,131.76389,26859.877,5692000,0.75,-2.759
Israel,ISR,1997,128.51268,27143.455,5836000,0.75,-2.572
Israel,ISR,1998,125.6071,27620.656,5971000,0.75,-2.5
Israel,ISR,1999,122.44898,27814.025,6125000,0.75,-2.492
Israel,ISR,2000,119.255844,29413.49,6289000,0.75,-2.487
Israel,ISR,2001,116.477715,28808.13,6439000,0.75,-2.436
Israel,ISR,2002,114.15525,28195.867,6570000,0.75,-2.342
Israel,ISR,2003,112.11265,28092.617,6689700,0.75,-2.247
Israel,ISR,2004,110.14833,28883.248,6809000,0.75,-2.095
Israel,ISR,2005,108.22355,29623.717,6930100,0.75,-1.923
Israel,ISR,2006,106.32718,30734.963,7053700,0.75,-1.807
Israel,ISR,2007,104.45537,32103.162,7180100,0.75,-1.76
Israel,ISR,2008,102.61603,32554.041,7308800,0.75,-1.755
Israel,ISR,2009,100.19237,32178.572,7485600,0.75,-1.877
Israel,ISR,2010,98.378716,33344.723,7623600,0.75,-1.889
Israel,ISR,2011,96.5773,34540.676,7765800,0.75,-1.905
Israel,ISR,2012,94.81069,34738.66,7910500,0.75,-1.919
Israel,ISR,2013,93.057884,35489.508,8059500,0.75,-1.936
Israel,ISR,2014,91.28863,36129.316,8215700,0.75,-1.844
Israel,ISR,2015,89.49774,36213.105,8380100,0.75,-1.874
Israel,ISR,2016,87.76035,37093.79,8546000,0.75,-1.896
Israel,ISR,2017,86.07531,37963.05,8713300,0.75,-1.915
Israel,ISR,2018,84.43284,38729.645,8882800,0.75,-1.927
Israel,ISR,2019,82.83632,39407.203,9054000,0.75,-1.924
Israel,ISR,2020,81.38815,37935.543,9215100,0.75,-1.882
Israel,ISR,2021,80.03073,40804.97,9371400,0.75,-1.827
Israel,ISR,2022,,42516.39,9557500,,
Israel,ISR,2023,,42011.62,9849000,,
Israel,ISR,2024,,41845.168,9974400,,
Italy,ITA,1990,3217.603,27625.18,56719240,182.5,
Italy,ITA,1991,3215.3762,28030.766,56758520,182.5,
Italy,ITA,1992,3213.1929,28245.428,56797090,182.5,
Italy,ITA,1993,3211.2292,27987.434,56831820,182.5,
Italy,ITA,1994,3210.575,28583.625,56843400,182.5,
Italy,ITA,1995,3210.524,29408.32,56844304,182.5,-0.044
Italy,ITA,1996,3209.6218,29795.66,56860280,182.5,-0.036
Italy,ITA,1997,3207.924,30353.377,56890372,182.5,-0.033
Italy,ITA,1998,3207.0012,30892.176,56906744,182.5,-0.026
Italy,ITA,1999,3206.462,31405.262,56916316,182.5,-0.026
Italy,ITA,2000,3205.0095,32609.668,56942108,182.5,-0.034
Italy,ITA,2001,3203.0479,33243.598,56976980,182.5,-0.041
Italy,ITA,2002,3196.7168,33267.45,57089824,182.5,-0.07
Italy,ITA,2003,3179.4878,33110.168,57399184,182.5,-0.172
Italy,ITA,2004,3155.901,33348.973,57828180,182.5,-0.317
Italy,ITA,2005,3137.535,33407.676,58166680,182.5,-0.425
Italy,ITA,2006,3125.0073,33873.05,58399860,182.5,-0.492
Italy,ITA,2007,3106.0527,34159.91,58756250,182.5,-0.574
Italy,ITA,2008,3082.1882,33550.633,59211180,182.5,-0.62
Italy,ITA,2009,3064.3708,31587.064,59555456,182.5,-0.587
Italy,ITA,2010,3050.8494,31928.555,59819410,182.5,-0.559
Italy,ITA,2011,3040.3066,32039.504,60026840,182.5,-0.548
Italy,ITA,2012,3032.0022,30953.414,60191250,182.5,-0.481
Italy,ITA,2013,3025.9512,30330.021,60311612,182.5,-0.368
Italy,ITA,2014,3025.495,30325.03,60320708,182.5,-0.255
Italy,ITA,2015,3030.0713,30639.883,60229604,182.5,-0.137
Italy,ITA,2016,3035.8367,31077.68,60115224,182.5,-0.029
Italy,ITA,2017,3041.5525,31635.523,60002252,182.5,0.063
Italy,ITA,2018,3034.1492,31819.396,60148656,182.5,0.054
Italy,ITA,2019,3055.4631,32180.434,59729080,182.5,0.197
Italy,ITA,2020,3070.3823,29469.799,59438852,182.5,0.265
Italy,ITA,2021,3086.2542,32267.709,59133172,182.5,0.33
Italy,ITA,2022,3092.504,33891.887,59013668,182.5,0.333
Italy,ITA,2023,,34239.656,58984216,,
Italy,ITA,2024,,34495.254,58952704,,
Jamaica,JAM,1990,4547.714,4773.6284,2379877,10.823,
Jamaica,JAM,1991,4507.951,4960.8306,2400869,10.823,
Jamaica,JAM,1992,4463.643,5008.129,2424701,10.823,
Jamaica,JAM,1993,4417.7026,5423.351,2449916,10.823,
Jamaica,JAM,1994,4372.5405,5442.1675,2475220,10.823,
Jamaica,JAM,1995,4328.9385,5514.5127,2500151,10.823,-0.981
Jamaica,JAM,1996,4287.2485,5455.1934,2524463,10.823,-0.999
Jamaica,JAM,1997,4247.8984,5343.4805,2547848,10.823,-0.986
Jamaica,JAM,1998,4211.717,5174.2827,2569736,10.823,-0.95
Jamaica,JAM,1999,4179.095,5187.9956,2589795,10.823,-0.901
Jamaica,JAM,2000,4150.2,5197.397,2607826,10.823,-0.84
Jamaica,JAM,2001,4123.9854,5234.0273,2624403,10.823,-0.773
Jamaica,JAM,2002,4098.733,5305.8765,2640572,10.823,-0.712
Jamaica,JAM,2003,4073.969,5467.174,2656623,10.823,-0.663
Jamaica,JAM,2004,4050.1829,5507.201,2672225,10.823,-0.625
Jamaica,JAM,2005,4027.8132,5525.736,2687066,10.823,-0.597
Jamaica,JAM,2006,4007.0818,5656.668,2700968,10.823,-0.573
Jamaica,JAM,2007,3988.1348,5710.5386,2713800,10.823,-0.546
Jamaica,JAM,2008,3970.8179,5639.59,2725635,10.823,-0.512
Jamaica,JAM,2009,3954.3367,5372.1426,2736995,10.823,-0.478
Jamaica,JAM,2010,3937.6868,5271.5723,2748568,10.823,-0.452
Jamaica,JAM,2011,3920.675,5339.6216,2760494,10.823,-0.435
Jamaica,JAM,2012,3903.7957,5284.0083,2772430,10.823,-0.427
Jamaica,JAM,2013,3888.009,5289.8843,2783687,10.823,-0.421
Jamaica,JAM,2014,3874.0059,5307.192,2793749,10.823,-0.41
Jamaica,JAM,2015,3861.862,5339.307,2802534,10.823,-0.388
Jamaica,JAM,2016,3851.718,5472.283,2809915,10.823,-0.354
Jamaica,JAM,2017,3843.717,5586.1367,2815764,10.823,-0.31
Jamaica,JAM,2018,3837.8113,5717.876,2820097,10.823,-0.26
Jamaica,JAM,2019,3833.4966,5814.793,2823271,10.823,-0.21
Jamaica,JAM,2020,3823.3833,5317.8413,2830739,10.823,-0.2
Jamaica,JAM,2021,3814.0286,5607.4536,2837682,10.823,-0.196
Jamaica,JAM,2022,3812.0645,5965.4614,2839144,10.823,-0.165
Jamaica,JAM,2023,,6127.9077,2839786,,
Jamaica,JAM,2024,,6096.4326,2839175,,
Japan,JPN,1990,3482.4016,28422.213,123478000,430,
Japan,JPN,1991,3468.749,29308.273,123964000,430,
Japan,JPN,1992,3455.8972,29462.654,124425000,430,
Japan,JPN,1993,3444.7124,29232.44,124829000,430,
Japan,JPN,1994,3435.1084,29466.756,125178000,430,
Japan,JPN,1995,3427.0593,30171.164,125472000,430,-0.32
Japan,JPN,1996,3419.2927,31046.17,125757000,430,-0.287
Japan,JPN,1997,3411.1553,31276.193,126057000,430,-0.26
Japan,JPN,1998,3401.8987,30795.09,126400000,430,-0.25
Japan,JPN,1999,3395.693,30636.266,126631000,430,-0.231
Japan,JPN,2000,3390.0176,31430.63,126843000,430,-0.217
Japan,JPN,2001,3381.8591,31476.053,127149000,430,-0.22
Japan,JPN,2002,3374.0044,31416.125,127445000,430,-0.219
Japan,JPN,2003,3366.7925,31830.217,127718000,430,-0.207
Japan,JPN,2004,3365.6594,32515.115,127761000,430,-0.178
Japan,JPN,2005,3365.3433,33098.547,127773000,430,-0.146
Japan,JPN,2006,3363.2112,33531.52,127854000,430,-0.111
Japan,JPN,2007,3359.3489,33990.035,128001000,430,-0.087
Japan,JPN,2008,3357.7224,33557.645,128063000,430,-0.054
Japan,JPN,2009,3358.1418,31651.084,128047000,430,-0.045
Japan,JPN,2010,3357.5388,32942.203,128070000,430,-0.046
Japan,JPN,2011,3363.7637,33011.133,127833000,430,0.003
Japan,JPN,2012,3369.1401,33518.445,127629000,430,0.058
Japan,JPN,2013,3374.0044,34239.887,127445000,430,0.097
Japan,JPN,2014,3378.4846,34386.906,127276000,430,0.121
Japan,JPN,2015,3382.0718,34960.64,127141000,430,0.146
Japan,JPN,2016,3383.8018,35242.2,127076000,430,0.119
Japan,JPN,2017,3386.5735,35861.973,126972000,430,0.103
Japan,JPN,2018,3390.873,36138.527,126811000,430,0.1
Japan,JPN,2019,3395.6394,36043.785,126633000,430,0.101
Japan,JPN,2020,3405.6438,34642.973,126261000,430,0.139
Japan,JPN,2021,3421.3442,35741.16,125681590,430,0.221
Japan,JPN,2022,3436.5637,36238.33,125124990,430,0.293
Japan,JPN,2023,,36952.516,124516650,,
Japan,JPN,2024,,37152.562,123975370,,
Jordan,JOR,1990,188.29854,3202.337,3621908,0.682,
Jordan,JOR,1991,174.19516,3010.1372,3915149,0.682,
Jordan,JOR,1992,165.22546,3264.8447,4127693,0.682,
Jordan,JOR,1993,156.853,3238.4753,4348020,0.682,
Jordan,JOR,1994,149.5153,3240.4456,4561406,0.682,
Jordan,JOR,1995,143.51562,3303.287,4752096,0.682,-5.287
Jordan,JOR,1996,138.82907,3262.1062,4912516,0.682,-4.437
Jordan,JOR,1997,135.14893,3280.698,5046285,0.682,-3.939
Jordan,JOR,1998,132.0609,3302.2993,5164284,0.682,-3.382
Jordan,JOR,1999,129.25372,3341.6565,5276444,0.682,-2.87
Jordan,JOR,2000,126.60237,3412.0767,5386945,0.682,-2.477
Jordan,JOR,2001,124.02494,3518.7664,5498894,0.682,-2.23
Jordan,JOR,2002,121.43732,3644.6243,5616066,0.682,-2.117
Jordan,JOR,2003,118.777504,3713.1519,5741828,0.682,-2.098
Jordan,JOR,2004,115.945755,3935.157,5882061,0.682,-2.15
Jordan,JOR,2005,113.10891,4151.6133,6029587,0.682,-2.229
Jordan,JOR,2006,106.1087,4209.8687,6427371,0.682,-3.072
Jordan,JOR,2007,99.89414,4287.3525,6827227,0.682,-3.83
Jordan,JOR,2008,97.569824,4489.9556,6989866,0.682,-3.857
Jordan,JOR,2009,95.49476,4615.2305,7141753,0.682,-3.807
Jordan,JOR,2010,93.46252,4621.574,7297043,0.682,-3.744
Jordan,JOR,2011,91.1713,4631.6772,7480424,0.682,-2.989
Jordan,JOR,2012,89.8891,4677.476,7587127,0.682,-2.089
Jordan,JOR,2013,85.33737,4556.52,7991809,0.682,-2.644
Jordan,JOR,2014,77.573074,4282.1187,8791710,0.682,-4.072
Jordan,JOR,2015,71.45305,4042.7568,9544729,0.682,-5.229
Jordan,JOR,2016,68.1566,3933.147,10006367,0.682,-5.653
Jordan,JOR,2017,66.63914,3940.702,10234226,0.682,-5.81
Jordan,JOR,2018,65.18639,3928.7703,10462306,0.682,-5.245
Jordan,JOR,2019,63.9062,3919.0642,10671891,0.682,-3.802
Jordan,JOR,2020,62.769047,3806.8794,10865228,0.682,-2.558
Jordan,JOR,2021,61.628235,3874.3271,11066356,0.682,-1.994
Jordan,JOR,2022,60.588493,3909.8022,11256263,0.682,-1.886
Jordan,JOR,2023,,3958.2305,11439213,,
Jordan,JOR,2024,,4016.8342,11552876,,
Kazakhstan,KAZ,1990,,5557.082,17154054,,
Kazakhstan,KAZ,1991,,4910.1533,17278600,,
Kazakhstan,KAZ,1992,3712.6516,4635.4214,17332624,64.35,
Kazakhstan,KAZ,1993,3725.1467,4223.1284,17274488,64.35,
Kazakhstan,KAZ,1994,3775.573,3740.978,17043772,64.35,
Kazakhstan,KAZ,1995,3846.2605,3498.5146,16730536,64.35,
Kazakhstan,KAZ,1996,3919.9497,3583.3691,16416027,64.35,
Kazakhstan,KAZ,1997,4011.0325,3728.9639,16043251,64.35,1.558
Kazakhstan,KAZ,1998,4112.4033,3750.565,15647785,64.35,1.998
Kazakhstan,KAZ,1999,4163.466,3899.6572,15455874,64.35,1.975
Kazakhstan,KAZ,2000,4151.3174,4269.33,15501103,64.35,1.538
Kazakhstan,KAZ,2001,4131.475,4822.529,15575550,64.35,1.057
Kazakhstan,KAZ,2002,4110.0674,5267.699,15656677,64.35,0.489
Kazakhstan,KAZ,2003,4086.394,5724.432,15747380,64.35,-0.127
Kazakhstan,KAZ,2004,4059.8962,6233.2944,15850159,64.35,-0.503
Kazakhstan,KAZ,2005,4029.9053,6787.4116,15968117,64.35,-0.592
Kazakhstan,KAZ,2006,3995.9722,7450.397,16103716,64.35,-0.665
Kazakhstan,KAZ,2007,3958.2427,8036.876,16257214,64.35,-0.75
Kazakhstan,KAZ,2008,3917.4446,8216.521,16426525,64.35,-0.841
Kazakhstan,KAZ,2009,3871.877,8218.399,16619846,64.35,-0.944
Kazakhstan,KAZ,2010,3821.983,8704.707,16836810,64.35,-1.054
Kazakhstan,KAZ,2011,3770.6545,9223.302,17066002,64.35,-1.154
Kazakhstan,KAZ,2012,3718.3408,9531.915,17306106,64.35,-1.243
Kazakhstan,KAZ,2013,3665.3088,9959.726,17556502,64.35,-1.322
Kazakhstan,KAZ,2014,3611.864,10226.71,17816284,64.35,-1.381
Kazakhstan,KAZ,2015,3558.3608,10196.123,18084168,64.35,-1.419
Kazakhstan,KAZ,2016,3504.2148,10151.423,18363600,64.35,-1.455
Kazakhstan,KAZ,2017,3450.045,10404.271,18651932,64.35,-1.487
Kazakhstan,KAZ,2018,3398.8765,10670.212,18932728,64.35,-1.498
Kazakhstan,KAZ,2019,3349.8955,10989.684,19209556,64.35,-1.495
Kazakhstan,KAZ,2020,3303.029,10565.036,19482116,64.35,-1.478
Kazakhstan,KAZ,2021,3259.2834,10873.392,19743604,64.35,-1.439
Kazakhstan,KAZ,2022,3211.942,11058.349,20034608,64.35,-1.42
Kazakhstan,KAZ,2023,,11453.3955,20330104,,
Kazakhstan,KAZ,2024,,11872.784,20592572,,
Kenya,KEN,1990,904.22034,1329.3331,22892652,20.7,
Kenya,KEN,1991,875.3933,1305.4641,23646514,20.7,
Kenya,KEN,1992,848.97095,1255.9387,24382460,20.7,
Kenya,KEN,1993,824.13684,1223.5062,25117188,20.7,
Kenya,KEN,1994,800.55286,1219.784,25857130,20.7,
Kenya,KEN,1995,778.1443,1237.8824,26601752,20.7,-2.959
Kenya,KEN,1996,757.0158,1254.2102,27344212,20.7,-2.864
Kenya,KEN,1997,736.60846,1226.1954,28101768,20.7,-2.799
Kenya,KEN,1998,716.5591,1232.0665,28888056,20.7,-2.759
Kenya,KEN,1999,696.1866,1224.634,29733408,20.7,-2.755
Kenya,KEN,2000,675.52374,1195.413,30642890,20.7,-2.789
Kenya,KEN,2001,654.66614,1202.2935,31619170,20.7,-2.863
Kenya,KEN,2002,634.3893,1171.4263,32629808,20.7,-2.944
Kenya,KEN,2003,615.11536,1169.1443,33652224,20.7,-3.007
Kenya,KEN,2004,596.31055,1191.2544,34713456,20.7,-3.05
Kenya,KEN,2005,578.2691,1223.4474,35796484,20.7,-3.061
Kenya,KEN,2006,560.9147,1263.5416,36904010,20.7,-3.044
Kenya,KEN,2007,544.21625,1309.9109,38036348,20.7,-3.02
Kenya,KEN,2008,527.9757,1273.7722,39206350,20.7,-3.009
Kenya,KEN,2009,512.2635,1276.735,40408892,20.7,-2.993
Kenya,KEN,2010,497.61328,1340.1647,41598570,20.7,-2.96
Kenya,KEN,2011,484.11472,1370.58,42758460,20.7,-2.902
Kenya,KEN,2012,471.65186,1396.3018,43888304,20.7,-2.822
Kenya,KEN,2013,460.13507,1413.9414,44986790,20.7,-2.713
Kenya,KEN,2014,449.49734,1450.5934,46051440,20.7,-2.58
Kenya,KEN,2015,439.59753,1489.1196,47088530,20.7,-2.449
Kenya,KEN,2016,429.99863,1517.9779,48139690,20.7,-2.343
Kenya,KEN,2017,420.75082,1542.3378,49197770,20.7,-2.258
Kenya,KEN,2018,412.29224,1596.6904,50207108,20.7,-2.172
Kenya,KEN,2019,404.27457,1645.7096,51202828,20.7,-2.098
Kenya,KEN,2020,396.42007,1609.3341,52217336,20.7,-2.046
Kenya,KEN,2021,388.9576,1698.8958,53219170,20.7,-1.986
Kenya,KEN,2022,381.5495,1747.532,54252460,20.7,-1.937
Kenya,KEN,2023,,1811.2166,55339004,,
Kenya,KEN,2024,,1860.0228,56432944,,
Kiribati,KIR,1990,,1387.653,74855,,
Kiribati,KIR,1991,,1283.3464,76367,,
Kiribati,KIR,1992,,1564.7228,77641,,
Kiribati,KIR,1993,,1539.3044,78841,,
Kiribati,KIR,1994,,1547.6241,80021,,
Kiribati,KIR,1995,,1566.4725,81234,,
Kiribati,KIR,1996,,1539.3365,82623,,
Kiribati,KIR,1997,,1529.2491,84147,,
Kiribati,KIR,1998,,1569.0267,85657,,
Kiribati,KIR,1999,,1482.1921,87126,,
Kiribati,KIR,2000,,1555.5819,88613,,
Kiribati,KIR,2001,,1477.9517,90335,,
Kiribati,KIR,2002,,1467.9926,92264,,
Kiribati,KIR,2003,,1415.5457,94175,,
Kiribati,KIR,2004,,1378.9583,96085,,
Kiribati,KIR,2005,,1368.9972,98035,,
Kiribati,KIR,2006,,1419.3871,100017,,
Kiribati,KIR,2007,,1433.3573,102068,,
Kiribati,KIR,2008,,1361.8358,104222,,
Kiribati,KIR,2009,,1340.2759,106467,,
Kiribati,KIR,2010,,1328.7876,108704,,
Kiribati,KIR,2011,,1348.06,110647,,
Kiribati,KIR,2012,,1405.5028,112284,,
Kiribati,KIR,2013,,1493.4913,113838,,
Kiribati,KIR,2014,,1492.8507,115326,,
Kiribati,KIR,2015,,1639.8528,116815,,
Kiribati,KIR,2016,,1731.4369,118478,,
Kiribati,KIR,2017,,1769.512,120275,,
Kiribati,KIR,2018,,1803.9486,122084,,
Kiribati,KIR,2019,,1835.2196,123921,,
Kiribati,KIR,2020,,1777.0448,126099,,
Kiribati,KIR,2021,,1893.5266,128377,,
Kiribati,KIR,2022,,1948.2432,130469,,
Kiribati,KIR,2023,,1968.8097,132530,,
Kiribati,KIR,2024,,2041.876,134518,,
"Korea, Dem. People's Rep.",PRK,1990,3173.53,,21112136,67,
"Korea, Dem. People's Rep.",PRK,1991,3126.657,,21428638,67,
"Korea, Dem. People's Rep.",PRK,1992,3080.3308,,21750912,67,
"Korea, Dem. People's Rep.",PRK,1993,3035.3342,,22073352,67,
"Korea, Dem. People's Rep.",PRK,1994,2991.8762,,22393976,67,
"Korea, Dem. People's Rep.",PRK,1995,2955.5386,,22669304,67,-1.413
"Korea, Dem. People's Rep.",PRK,1996,2926.3079,,22895746,67,-1.316
"Korea, Dem. People's Rep.",PRK,1997,2899.0737,,23110830,67,-1.206
"Korea, Dem. People's Rep.",PRK,1998,2874.11,,23311564,67,-1.086
"Korea, Dem. People's Rep.",PRK,1999,2851.3552,,23497600,67,-0.958
"Korea, Dem. People's Rep.",PRK,2000,2831.0764,,23665910,67,-0.857
"Korea, Dem. People's Rep.",PRK,2001,2813.3105,,23815358,67,-0.784
"Korea, Dem. People's Rep.",PRK,2002,2798.199,,23943972,67,-0.706
"Korea, Dem. People's Rep.",PRK,2003,2781.193,,24090380,67,-0.655
"Korea, Dem. People's Rep.",PRK,2004,2762.3235,,24254944,67,-0.632
"Korea, Dem. People's Rep.",PRK,2005,2746.3032,,24396432,67,-0.606
"Korea, Dem. People's Rep.",PRK,2006,2731.9612,,24524508,67,-0.585
"Korea, Dem. People's Rep.",PRK,2007,2718.4517,,24646384,67,-0.577
"Korea, Dem. People's Rep.",PRK,2008,2705.473,,24764618,67,-0.551
"Korea, Dem. People's Rep.",PRK,2009,2693.1067,,24878332,67,-0.506
"Korea, Dem. People's Rep.",PRK,2010,2681.3667,,24987258,67,-0.477
"Korea, Dem. People's Rep.",PRK,2011,2669.5488,,25097874,67,-0.461
"Korea, Dem. People's Rep.",PRK,2012,2657.4934,,25211728,67,-0.453
"Korea, Dem. People's Rep.",PRK,2013,2645.142,,25329452,67,-0.45
"Korea, Dem. People's Rep.",PRK,2014,2632.4824,,25451262,67,-0.454
"Korea, Dem. People's Rep.",PRK,2015,2619.71,,25575350,67,-0.464
"Korea, Dem. People's Rep.",PRK,2016,2607.1738,,25698326,67,-0.472
"Korea, Dem. People's Rep.",PRK,2017,2595.118,,25817708,67,-0.474
"Korea, Dem. People's Rep.",PRK,2018,2583.7654,,25931148,67,-0.468
"Korea, Dem. People's Rep.",PRK,2019,2573.1987,,26037632,67,-0.455
"Korea, Dem. People's Rep.",PRK,2020,2563.4834,,26136312,67,-0.433
"Korea, Dem. People's Rep.",PRK,2021,2554.0803,,26232534,67,-0.411
"Korea, Dem. People's Rep.",PRK,2022,2544.7375,,26328844,67,-0.391
"Korea, Dem. People's Rep.",PRK,2023,,,26418204,,
"Korea, Dem. People's Rep.",PRK,2024,,,26498824,,
"Korea, Rep.",KOR,1990,1512.7382,9672.578,42869284,64.85,
"Korea, Rep.",KOR,1991,1497.8391,10618.843,43295704,64.85,
"Korea, Rep.",KOR,1992,1482.3547,11176.561,43747960,64.85,
"Korea, Rep.",KOR,1993,1467.3729,11837.469,44194628,64.85,
"Korea, Rep.",KOR,1994,1452.6829,12817.245,44641540,64.85,
"Korea, Rep.",KOR,1995,1438.1393,13924.305,45092990,64.85,-1.006
"Korea, Rep.",KOR,1996,1424.5021,14894.328,45524680,64.85,-0.999
"Korea, Rep.",KOR,1997,1411.2067,15682.271,45953580,64.85,-0.979
"Korea, Rep.",KOR,1998,1401.0564,14800.509,46286504,64.85,-0.921
"Korea, Rep.",KOR,1999,1391.133,16402.916,46616676,64.85,-0.862
"Korea, Rep.",KOR,2000,1379.5492,17763.135,47008110,64.85,-0.828
"Korea, Rep.",KOR,2001,1369.0051,18460.43,47370164,64.85,-0.792
"Korea, Rep.",KOR,2002,1361.1157,19775.38,47644736,64.85,-0.72
"Korea, Rep.",KOR,2003,1354.079,20278.041,47892330,64.85,-0.68
"Korea, Rep.",KOR,2004,1348.723,21244.814,48082520,64.85,-0.617
"Korea, Rep.",KOR,2005,1345.8668,22123.762,48184560,64.85,-0.493
"Korea, Rep.",KOR,2006,1338.8168,23162.186,48438292,64.85,-0.445
"Korea, Rep.",KOR,2007,1332.0697,24391.766,48683640,64.85,-0.43
"Korea, Rep.",KOR,2008,1321.9934,24934.54,49054708,64.85,-0.478
"Korea, Rep.",KOR,2009,1315.2068,25009.914,49307836,64.85,-0.502
"Korea, Rep.",KOR,2010,1308.6704,26623.049,49554110,64.85,-0.559
"Korea, Rep.",KOR,2011,1298.6458,27393.455,49936640,64.85,-0.607
"Korea, Rep.",KOR,2012,1291.8364,27944.057,50199852,64.85,-0.612
"Korea, Rep.",KOR,2013,1285.9691,28732.71,50428892,64.85,-0.551
"Korea, Rep.",KOR,2014,1277.9166,29470.674,50746660,64.85,-0.574
"Korea, Rep.",KOR,2015,1271.196,30171.791,51014948,64.85,-0.579
"Korea, Rep.",KOR,2016,1266.1613,31005.408,51217804,64.85,-0.505
"Korea, Rep.",KOR,2017,1262.6088,31979.902,51361910,64.85,-0.457
"Korea, Rep.",KOR,2018,1257.147,32852.89,51585056,64.85,-0.452
"Korea, Rep.",KOR,2019,1252.7812,33496.312,51764824,64.85,-0.397
"Korea, Rep.",KOR,2020,1251.0553,33215.93,51836240,64.85,-0.319
"Korea, Rep.",KOR,2021,1252.6671,34792.94,51769540,64.85,-0.214
"Korea, Rep.",KOR,2022,1255.018,35809.016,51672570,64.85,-0.121
"Korea, Rep.",KOR,2023,,36347.703,51712620,,
"Korea, Rep.",KOR,2024,,37048.426,51751064,,
Kosovo,XKX,1990,,,1973790,,
Kosovo,XKX,1991,,,2005362,,
Kosovo,XKX,1992,,,2039723,,
Kosovo,XKX,1993,,,2072664,,
Kosovo,XKX,1994,,,2105256,,
Kosovo,XKX,1995,,,2137514,,
Kosovo,XKX,1996,,,2168753,,
Kosovo,XKX,1997,,,2197284,,
Kosovo,XKX,1998,,,2078964,,
Kosovo,XKX,1999,,,1871524,,
Kosovo,XKX,2000,,,1802493,,
Kosovo,XKX,2001,,,1820009,,
Kosovo,XKX,2002,,,1829462,,
Kosovo,XKX,2003,,,1826434,,
Kosovo,XKX,2004,,,1822773,,
Kosovo,XKX,2005,,,1818354,,
Kosovo,XKX,2006,,,1813079,,
Kosovo,XKX,2007,,,1807094,,
Kosovo,XKX,2008,,2543.5994,1800858,,
Kosovo,XKX,2009,,2680.8613,1794681,,
Kosovo,XKX,2010,,2822.6335,1788743,,
Kosovo,XKX,2011,,2995.6494,1791949,,
Kosovo,XKX,2012,,3021.3513,1807126,,
Kosovo,XKX,2013,,3163.472,1818119,,
Kosovo,XKX,2014,,3279.025,1812788,,
Kosovo,XKX,2015,,3520.6284,1788274,,
Kosovo,XKX,2016,,3739.1755,1777568,,
Kosovo,XKX,2017,,3890.178,1791019,,
Kosovo,XKX,2018,,4009.1213,1797086,,
Kosovo,XKX,2019,,4219.067,1788891,,
Kosovo,XKX,2020,,3990.946,1790151,,
Kosovo,XKX,2021,,4429.876,1786079,,
Kosovo,XKX,2022,,4666.3916,1768096,,
Kosovo,XKX,2023,,5102.749,1682668,,
Kosovo,XKX,2024,,5631.682,1594353,,
Kuwait,KWT,1990,0,20140.783,1684819,0,
Kuwait,KWT,1991,0,14812.92,1351399,0,
Kuwait,KWT,1992,0,22382.842,1634961,0,
Kuwait,KWT,1993,0,29323.854,1672151,0,
Kuwait,KWT,1994,0,31946.49,1664361,0,
Kuwait,KWT,1995,0,33156.848,1681513,0,
Kuwait,KWT,1996,0,32417.963,1730246,0,
Kuwait,KWT,1997,0,32152.438,1787683,0,
Kuwait,KWT,1998,0,32306.668,1844302,0,
Kuwait,KWT,1999,0,30798.094,1900030,0,
Kuwait,KWT,2000,0,31341.979,1954709,0,
Kuwait,KWT,2001,0,30573.428,2008121,0,
Kuwait,KWT,2002,0,30702.217,2059974,0,
Kuwait,KWT,2003,0,35169.633,2109881,0,
Kuwait,KWT,2004,0,37918.54,2157320,0,
Kuwait,KWT,2005,0,40451.254,2236788,0,
Kuwait,KWT,2006,0,41137.97,2364733,0,
Kuwait,KWT,2007,0,41113.87,2507887,0,
Kuwait,KWT,2008,0,39852.51,2651421,0,
Kuwait,KWT,2009,0,35124.086,2795484,0,
Kuwait,KWT,2010,0,32568.498,2943372,0,
Kuwait,KWT,2011,0,33545.348,3132814,0,
Kuwait,KWT,2012,0,33578.332,3337109,0,
Kuwait,KWT,2013,0,32311.18,3507844,0,
Kuwait,KWT,2014,0,31073.154,3665876,0,
Kuwait,KWT,2015,0,29882.213,3834574,0,
Kuwait,KWT,2016,0,29454.443,4004096,0,
Kuwait,KWT,2017,0,27048.371,4154812,0,
Kuwait,KWT,2018,0,26706.02,4323515,0,
Kuwait,KWT,2019,0,26580.227,4442316,0,
Kuwait,KWT,2020,0,25541.537,4400267,0,
Kuwait,KWT,2021,0,26203.262,4360865,0,
Kuwait,KWT,2022,0,26579.832,4589643,0,
Kuwait,KWT,2023,,24716.197,4853420,,
Kuwait,KWT,2024,,23867.826,4897263,,
Kyrgyz Republic,KGZ,1990,,1203.472,4391236,,
Kyrgyz Republic,KGZ,1991,,1089.9,4463634,,
Kyrgyz Republic,KGZ,1992,10836.249,928.3155,4515400,48.93,
Kyrgyz Republic,KGZ,1993,10832.945,784.56494,4516777,48.93,
Kyrgyz Republic,KGZ,1994,10837.044,627.221,4515069,48.93,
Kyrgyz Republic,KGZ,1995,10729.195,587.29816,4560454,48.93,
Kyrgyz Republic,KGZ,1996,10571.601,619.6678,4628438,48.93,
Kyrgyz Republic,KGZ,1997,10418.572,671.25,4696421,48.93,-0.783
Kyrgyz Republic,KGZ,1998,10259.98,675.0582,4769015,48.93,-1.081
Kyrgyz Republic,KGZ,1999,10108.623,689.4143,4840422,48.93,-1.382
Kyrgyz Republic,KGZ,2000,9989.054,718.34283,4898362,48.93,-1.419
Kyrgyz Republic,KGZ,2001,9894.697,749.42377,4945073,48.93,-1.315
Kyrgyz Republic,KGZ,2002,9804.228,742.443,4990704,48.93,-1.208
Kyrgyz Republic,KGZ,2003,9701.966,786.35046,5043308,48.93,-1.112
Kyrgyz Republic,KGZ,2004,9585.26,831.4821,5104713,48.93,-1.058
Kyrgyz Republic,KGZ,2005,9477.709,820.70953,5162640,48.93,-1.045
Kyrgyz Republic,KGZ,2006,9376.485,837.138,5218373,48.93,-1.07
Kyrgyz Republic,KGZ,2007,9287.477,900.02795,5268385,48.93,-1.077
Kyrgyz Republic,KGZ,2008,9199.566,966.41,5318729,48.93,-1.058
Kyrgyz Republic,KGZ,2009,9078.523,981.2209,5389643,48.93,-1.08
Kyrgyz Republic,KGZ,2010,8949.968,962.7648,5467059,48.93,-1.139
Kyrgyz Republic,KGZ,2011,8821.642,1005.48315,5546587,48.93,-1.213
Kyrgyz Republic,KGZ,2012,8656.996,985.8473,5652076,48.93,-1.396
Kyrgyz Republic,KGZ,2013,8469.574,1069.784,5777150,48.93,-1.64
Kyrgyz Republic,KGZ,2014,8285.009,1088.5822,5905848,48.93,-1.813
Kyrgyz Republic,KGZ,2015,8100.9453,1105.652,6040036,48.93,-1.974
Kyrgyz Republic,KGZ,2016,7923.453,1128.3162,6175338,48.93,-2.125
Kyrgyz Republic,KGZ,2017,7758.4204,1157.1827,6306696,48.93,-2.168
Kyrgyz Republic,KGZ,2018,7593.0166,1175.0713,6444079,48.93,-2.161
Kyrgyz Republic,KGZ,2019,7424.6484,1201.8771,6590211,48.93,-2.169
Kyrgyz Republic,KGZ,2020,7274.1104,1093.3286,6726596,48.93,-2.13
Kyrgyz Republic,KGZ,2021,7141.7896,1132.5547,6851224,48.93,-2.056
Kyrgyz Republic,KGZ,2022,7014.8325,1212.1781,6975220,48.93,-1.995
Kyrgyz Republic,KGZ,2023,,1298.2572,7099750,,
Kyrgyz Republic,KGZ,2024,,1391.6841,7221868,,
Lao PDR,LAO,1990,44156.305,634.52527,4311955,190.4,
Lao PDR,LAO,1991,42930.086,643.4103,4435118,190.4,
Lao PDR,LAO,1992,41757.63,660.63385,4559646,190.4,
Lao PDR,LAO,1993,40639.82,680.9642,4685060,190.4,
Lao PDR,LAO,1994,39590.62,717.5092,4809220,190.4,
Lao PDR,LAO,1995,38625.32,749.23474,4929409,190.4,-2.641
Lao PDR,LAO,1996,37735.266,782.68317,5045678,190.4,-2.547
Lao PDR,LAO,1997,36956.44,819.2059,5152011,190.4,-2.413
Lao PDR,LAO,1998,36278.65,836.0881,5248266,190.4,-2.245
Lao PDR,LAO,1999,35650.195,881.63416,5340784,190.4,-2.075
Lao PDR,LAO,2000,35056.633,917.228,5431212,190.4,-1.92
Lao PDR,LAO,2001,34483.496,954.12354,5521482,190.4,-1.786
Lao PDR,LAO,2002,33934.016,994.49225,5610889,190.4,-1.692
Lao PDR,LAO,2003,33415.555,1038.7119,5697945,190.4,-1.631
Lao PDR,LAO,2004,32931.914,1088.7604,5781626,190.4,-1.574
Lao PDR,LAO,2005,32438.752,1148.6815,5869523,190.4,-1.54
Lao PDR,LAO,2006,31929.166,1228.0892,5963200,190.4,-1.527
Lao PDR,LAO,2007,31438.67,1301.0859,6056236,190.4,-1.516
Lao PDR,LAO,2008,30964.541,1381.7375,6148969,190.4,-1.512
Lao PDR,LAO,2009,30504.793,1463.338,6241642,190.4,-1.52
Lao PDR,LAO,2010,30059.072,1564.9106,6334194,190.4,-1.512
Lao PDR,LAO,2011,29626.91,1666.4009,6426590,190.4,-1.486
Lao PDR,LAO,2012,29207.031,1774.6359,6518978,190.4,-1.462
Lao PDR,LAO,2013,28798.807,1890.2786,6611385,190.4,-1.44
Lao PDR,LAO,2014,28404.463,2006.312,6703172,190.4,-1.417
Lao PDR,LAO,2015,27993.229,2121.0134,6801645,190.4,-1.414
Lao PDR,LAO,2016,27559.047,2234.761,6908802,190.4,-1.437
Lao PDR,LAO,2017,27129.668,2351.5745,7018147,190.4,-1.465
Lao PDR,LAO,2018,26711.39,2459.9788,7128045,190.4,-1.494
Lao PDR,LAO,2019,26306.932,2554.9563,7237636,190.4,-1.523
Lao PDR,LAO,2020,25916.986,2529.7463,7346533,190.4,-1.529
Lao PDR,LAO,2021,25546.096,2556.589,7453194,190.4,-1.505
Lao PDR,LAO,2022,25188.494,2589.05,7559007,190.4,-1.474
Lao PDR,LAO,2023,,2648.8872,7664993,,
Lao PDR,LAO,2024,,2721.0781,7769819,,
Late-demographic dividend,LTE,1990,8383.18,2569.8115,1844718100,13713.555,
Late-demographic dividend,LTE,1991,8266.716,2550.3486,1868272100,13713.555,
Late-demographic dividend,LTE,1992,9724.727,2540.726,1890820500,18248.61,
Late-demographic dividend,LTE,1993,9596.1045,2621.7153,1912010200,18261.209,
Late-demographic dividend,LTE,1994,9493.269,2709.5305,1932650900,18261.209,
Late-demographic dividend,LTE,1995,9395.431,2834.326,1952702100,18261.209,2.306
Late-demographic dividend,LTE,1996,9301.435,2949.7957,1972254700,18260.309,2.387
Late-demographic dividend,LTE,1997,9211.514,3086.237,1991506000,18261.209,-1.078
Late-demographic dividend,LTE,1998,9125.517,3145.483,2010169500,18261.209,-1.001
Late-demographic dividend,LTE,1999,9046.516,3263.8284,2027628900,18261.209,-0.959
Late-demographic dividend,LTE,2000,8975.524,3466.0132,2043581300,18261.209,-0.91
Late-demographic dividend,LTE,2001,8909.753,3619.4666,2058600400,18261.209,-0.857
Late-demographic dividend,LTE,2002,8849.358,3812.5913,2072599600,18261.209,-0.799
Late-demographic dividend,LTE,2003,8791.642,4048.4846,2086139000,18261.209,-0.743
Late-demographic dividend,LTE,2004,8735.791,4352.779,2099412600,18261.209,-0.697
Late-demographic dividend,LTE,2005,8680.969,4662.8457,2112603400,18261.209,-0.665
Late-demographic dividend,LTE,2006,8599.331,5063.689,2126122200,18269.615,-0.707
Late-demographic dividend,LTE,2007,8543.725,5544.401,2139958700,18269.615,-0.7
Late-demographic dividend,LTE,2008,8488.257,5891.622,2153941200,18269.615,-0.7
Late-demographic dividend,LTE,2009,8435.914,6074.3677,2167303400,18269.615,-0.696
Late-demographic dividend,LTE,2010,8388.61,6525.607,2179525400,18269.615,-0.683
Late-demographic dividend,LTE,2011,8336.398,6949.991,2193171500,18269.615,-0.619
Late-demographic dividend,LTE,2012,8275.457,7305.2764,2209319700,18269.615,-0.636
Late-demographic dividend,LTE,2013,8217.115,7662.8765,2225005300,18269.615,-0.647
Late-demographic dividend,LTE,2014,8158.0117,8010.298,2241122000,18269.615,-0.668
Late-demographic dividend,LTE,2015,8103.74,8331.633,2256126700,18269.615,-0.689
Late-demographic dividend,LTE,2016,8051.202,8646.076,2270841900,18269.615,-0.694
Late-demographic dividend,LTE,2017,7998.238,9041.216,2285870000,18269.615,-0.679
Late-demographic dividend,LTE,2018,7954.6245,9481.094,2298394000,18269.615,-0.647
Late-demographic dividend,LTE,2019,7918.477,9886.071,2308878000,18269.615,-0.594
Late-demographic dividend,LTE,2020,7893.5923,9878.286,2316152600,18269.615,-0.524
Late-demographic dividend,LTE,2021,7880.0615,10610.101,2320127700,18269.615,-0.429
Late-demographic dividend,LTE,2022,7867.677,10941.538,2323799600,,-0.329
Late-demographic dividend,LTE,2023,,11413.77,2326296800,,
Late-demographic dividend,LTE,2024,,11914.027,2328628200,,
Latin America & Caribbean,LCN,1990,31479.14,5779.974,440958140,13867.706,
Latin America & Caribbean,LCN,1991,30906.46,5855.3687,449129000,13867.706,
Latin America & Caribbean,LCN,1992,30357.857,5905.399,457245250,13867.706,
Latin America & Caribbean,LCN,1993,29830.77,6050.5015,465325730,13867.706,
Latin America & Caribbean,LCN,1994,29326.39,6247.89,473328600,13867.706,
Latin America & Caribbean,LCN,1995,28840.02,6202.5376,481309020,13867.706,-1.736
Latin America & Caribbean,LCN,1996,28372.754,6339.8794,489235070,13867.706,-1.696
Latin America & Caribbean,LCN,1997,27923.96,6580.549,497097000,13867.706,-1.658
Latin America & Caribbean,LCN,1998,27489.248,6667.744,504952580,13867.706,-1.622
Latin America & Caribbean,LCN,1999,27071.771,6601.7153,512730980,13867.706,-1.587
Latin America & Caribbean,LCN,2000,26678.947,6742.027,520272130,13867.706,-1.546
Latin America & Caribbean,LCN,2001,26309.412,6684.074,527572580,13867.706,-1.499
Latin America & Caribbean,LCN,2002,25959.05,6609.2104,534691600,13867.706,-1.449
Latin America & Caribbean,LCN,2003,25625.969,6668.6035,541643400,13867.706,-1.394
Latin America & Caribbean,LCN,2004,25307.797,6962.626,548455550,13867.706,-1.339
Latin America & Caribbean,LCN,2005,25004.13,7160.7944,555120800,13867.706,-1.288
Latin America & Caribbean,LCN,2006,24709.133,7448.6025,561752000,13867.706,-1.247
Latin America & Caribbean,LCN,2007,24422.574,7751.409,568345200,13867.706,-1.213
Latin America & Caribbean,LCN,2008,24143.8,7945.7354,574908740,13867.706,-1.184
Latin America & Caribbean,LCN,2009,23874.73,7675.99,581388160,13867.706,-1.159
Latin America & Caribbean,LCN,2010,23616.205,8060.797,587752500,13867.706,-1.136
Latin America & Caribbean,LCN,2011,23364.455,8325.469,594086850,13867.706,-1.113
Latin America & Caribbean,LCN,2012,23118.082,8455.453,600420300,13867.706,-1.092
Latin America & Caribbean,LCN,2013,22879.53,8595.427,606683300,13867.706,-1.07
Latin America & Caribbean,LCN,2014,22649.418,8610.67,612849400,13867.706,-1.048
Latin America & Caribbean,LCN,2015,22429.227,8547.237,618868500,13867.706,-1.026
Latin America & Caribbean,LCN,2016,22218.506,8405.1455,624737800,13867.706,-1.001
Latin America & Caribbean,LCN,2017,22018.32,8458.834,630415000,13867.706,-0.97
Latin America & Caribbean,LCN,2018,21832.549,8489.632,635778100,13867.706,-0.932
Latin America & Caribbean,LCN,2019,21655.855,8447.245,640962370,13867.706,-0.893
Latin America & Caribbean,LCN,2020,21503.492,7812.4253,645498200,13867.706,-0.839
Latin America & Caribbean,LCN,2021,21379.537,8316.143,649236100,13867.706,-0.767
Latin America & Caribbean,LCN,2022,21252.691,8604.53,653108100,,-0.705
Latin America & Caribbean,LCN,2023,,8737.776,657616500,,
Latin America & Caribbean,LCN,2024,,8873.035,662186400,,
Latin America & Caribbean (excluding high income),LAC,1990,29517.625,5718.6694,392413340,11583.11,
Latin America & Caribbean (excluding high income),LAC,1991,28980.736,5774.969,399683070,11583.11,
Latin America & Caribbean (excluding high income),LAC,1992,28466.8,5790.0645,406898880,11583.11,
Latin America & Caribbean (excluding high income),LAC,1993,27973.428,5936.348,414075460,11583.11,
Latin America & Caribbean (excluding high income),LAC,1994,27501.596,6147.04,421179550,11583.11,
Latin America & Caribbean (excluding high income),LAC,1995,27046.385,6069.695,428268350,11583.11,-1.733
Latin America & Caribbean (excluding high income),LAC,1996,26609.516,6207.144,435299550,11583.11,-1.693
Latin America & Caribbean (excluding high income),LAC,1997,26189.379,6434.5415,442282720,11583.11,-1.654
Latin America & Caribbean (excluding high income),LAC,1998,25781.314,6509.5654,449283170,11583.11,-1.619
Latin America & Caribbean (excluding high income),LAC,1999,25389.11,6444.708,456223550,11583.11,-1.586
Latin America & Caribbean (excluding high income),LAC,2000,25020.02,6581.311,462953700,11583.11,-1.545
Latin America & Caribbean (excluding high income),LAC,2001,24673.098,6499.333,469463140,11583.11,-1.5
Latin America & Caribbean (excluding high income),LAC,2002,24344.545,6434.3286,475799000,11583.11,-1.45
Latin America & Caribbean (excluding high income),LAC,2003,24032.459,6503.481,481977730,11583.11,-1.395
Latin America & Caribbean (excluding high income),LAC,2004,23734.3,6762.1147,488032480,11583.11,-1.339
Latin America & Caribbean (excluding high income),LAC,2005,23447.28,6946.747,494006560,11583.11,-1.29
Latin America & Caribbean (excluding high income),LAC,2006,23170.361,7223.707,499910620,11583.11,-1.249
Latin America & Caribbean (excluding high income),LAC,2007,22900.875,7518.2793,505793340,11583.11,-1.215
Latin America & Caribbean (excluding high income),LAC,2008,22638.322,7709.1826,511659360,11583.11,-1.188
Latin America & Caribbean (excluding high income),LAC,2009,22384.555,7438.008,517459940,11583.11,-1.164
Latin America & Caribbean (excluding high income),LAC,2010,22141.193,7849.0557,523147500,11583.11,-1.14
Latin America & Caribbean (excluding high income),LAC,2011,21903.58,8108.492,528822720,11583.11,-1.118
Latin America & Caribbean (excluding high income),LAC,2012,21670.793,8210.275,534503260,11583.11,-1.098
Latin America & Caribbean (excluding high income),LAC,2013,21445.488,8349.884,540118700,11583.11,-1.077
Latin America & Caribbean (excluding high income),LAC,2014,21227.645,8370.007,545661600,11583.11,-1.056
Latin America & Caribbean (excluding high income),LAC,2015,21019.111,8308.739,551075140,11583.11,-1.035
Latin America & Caribbean (excluding high income),LAC,2016,20816.447,8184.512,556440260,11583.11,-1.013
Latin America & Caribbean (excluding high income),LAC,2017,20612.086,8264.748,561957200,11583.11,-0.997
Latin America & Caribbean (excluding high income),LAC,2018,20403.174,8307.309,567711170,11583.11,-0.992
Latin America & Caribbean (excluding high income),LAC,2019,20203.861,8275.31,573311700,11583.11,-0.984
Latin America & Caribbean (excluding high income),LAC,2020,20036.81,7669.34,578091500,11583.11,-0.953
Latin America & Caribbean (excluding high income),LAC,2021,19906.21,8145.292,581884200,11583.11,-0.89
Latin America & Caribbean (excluding high income),LAC,2022,19778.252,8412.366,585648830,,-0.822
Latin America & Caribbean (excluding high income),LAC,2023,,8532.812,589889540,,
Latin America & Caribbean (excluding high income),LAC,2024,,8638.666,594158660,,
Latin America & the Caribbean (IDA & IBRD countries),TLA,1990,32438.531,5654.1167,426091620,13821.786,
Latin America & the Caribbean (IDA & IBRD countries),TLA,1991,31837.252,5745.343,434138780,13821.786,
Latin America & the Caribbean (IDA & IBRD countries),TLA,1992,31260.338,5805.629,442150880,13821.786,
Latin America & the Caribbean (IDA & IBRD countries),TLA,1993,30706.115,5963.7734,450131400,13821.786,
Latin America & the Caribbean (IDA & IBRD countries),TLA,1994,30175.748,6160.9683,458042880,13821.786,
Latin America & the Caribbean (IDA & IBRD countries),TLA,1995,29664.338,6106.163,465939460,13821.786,-1.772
Latin America & the Caribbean (IDA & IBRD countries),TLA,1996,29173.705,6238.942,473775500,13821.786,-1.732
Latin America & the Caribbean (IDA & IBRD countries),TLA,1997,28702.367,6477.437,481555620,13821.786,-1.693
Latin America & the Caribbean (IDA & IBRD countries),TLA,1998,28245.41,6558.237,489346270,13821.786,-1.657
Latin America & the Caribbean (IDA & IBRD countries),TLA,1999,27806.791,6476.0894,497065150,13821.786,-1.622
Latin America & the Caribbean (IDA & IBRD countries),TLA,2000,27393.955,6609.8013,504556060,13821.786,-1.58
Latin America & the Caribbean (IDA & IBRD countries),TLA,2001,27005.707,6536.5996,511809820,13821.786,-1.533
Latin America & the Caribbean (IDA & IBRD countries),TLA,2002,26637.63,6458.3213,518881950,13821.786,-1.482
Latin America & the Caribbean (IDA & IBRD countries),TLA,2003,26287.793,6518.4556,525787230,13821.786,-1.426
Latin America & the Caribbean (IDA & IBRD countries),TLA,2004,25953.656,6799.166,532556400,13821.786,-1.37
Latin America & the Caribbean (IDA & IBRD countries),TLA,2005,25634.408,6997.4165,539188800,13821.786,-1.319
Latin America & the Caribbean (IDA & IBRD countries),TLA,2006,25323.629,7284.1006,545805900,13821.786,-1.278
Latin America & the Caribbean (IDA & IBRD countries),TLA,2007,25021.352,7589.795,552399700,13821.786,-1.244
Latin America & the Caribbean (IDA & IBRD countries),TLA,2008,24727.293,7789.844,558968800,13821.786,-1.216
Latin America & the Caribbean (IDA & IBRD countries),TLA,2009,24443.656,7519.311,565454900,13821.786,-1.192
Latin America & the Caribbean (IDA & IBRD countries),TLA,2010,24171.48,7913.955,571822100,13821.786,-1.168
Latin America & the Caribbean (IDA & IBRD countries),TLA,2011,23906.018,8184.34,578171840,13821.786,-1.146
Latin America & the Caribbean (IDA & IBRD countries),TLA,2012,23646.21,8315.267,584524350,13821.786,-1.124
Latin America & the Caribbean (IDA & IBRD countries),TLA,2013,23394.64,8457.506,590809900,13821.786,-1.102
Latin America & the Caribbean (IDA & IBRD countries),TLA,2014,23151.162,8473.887,597023400,13821.786,-1.081
Latin America & the Caribbean (IDA & IBRD countries),TLA,2015,22918.217,8404.378,603091700,13821.786,-1.059
Latin America & the Caribbean (IDA & IBRD countries),TLA,2016,22695.236,8260.375,609017100,13821.786,-1.034
Latin America & the Caribbean (IDA & IBRD countries),TLA,2017,22482.613,8315.642,614776640,13821.786,-1.004
Latin America & the Caribbean (IDA & IBRD countries),TLA,2018,22283.34,8349.288,620274400,13821.786,-0.969
Latin America & the Caribbean (IDA & IBRD countries),TLA,2019,22098.334,8303.952,625467300,13821.786,-0.927
Latin America & the Caribbean (IDA & IBRD countries),TLA,2020,21937.566,7684.3853,630051000,13821.786,-0.871
Latin America & the Caribbean (IDA & IBRD countries),TLA,2021,21805.65,8192.976,633862600,13821.786,-0.797
Latin America & the Caribbean (IDA & IBRD countries),TLA,2022,21669.75,8477.184,637837800,,-0.734
Latin America & the Caribbean (IDA & IBRD countries),TLA,2023,,8612.79,642397950,,
Latin America & the Caribbean (IDA & IBRD countries),TLA,2024,,8746.293,647003800,,
Latvia,LVA,1990,,7622.698,2663151,,
Latvia,LVA,1991,,6694.1987,2650581,,
Latvia,LVA,1992,6479.652,4607.114,2614338,16.94,
Latvia,LVA,1993,6608.6943,4464.721,2563290,16.94,
Latvia,LVA,1994,6720.2437,4639.506,2520742,16.94,
Latvia,LVA,1995,6816.7476,4661.6685,2485056,16.94,
Latvia,LVA,1996,6893.964,4822.9043,2457222,16.94,
Latvia,LVA,1997,6963.024,5317.98,2432851,16.94,1.449
Latvia,LVA,1998,7028.99,5719.9893,2410019,16.94,1.241
Latvia,LVA,1999,7086.437,5929.2676,2390482,16.94,1.067
Latvia,LVA,2000,7155.0757,6336.383,2367550,16.94,0.973
Latvia,LVA,2001,7248.082,6833.4355,2337170,16.94,1.007
Latvia,LVA,2002,7332.784,7443.2295,2310173,16.94,1.04
Latvia,LVA,2003,7403.9917,8149.002,2287955,16.94,1.045
Latvia,LVA,2004,7485.235,8957.234,2263122,16.94,1.101
Latvia,LVA,2005,7566.557,10106.263,2238799,16.94,1.125
Latvia,LVA,2006,7636.282,11507.465,2218357,16.94,1.049
Latvia,LVA,2007,7698.863,12810.041,2200325,16.94,0.979
Latvia,LVA,2008,7780.1997,12506.694,2177322,16.94,0.996
Latvia,LVA,2009,7909.719,10675.425,2141669,16.94,1.109
Latvia,LVA,2010,8076.0693,10500.866,2097555,16.94,1.312
Latvia,LVA,2011,8224.463,11018.516,2059709,16.94,1.495
Latvia,LVA,2012,8327.111,11971.011,2034319,16.94,1.581
Latvia,LVA,2013,8416.776,12353.539,2012647,16.94,1.585
Latvia,LVA,2014,8496.415,12731.677,1993782,16.94,1.441
Latvia,LVA,2015,8566.255,13321.976,1977527,16.94,1.185
Latvia,LVA,2016,8644.899,13787.337,1959537,16.94,1.002
Latvia,LVA,2017,8721.853,14382.861,1942248,16.94,0.931
Latvia,LVA,2018,8790.073,15120.069,1927174,16.94,0.872
Latvia,LVA,2019,8851.397,15328.386,1913822,16.94,0.822
Latvia,LVA,2020,8913.683,14900.7295,1900449,16.94,0.798
Latvia,LVA,2021,8989.17,16070.168,1884490,16.94,0.784
Latvia,LVA,2022,9013.597,16421.375,1879383,16.94,0.66
Latvia,LVA,2023,,16229.385,1883710,,
Latvia,LVA,2024,,16374.773,1866124,,
Least developed countries: UN classification,LDC,1990,9824.047,609.2989,519693820,4354.102,
Least developed countries: UN classification,LDC,1991,9599.708,605.4185,532595520,4354.102,
Least developed countries: UN classification,LDC,1992,9357.041,591.11273,546905200,4354.102,
Least developed countries: UN classification,LDC,1993,8387.452,571.59467,562489860,4478.902,
Least developed countries: UN classification,LDC,1994,8160.899,560.0061,578028900,4478.902,
Least developed countries: UN classification,LDC,1995,7946.6533,576.9619,593609660,4478.902,-4.153
Least developed countries: UN classification,LDC,1996,7739.2275,593.66223,609407700,4478.902,-4.217
Least developed countries: UN classification,LDC,1997,7541.949,609.5059,625267840,4478.902,-4.221
Least developed countries: UN classification,LDC,1998,7351.7803,618.16187,641401000,4478.902,-2.601
Least developed countries: UN classification,LDC,1999,7170.625,627.14795,657616900,4478.902,-2.554
Least developed countries: UN classification,LDC,2000,7001.753,638.3945,673630100,4478.902,-2.5
Least developed countries: UN classification,LDC,2001,6838.5015,653.90283,689878800,4478.902,-2.444
Least developed countries: UN classification,LDC,2002,6671.5913,672.40814,707266800,4478.902,-2.423
Least developed countries: UN classification,LDC,2003,6508.0576,689.66907,725111740,4478.902,-2.409
Least developed countries: UN classification,LDC,2004,6354.6533,717.3906,742717950,4478.902,-2.387
Least developed countries: UN classification,LDC,2005,6205.347,752.2583,760741600,4478.902,-2.386
Least developed countries: UN classification,LDC,2006,6059.5225,784.78613,779230000,4478.902,-2.39
Least developed countries: UN classification,LDC,2007,5922.509,822.42725,797516000,4478.902,-2.354
Least developed countries: UN classification,LDC,2008,5788.8496,855.3958,816268160,4478.902,-2.315
Least developed countries: UN classification,LDC,2009,5656.911,870.835,835687100,4478.902,-2.299
Least developed countries: UN classification,LDC,2010,5529.0415,904.74725,855348100,4478.902,-2.282
Least developed countries: UN classification,LDC,2011,5401.899,913.1902,875685060,4478.902,-2.271
Least developed countries: UN classification,LDC,2012,5029.104,921.299,896684900,4508.902,-3.217
Least developed countries: UN classification,LDC,2013,4910.8833,951.7531,918269630,4508.902,-3.236
Least developed countries: UN classification,LDC,2014,4795.899,979.19214,940284160,4508.902,-3.248
Least developed countries: UN classification,LDC,2015,4685.1553,982.89484,962508300,4508.902,-3.258
Least developed countries: UN classification,LDC,2016,4576.239,995.1547,985414900,4508.902,-3.263
Least developed countries: UN classification,LDC,2017,4469.2935,1015.62256,1008993500,4508.902,-2.333
Least developed countries: UN classification,LDC,2018,4364.9565,1038.1313,1033110340,4508.902,-2.329
Least developed countries: UN classification,LDC,2019,4262.2095,1063.5016,1058013500,4508.902,-2.332
Least developed countries: UN classification,LDC,2020,4161.425,1037.4812,1083636100,4508.902,-2.343
Least developed countries: UN classification,LDC,2021,4065.602,1042.6631,1109175300,4508.902,-2.339
Least developed countries: UN classification,LDC,2022,3974.544,1067.739,1134585600,,-2.319
Least developed countries: UN classification,LDC,2023,,1075.2126,1160824700,,
Least developed countries: UN classification,LDC,2024,,1091.3383,1187777500,,
Lebanon,LBN,1990,1335.1228,2752.7244,3595175,4.8,
Lebanon,LBN,1991,1308.2898,4031.1948,3668912,4.8,
Lebanon,LBN,1992,1280.898,4595.581,3747371,4.8,
Lebanon,LBN,1993,1256.3317,4992.6987,3820647,4.8,
Lebanon,LBN,1994,1233.997,5301.416,3889799,4.8,
Lebanon,LBN,1995,1211.8962,5542.2266,3960735,4.8,-1.918
Lebanon,LBN,1996,1189.6556,6054.5293,4034781,4.8,-1.883
Lebanon,LBN,1997,1168.3367,6008.759,4108405,4.8,-1.823
Lebanon,LBN,1998,1147.9735,6120.4565,4181281,4.8,-1.788
Lebanon,LBN,1999,1128.0112,5982.418,4255277,4.8,-1.78
Lebanon,LBN,2000,1108.714,5958.9785,4329340,4.8,-1.764
Lebanon,LBN,2001,1090.4337,6085.7603,4401918,4.8,-1.727
Lebanon,LBN,2002,1075.3883,6207.241,4463504,4.8,-1.644
Lebanon,LBN,2003,1060.6544,6319.765,4525508,4.8,-1.57
Lebanon,LBN,2004,1043.6418,6633.7524,4599279,4.8,-1.543
Lebanon,LBN,2005,1027.5947,6707.18,4671102,4.8,-1.508
Lebanon,LBN,2006,1010.28467,6696.3745,4751136,4.8,-1.515
Lebanon,LBN,2007,990.89246,7179.345,4844118,4.8,-1.623
Lebanon,LBN,2008,974.54926,7701.2983,4925354,4.8,-1.679
Lebanon,LBN,2009,961.48315,8375.488,4992287,4.8,-1.627
Lebanon,LBN,2010,952.13763,8955.543,5041288,4.8,-1.514
Lebanon,LBN,2011,941.91156,8936.2,5096020,4.8,-1.392
Lebanon,LBN,2012,916.7755,8920.806,5235742,4.8,-1.543
Lebanon,LBN,2013,835.73663,8443.538,5743436,4.8,-3.026
Lebanon,LBN,2014,756.264,7830.415,6346990,4.8,-4.688
Lebanon,LBN,2015,741.6026,7714.11,6472469,4.8,-4.875
Lebanon,LBN,2016,759.1261,8019.1416,6323060,4.8,-4.223
Lebanon,LBN,2017,779.2046,8305.574,6160128,4.8,-3.199
Lebanon,LBN,2018,802.1231,8388.724,5984119,4.8,-0.818
Lebanon,LBN,2019,828.3583,8064.049,5794594,4.8,1.838
Lebanon,LBN,2020,841.75116,6440.8286,5702398,4.8,2.566
Lebanon,LBN,2021,839.43646,5973.4194,5718122,4.8,2.032
Lebanon,LBN,2022,835.58344,5909.0366,5744489,4.8,1.407
Lebanon,LBN,2023,,5834.6343,5773493,,
Lebanon,LBN,2024,,,5805962,,
Lesotho,LSO,1990,2889.988,533.82495,1809696,5.23,
Lesotho,LSO,1991,2838.721,560.8849,1842379,5.23,
Lesotho,LSO,1992,2791.9033,590.00824,1873274,5.23,
Lesotho,LSO,1993,2750.0364,601.5579,1901793,5.23,
Lesotho,LSO,1994,2713.0679,628.96,1927707,5.23,
Lesotho,LSO,1995,2680.0762,641.7587,1951437,5.23,-1.497
Lesotho,LSO,1996,2651.5679,670.4696,1972418,5.23,-1.355
Lesotho,LSO,1997,2630.6128,689.8062,1988130,5.23,-1.183
Lesotho,LSO,1998,2617.5535,696.936,1998049,5.23,-0.983
Lesotho,LSO,1999,2610.7783,698.4411,2003234,5.23,-0.766
Lesotho,LSO,2000,2609.8938,725.2637,2003913,5.23,-0.529
Lesotho,LSO,2001,2613.8853,752.2432,2000853,5.23,-0.286
Lesotho,LSO,2002,2621.9758,760.03345,1994679,5.23,-0.066
Lesotho,LSO,2003,2634.6824,798.5405,1985059,5.23,0.131
Lesotho,LSO,2004,2653.3018,817.7936,1971129,5.23,0.324
Lesotho,LSO,2005,2677.8271,853.9605,1953076,5.23,0.515
Lesotho,LSO,2006,2688.859,893.7507,1945063,5.23,0.567
Lesotho,LSO,2007,2677.564,927.2686,1953268,5.23,0.42
Lesotho,LSO,2008,2659.492,971.88135,1966541,5.23,0.188
Lesotho,LSO,2009,2640.2368,952.7479,1980883,5.23,-0.099
Lesotho,LSO,2010,2619.9111,995.23346,1996251,5.23,-0.436
Lesotho,LSO,2011,2596.8105,1031.9972,2014009,5.23,-0.694
Lesotho,LSO,2012,2570.8406,1086.3904,2034354,5.23,-0.81
Lesotho,LSO,2013,2543.151,1093.9532,2056504,5.23,-0.891
Lesotho,LSO,2014,2514.3154,1100.0499,2080089,5.23,-0.973
Lesotho,LSO,2015,2485.0198,1121.1985,2104611,5.23,-1.052
Lesotho,LSO,2016,2454.9126,1147.5875,2130422,5.23,-1.118
Lesotho,LSO,2017,2424.5403,1097.8217,2157110,5.23,-1.165
Lesotho,LSO,2018,2395.124,1068.4446,2183603,5.23,-1.192
Lesotho,LSO,2019,2367.153,1040.9935,2209405,5.23,-1.199
Lesotho,LSO,2020,2339.284,944.8341,2235727,5.23,-1.201
Lesotho,LSO,2021,2312.5813,955.22125,2261542,5.23,-1.187
Lesotho,LSO,2022,2287.729,967.5193,2286110,5.23,-1.155
Lesotho,LSO,2023,,974.3825,2311472,,
Lesotho,LSO,2024,,991.06964,2337423,,
Liberia,LBR,1990,89941.52,754.13403,2223667,200,
Liberia,LBR,1991,102222.414,735.18066,1956518,200,
Liberia,LBR,1992,96503.625,450.53867,2072461,200,
Liberia,LBR,1993,92802,290.38892,2155126,200,
Liberia,LBR,1994,93026.375,227.74278,2149928,200,
Liberia,LBR,1995,92201.51,216.09355,2169162,200,0.498
Liberia,LBR,1996,89594.13,235.43506,2232289,200,-2.603
Liberia,LBR,1997,82884.76,449.28607,2412989,200,-2.997
Liberia,LBR,1998,74902.89,528.67035,2670124,200,-4.195
Liberia,LBR,1999,70879.66,609.0409,2821684,200,-5.293
Liberia,LBR,2000,68303.28,754.8509,2928117,200,-5.824
Liberia,LBR,2001,66327.555,754.42236,3015338,200,-5.836
Liberia,LBR,2002,64624.906,762.7164,3094782,200,-4.855
Liberia,LBR,2003,64112.18,528.5674,3119532,200,-3.063
Liberia,LBR,2004,63353.45,535.9959,3156892,200,-2.22
Liberia,LBR,2005,60587.426,539.6654,3301015,200,-2.369
Liberia,LBR,2006,57293.67,551.37744,3490787,200,-2.886
Liberia,LBR,2007,54510.023,574.6094,3669050,200,-3.347
Liberia,LBR,2008,52342.277,591.18536,3821003,200,-3.975
Liberia,LBR,2009,50722.44,603.2562,3943028,200,-4.35
Liberia,LBR,2010,49274.555,621.7833,4058890,200,-4.049
Liberia,LBR,2011,47380.14,646.90875,4221178,200,-3.728
Liberia,LBR,2012,45734.742,674.36,4373043,200,-3.45
Liberia,LBR,2013,44740.336,717.00726,4470239,200,-3.09
Liberia,LBR,2014,43818.395,707.1577,4564293,200,-2.884
Liberia,LBR,2015,42923.695,692.5901,4659431,200,-2.722
Liberia,LBR,2016,42055.61,668.0315,4755608,200,-2.356
Liberia,LBR,2017,41246.254,671.2609,4848925,200,-2.045
Liberia,LBR,2018,40447.137,665.8754,4944726,200,-1.997
Liberia,LBR,2019,39653.266,636.6994,5043721,200,-1.978
Liberia,LBR,2020,38839,605.02545,5149463,200,-1.98
Liberia,LBR,2021,38027.707,621.928,5259323,200,-1.993
Liberia,LBR,2022,37221.117,638.0052,5373294,200,-2.033
Liberia,LBR,2023,,653.32916,5493031,,
Liberia,LBR,2024,,665.1013,5612817,,
Libya,LBY,1990,157.47185,11085.944,4445239,0.7,
Libya,LBY,1991,154.03574,12541.692,4544400,0.7,
Libya,LBY,1992,150.85063,11949.228,4640352,0.7,
Libya,LBY,1993,147.89633,11274.346,4733045,0.7,
Libya,LBY,1994,145.16687,11280.383,4822037,0.7,
Libya,LBY,1995,142.65791,10839.28,4906843,0.7,-1.957
Libya,LBY,1996,140.35388,10891.806,4987393,0.7,-1.843
Libya,LBY,1997,138.21321,11284.778,5064639,0.7,-1.735
Libya,LBY,1998,136.16812,10722.87,5140704,0.7,-1.639
Libya,LBY,1999,134.15004,10643.1455,5218038,0.7,-1.566
Libya,LBY,2000,131.95047,10853.806,5305021,0.7,-1.548
Libya,LBY,2001,129.54233,10467.878,5403639,0.7,-1.59
Libya,LBY,2002,127.078415,10170.31,5508410,0.7,-1.666
Libya,LBY,2003,124.568504,11267.0625,5619398,0.7,-1.765
Libya,LBY,2004,122.02152,11529.108,5736693,0.7,-1.877
Libya,LBY,2005,119.47843,12628.896,5858798,0.7,-1.966
Libya,LBY,2006,117.05273,13176.776,5980211,0.7,-2.007
Libya,LBY,2007,114.67176,13712.96,6104380,0.7,-2.034
Libya,LBY,2008,112.2617,13403,6235430,0.7,-2.059
Libya,LBY,2009,109.94731,12549.085,6366686,0.7,-2.062
Libya,LBY,2010,107.72813,12913.934,6497839,0.7,-2.049
Libya,LBY,2011,110.35434,6569.5947,6343203,0.7,-1.172
Libya,LBY,2012,113.28093,12599.259,6179328,0.7,-0.244
Libya,LBY,2013,111.02955,10126.314,6304628,0.7,-0.22
Libya,LBY,2014,108.91124,7644.2485,6427252,0.7,-0.189
Libya,LBY,2015,107.167694,7458.4893,6531819,0.7,-0.104
Libya,LBY,2016,105.54685,7236.164,6632126,0.7,-0.887
Libya,LBY,2017,103.876526,9435.601,6738770,0.7,-1.718
Libya,LBY,2018,102.20388,10020.917,6849055,0.7,-1.643
Libya,LBY,2019,100.70446,8768.41,6951033,0.7,-1.555
Libya,LBY,2020,99.35562,6102.799,7045399,0.7,-1.502
Libya,LBY,2021,98.105515,7731.3545,7135175,0.7,-1.452
Libya,LBY,2022,96.90184,7002.682,7223805,0.7,-1.38
Libya,LBY,2023,,7630.4966,7305659,,
Libya,LBY,2024,,7696.0806,7381023,,
Liechtenstein,LIE,1990,,,28742,,
Liechtenstein,LIE,1991,,,29209,,
Liechtenstein,LIE,1992,,,29627,,
Liechtenstein,LIE,1993,,,30089,,
Liechtenstein,LIE,1994,,,30470,,
Liechtenstein,LIE,1995,,,30776,,
Liechtenstein,LIE,1996,,,31033,,
Liechtenstein,LIE,1997,,,31232,,
Liechtenstein,LIE,1998,,,31668,,
Liechtenstein,LIE,1999,,,32221,,
Liechtenstein,LIE,2000,,,32645,,
Liechtenstein,LIE,2001,,,33194,,
Liechtenstein,LIE,2002,,,33694,,
Liechtenstein,LIE,2003,,,34079,,
Liechtenstein,LIE,2004,,,34447,,
Liechtenstein,LIE,2005,,,34753,,
Liechtenstein,LIE,2006,,,35037,,
Liechtenstein,LIE,2007,,,35262,,
Liechtenstein,LIE,2008,,,35473,,
Liechtenstein,LIE,2009,,,35742,,
Liechtenstein,LIE,2010,,,36022,,
Liechtenstein,LIE,2011,,,36312,,
Liechtenstein,LIE,2012,,,36657,,
Liechtenstein,LIE,2013,,,36984,,
Liechtenstein,LIE,2014,,,37248,,
Liechtenstein,LIE,2015,,167187.16,37494,,
Liechtenstein,LIE,2016,,,37716,,
Liechtenstein,LIE,2017,,,37962,,
Liechtenstein,LIE,2018,,,38246,,
Liechtenstein,LIE,2019,,,38563,,
Liechtenstein,LIE,2020,,,38901,,
Liechtenstein,LIE,2021,,,39182,,
Liechtenstein,LIE,2022,,,39493,,
Liechtenstein,LIE,2023,,,39846,,
Liechtenstein,LIE,2024,,,40450,,
Lithuania,LTU,1990,,8333.351,3697838,,
Lithuania,LTU,1991,,7847.0176,3704134,,
Lithuania,LTU,1992,4178.2495,6185.535,3700114,15.46,
Lithuania,LTU,1993,4198.106,5206.443,3682613,15.46,
Lithuania,LTU,1994,4227.3423,4730.6963,3657144,15.46,
Lithuania,LTU,1995,4260.007,4924.0967,3629102,15.46,
Lithuania,LTU,1996,4292.521,5211.1,3601613,15.46,
Lithuania,LTU,1997,4324.3096,5685.449,3575137,15.46,0.69
Lithuania,LTU,1998,4355.7505,6154.1724,3549331,15.46,0.74
Lithuania,LTU,1999,4386.7637,6129.9985,3524238,15.46,0.743
Lithuania,LTU,2000,4417.7285,6384.3086,3499536,15.46,0.73
Lithuania,LTU,2001,4454.2812,6854.525,3470818,15.46,0.743
Lithuania,LTU,2002,4490.1826,7374.098,3443067,15.46,0.756
Lithuania,LTU,2003,4526.804,8218.693,3415213,15.46,0.773
Lithuania,LTU,2004,4577.9263,8851.926,3377075,15.46,0.857
Lithuania,LTU,2005,4653.0835,9692.868,3322528,15.46,1.043
Lithuania,LTU,2006,4727.9604,10577.215,3269909,15.46,1.2
Lithuania,LTU,2007,4784.461,11889.3545,3231294,15.46,1.278
Lithuania,LTU,2008,4833.9224,12324.52,3198231,15.46,1.321
Lithuania,LTU,2009,4887.8945,10612.92,3162916,15.46,1.319
Lithuania,LTU,2010,4991.473,10884.116,3097282,15.46,1.414
Lithuania,LTU,2011,5105.4863,11836.72,3028115,15.46,1.548
Lithuania,LTU,2012,5172.058,12516.618,2989139,15.46,1.57
Lithuania,LTU,2013,5220.768,13145.807,2961250,15.46,1.552
Lithuania,LTU,2014,5263.4214,13753.189,2937253,15.46,1.491
Lithuania,LTU,2015,5310.691,14269.804,2911109,15.46,1.248
Lithuania,LTU,2016,5373.0464,14823.107,2877325,15.46,1.027
Lithuania,LTU,2017,5438.6084,15695.999,2842639,15.46,1.01
Lithuania,LTU,2018,5483.825,16604.902,2819200,15.46,0.988
Lithuania,LTU,2019,5499.648,17431.725,2811089,15.46,0.882
Lithuania,LTU,2020,5501.057,17443.654,2810369,15.46,0.707
Lithuania,LTU,2021,5504.953,18569.705,2808380,15.46,0.486
Lithuania,LTU,2022,5459.7354,18884.516,2831639,15.46,0.078
Lithuania,LTU,2023,,18685.553,2871585,,
Lithuania,LTU,2024,,19092.645,2888278,,
Low & middle income,LMY,1990,6863.9976,1637.9098,4049620000,26573.414,
Low & middle income,LMY,1991,6730.4604,1653.3264,4127853600,26573.414,
Low & middle income,LMY,1992,6476.2876,1692.206,4205224200,26972.623,
Low & middle income,LMY,1993,6357.2095,1744.9888,4282493200,26975.424,
Low & middle income,LMY,1994,6242.982,1803.02,4358651000,26961.424,
Low & middle income,LMY,1995,6136.0767,1854.0293,4434718000,26961.424,-2.217
Low & middle income,LMY,1996,6031.716,1936.5972,4511311400,26960.523,-2.168
Low & middle income,LMY,1997,5931.384,2012.4017,4587800000,26961.424,-1.742
Low & middle income,LMY,1998,5834.155,2045.3727,4664177700,26961.424,-1.703
Low & middle income,LMY,1999,5741.1943,2087.0671,4739596000,26961.424,-1.662
Low & middle income,LMY,2000,5652.37,2169.2458,4814250500,26961.424,-1.629
Low & middle income,LMY,2001,5566.809,2214.3958,4888551400,26961.424,-1.591
Low & middle income,LMY,2002,5484.861,2286.409,4961926700,26961.424,-1.553
Low & middle income,LMY,2003,5405.7466,2387.0957,5034824700,26961.424,-1.514
Low & middle income,LMY,2004,5327.8213,2533.635,5108183600,26958.424,-1.483
Low & middle income,LMY,2005,5252.7266,2681.809,5181562400,26958.424,-1.456
Low & middle income,LMY,2006,5173.797,2861.6362,5255157000,26966.83,-1.454
Low & middle income,LMY,2007,5103.475,3071.9663,5328158700,26966.83,-1.431
Low & middle income,LMY,2008,5034.118,3209.8916,5402245000,26966.83,-1.414
Low & middle income,LMY,2009,4965.7295,3292.9521,5477389300,26966.83,-1.398
Low & middle income,LMY,2010,4898.5093,3513.1426,5553257500,26966.83,-1.387
Low & middle income,LMY,2011,4832.0703,3685.317,5630227000,26966.83,-1.357
Low & middle income,LMY,2012,4731.1953,3833.9185,5709148000,26996.83,-1.503
Low & middle income,LMY,2013,4667.21,3994.6797,5787391500,26996.83,-1.502
Low & middle income,LMY,2014,4605.259,4145.7812,5865202000,26996.83,-1.496
Low & middle income,LMY,2015,4546.2856,4284.857,5941223000,26996.83,-1.481
Low & middle income,LMY,2016,4488.9126,4431.182,6017111600,26996.83,-1.462
Low & middle income,LMY,2017,4432.281,4608.6787,6093972000,26996.83,-1.297
Low & middle income,LMY,2018,4377.8877,4779.408,6169659000,26996.83,-1.272
Low & middle income,LMY,2019,4326.0386,4919.2085,6243563000,26996.83,-1.243
Low & middle income,LMY,2020,4277.817,4809.849,6313914000,26996.83,-1.21
Low & middle income,LMY,2021,4234.596,5112.97,6378324000,26996.83,-1.16
Low & middle income,LMY,2022,4198.514,5268.236,6437946400,,-1.078
Low & middle income,LMY,2023,,5470.5327,6498875400,,
Low & middle income,LMY,2024,,5652.875,6563501600,,
Luxembourg,LUX,1990,2618.8293,66027.08,381850,1,
Luxembourg,LUX,1991,2583.9792,70779.98,387000,1,
Luxembourg,LUX,1992,2549.882,71116.94,392175,1,
Luxembourg,LUX,1993,2515.8816,73116.195,397475,1,
Luxembourg,LUX,1994,2481.8516,74883.14,402925,1,
Luxembourg,LUX,1995,2447.2317,74896.09,408625,1,-1.346
Luxembourg,LUX,1996,2414.147,74916.51,414225,1,-1.35
Luxembourg,LUX,1997,2384.0745,77993.055,419450,1,-1.336
Luxembourg,LUX,1998,2354.6033,82170.24,424700,1,-1.316
Luxembourg,LUX,1999,2323.0154,87695.336,430475,1,-1.314
Luxembourg,LUX,2000,2292.001,92527.71,436300,1,-1.302
Luxembourg,LUX,2001,2264.8774,94243.7,441525,1,-1.268
Luxembourg,LUX,2002,2241.273,96269.58,446175,1,-1.228
Luxembourg,LUX,2003,2214.202,97598,451630,1,-1.222
Luxembourg,LUX,2004,2182.9534,100292.57,458095,1,-1.236
Luxembourg,LUX,2005,2149.8071,101222.05,465158,1,-1.273
Luxembourg,LUX,2006,2115.7886,105614.18,472637,1,-1.353
Luxembourg,LUX,2007,2083.3638,112417.875,479993,1,-1.451
Luxembourg,LUX,2008,2046.4545,110094.79,488650,1,-1.563
Luxembourg,LUX,2009,2008.9075,104574.35,497783,1,-1.648
Luxembourg,LUX,2010,1972.5695,106544.055,506953,1,-1.706
Luxembourg,LUX,2011,1929.2096,105290.25,518347,1,-1.829
Luxembourg,LUX,2012,1883.4307,104487.74,530946,1,-1.998
Luxembourg,LUX,2013,1840.4005,105338.95,543360,1,-2.1
Luxembourg,LUX,2014,1797.5298,105583.94,556319,1,-2.199
Luxembourg,LUX,2015,1755.6056,105462.016,569604,1,-2.304
Luxembourg,LUX,2016,1718.1718,108351.45,582014,1,-2.29
Luxembourg,LUX,2017,1676.907,107142.125,596336,1,-2.296
Luxembourg,LUX,2018,1644.8721,106788.73,607950,1,-2.221
Luxembourg,LUX,2019,1612.9006,107591.97,620001,1,-2.144
Luxembourg,LUX,2020,1586.2466,105274.25,630419,1,-2.008
Luxembourg,LUX,2021,1562.3438,110873.19,640064,1,-1.884
Luxembourg,LUX,2022,1531.1521,107467.19,653103,1,-1.802
Luxembourg,LUX,2023,,105422.83,666430,,
Luxembourg,LUX,2024,,104147.17,677012,,
"Macao SAR, China",MAC,1990,,31378.83,334950,,
"Macao SAR, China",MAC,1991,,30982.379,351650,,
"Macao SAR, China",MAC,1992,,33280.85,370900,,
"Macao SAR, China",MAC,1993,,33812.633,384000,,
"Macao SAR, China",MAC,1994,,34113.754,396800,,
"Macao SAR, China",MAC,1995,,34162.01,409300,,
"Macao SAR, China",MAC,1996,,33543.254,415100,,
"Macao SAR, China",MAC,1997,,33273.33,417300,,
"Macao SAR, China",MAC,1998,,31376.422,422300,,
"Macao SAR, China",MAC,1999,,30270.809,427400,,
"Macao SAR, China",MAC,2000,,31772.63,430600,,
"Macao SAR, China",MAC,2001,,32441.676,433900,,
"Macao SAR, China",MAC,2002,,34967.89,438400,,
"Macao SAR, China",MAC,2003,,38581.7,443600,,
"Macao SAR, China",MAC,2004,,47665.934,454700,,
"Macao SAR, China",MAC,2005,,49470.94,473500,,
"Macao SAR, China",MAC,2006,,53240.203,498900,,
"Macao SAR, China",MAC,2007,,58376.117,520900,,
"Macao SAR, China",MAC,2008,,58146.33,540700,,
"Macao SAR, China",MAC,2009,,59528.836,535000,,
"Macao SAR, China",MAC,2010,,74195.055,537000,,
"Macao SAR, China",MAC,2011,,88168.97,549600,,
"Macao SAR, China",MAC,2012,,93192.88,567900,,
"Macao SAR, China",MAC,2013,,99054.5,591900,,
"Macao SAR, China",MAC,2014,,92383.84,621700,,
"Macao SAR, China",MAC,2015,,69902.96,642900,,
"Macao SAR, China",MAC,2016,,68391.34,652500,,
"Macao SAR, China",MAC,2017,,75650.125,648400,,
"Macao SAR, China",MAC,2018,,79178.65,658900,,
"Macao SAR, China",MAC,2019,,75724.61,672000,,
"Macao SAR, China",MAC,2020,,33853.777,685400,,
"Macao SAR, China",MAC,2021,,41634.24,682500,,
"Macao SAR, China",MAC,2022,,34000.715,677300,,
"Macao SAR, China",MAC,2023,,59474.395,678800,,
"Macao SAR, China",MAC,2024,,63377.293,687000,,
Madagascar,MDG,1990,27953.723,538.53625,12055639,337,
Madagascar,MDG,1991,27130.57,489.7161,12421412,337,
Madagascar,MDG,1992,26326.336,480.81094,12800870,337,
Madagascar,MDG,1993,25535.44,476.15973,13197345,337,
Madagascar,MDG,1994,24754.203,461.39767,13613850,337,
Madagascar,MDG,1995,23983.588,454.53793,14051275,337,-3.017
Madagascar,MDG,1996,23224.225,449.62808,14510711,337,-3.061
Madagascar,MDG,1997,22480.434,451.3032,14990814,337,-3.109
Madagascar,MDG,1998,21756.865,453.88617,15489364,337,-3.152
Madagascar,MDG,1999,21061.834,460.0344,16000506,337,-3.179
Madagascar,MDG,2000,20404.04,465.5295,16516338,337,-3.181
Madagascar,MDG,2001,19785.193,478.4056,17032940,337,-3.154
Madagascar,MDG,2002,19202.375,406.70123,17549912,337,-3.103
Madagascar,MDG,2003,18647.783,433.60104,18071854,337,-3.037
Madagascar,MDG,2004,18111.846,443.27866,18606608,337,-2.973
Madagascar,MDG,2005,17588.996,450.95523,19159708,337,-2.926
Madagascar,MDG,2006,17079.8,461.54034,19730908,337,-2.898
Madagascar,MDG,2007,16585.803,473.78546,20318584,337,-2.887
Madagascar,MDG,2008,16106.03,490.96393,20923840,337,-2.888
Madagascar,MDG,2009,15640.025,457.78976,21547280,337,-2.892
Madagascar,MDG,2010,15191.581,447.41714,22183340,337,-2.888
Madagascar,MDG,2011,14766.26,441.75516,22822300,337,-2.869
Madagascar,MDG,2012,14363.384,442.6415,23462438,337,-2.836
Madagascar,MDG,2013,13978.015,440.67465,24109290,337,-2.794
Madagascar,MDG,2014,13608.272,443.34387,24764348,337,-2.745
Madagascar,MDG,2015,13253.783,445.32007,25426702,337,-2.692
Madagascar,MDG,2016,12911.901,451.1566,26099952,337,-2.648
Madagascar,MDG,2017,12580.084,456.85187,26788376,337,-2.617
Madagascar,MDG,2018,12256.807,459.33035,27494926,337,-2.594
Madagascar,MDG,2019,11942.074,467.2774,28219554,337,-2.578
Madagascar,MDG,2020,11639.33,422.92426,28953556,337,-2.564
Madagascar,MDG,2021,11350.209,431.5991,29691084,337,-2.545
Madagascar,MDG,2022,11071.955,438.51627,30437260,337,-2.522
Madagascar,MDG,2023,,445.83456,31195932,,
Madagascar,MDG,2024,,453.38306,31964956,,
Malawi,MWI,1990,1690.7867,353.7713,9545852,16.14,
Malawi,MWI,1991,1639.5396,372.99756,9844227,16.14,
Malawi,MWI,1992,1592.4888,335.72653,10135079,16.14,
Malawi,MWI,1993,1569.4246,362.931,10284024,16.14,
Malawi,MWI,1994,1587.8179,329.5841,10164894,16.14,
Malawi,MWI,1995,1590.1294,385.27972,10150117,16.14,-1.22
Malawi,MWI,1996,1559.0847,405.39706,10352228,16.14,-1.001
Malawi,MWI,1997,1528.1146,412.41312,10562035,16.14,-0.822
Malawi,MWI,1998,1495.4309,419.31323,10792876,16.14,-0.961
Malawi,MWI,1999,1460.9238,422.0999,11047804,16.14,-1.652
Malawi,MWI,2000,1426.3064,418.593,11315942,16.14,-2.151
Malawi,MWI,2001,1392.2125,388.26004,11593058,16.14,-2.239
Malawi,MWI,2002,1358.5355,385.309,11880440,16.14,-2.325
Malawi,MWI,2003,1324.9519,397.22485,12181574,16.14,-2.392
Malawi,MWI,2004,1291.1239,408.0649,12500737,16.14,-2.441
Malawi,MWI,2005,1257.0063,410.26797,12840031,16.14,-2.495
Malawi,MWI,2006,1222.8477,417.8777,13198701,16.14,-2.561
Malawi,MWI,2007,1188.8326,445.2543,13576343,16.14,-2.633
Malawi,MWI,2008,1154.8024,465.55148,13976417,16.14,-2.711
Malawi,MWI,2009,1121.1613,489.6314,14395788,16.14,-2.783
Malawi,MWI,2010,1088.5941,508.08865,14826463,16.14,-2.836
Malawi,MWI,2011,1057.3191,517.83374,15265022,16.14,-2.867
Malawi,MWI,2012,1027.3988,512.7403,15709577,16.14,-2.877
Malawi,MWI,2013,998.65015,525.35767,16161816,16.14,-2.864
Malawi,MWI,2014,971.0293,539.5626,16621538,16.14,-2.834
Malawi,MWI,2015,944.6559,539.60535,17085588,16.14,-2.797
Malawi,MWI,2016,919.25275,538.222,17557740,16.14,-2.76
Malawi,MWI,2017,894.6926,544.7957,18039716,16.14,-2.728
Malawi,MWI,2018,871.11017,553.5288,18528080,16.14,-2.696
Malawi,MWI,2019,848.3239,569.8663,19025752,16.14,-2.666
Malawi,MWI,2020,826.2564,559.4471,19533888,16.14,-2.643
Malawi,MWI,2021,805.09766,569.969,20047258,16.14,-2.617
Malawi,MWI,2022,784.68634,560.63574,20568728,16.14,-2.59
Malawi,MWI,2023,,557.0352,21104482,,
Malawi,MWI,2024,,551.95154,21655286,,
Malaysia,MYS,1990,32523.66,4184.7607,17833172,580,
Malaysia,MYS,1991,31620.615,4456.931,18342464,580,
Malaysia,MYS,1992,30794.436,4726.1377,18834572,580,
Malaysia,MYS,1993,30016.564,5062.5913,19322664,580,
Malaysia,MYS,1994,29262.71,5390.1016,19820446,580,
Malaysia,MYS,1995,28528.426,5771.352,20330600,580,-2.587
Malaysia,MYS,1996,27817.629,6190.4644,20850088,580,-2.53
Malaysia,MYS,1997,27134.227,6480.5566,21375218,580,-2.499
Malaysia,MYS,1998,26475.902,5857.967,21906712,580,-2.479
Malaysia,MYS,1999,25851.852,6070.956,22435532,580,-2.448
Malaysia,MYS,2000,25252.729,6455.6143,22967816,580,-2.41
Malaysia,MYS,2001,24653.012,6334.9277,23526538,580,-2.386
Malaysia,MYS,2002,24063.916,6516.9067,24102476,580,-2.373
Malaysia,MYS,2003,23501.19,6732.9204,24679602,580,-2.355
Malaysia,MYS,2004,22964.139,7025.3457,25256772,580,-2.341
Malaysia,MYS,2005,22449.234,7234.0244,25836072,580,-2.326
Malaysia,MYS,2006,21954.803,7469.8105,26417908,580,-2.292
Malaysia,MYS,2007,21482.764,7769.597,26998388,580,-2.244
Malaysia,MYS,2008,21037.314,7976.1177,27570060,580,-2.191
Malaysia,MYS,2009,20622.385,7700.461,28124778,580,-2.128
Malaysia,MYS,2010,20240.248,8118.923,28655776,580,-2.05
Malaysia,MYS,2011,19888.87,8400.322,29162040,580,-1.957
Malaysia,MYS,2012,19553.09,8710.526,29662832,580,-1.865
Malaysia,MYS,2013,19221.678,8964.808,30174264,580,-1.789
Malaysia,MYS,2014,18894.885,9341.73,30696136,580,-1.735
Malaysia,MYS,2015,18570.223,9648.68,31232798,580,-1.708
Malaysia,MYS,2016,18244.912,9901.4795,31789684,580,-1.711
Malaysia,MYS,2017,17925.775,10293.763,32355644,580,-1.723
Malaysia,MYS,2018,17623.305,10610.195,32910968,580,-1.721
Malaysia,MYS,2019,17344.19,10902.983,33440596,580,-1.698
Malaysia,MYS,2020,17114.416,10171.466,33889560,580,-1.62
Malaysia,MYS,2021,16918.303,10388.267,34282400,580,-1.498
Malaysia,MYS,2022,16716.87,11191.651,34695492,580,-1.387
Malaysia,MYS,2023,,11445.393,35126296,,
Malaysia,MYS,2024,,11883.791,35557670,,
Maldives,MDV,1990,133.47452,4582.261,224762,0.03,
Maldives,MDV,1991,129.42079,4507.195,231802,0.03,
Maldives,MDV,1992,125.76349,4671.9966,238543,0.03,
Maldives,MDV,1993,122.50698,4803.9097,244884,0.03,
Maldives,MDV,1994,119.606735,5053.6465,250822,0.03,
Maldives,MDV,1995,116.89116,5580.263,256649,0.03,-2.618
Maldives,MDV,1996,114.35236,5888.0723,262347,0.03,-2.445
Maldives,MDV,1997,112.06281,6254.759,267707,0.03,-2.28
Maldives,MDV,1998,110.001724,6599.8716,272723,0.03,-2.13
Maldives,MDV,1999,108.1424,6889.0127,277412,0.03,-1.995
Maldives,MDV,2000,106.37581,7037.0854,282019,0.03,-1.868
Maldives,MDV,2001,104.61455,6647.6504,286767,0.03,-1.764
Maldives,MDV,2002,102.875015,7012.256,291616,0.03,-1.696
Maldives,MDV,2003,101.18351,7845.293,296491,0.03,-1.657
Maldives,MDV,2004,99.531204,8174.416,301413,0.03,-1.646
Maldives,MDV,2005,97.90196,7141.884,306429,0.03,-1.647
Maldives,MDV,2006,95.58676,8620.729,313851,0.03,-1.789
Maldives,MDV,2007,92.45591,8933.172,324479,0.03,-2.113
Maldives,MDV,2008,89.24056,9396.497,336170,0.03,-2.481
Maldives,MDV,2009,86.138824,8313.41,348275,0.03,-2.849
Maldives,MDV,2010,83.150406,8569.525,360792,0.03,-3.214
Maldives,MDV,2011,80.28388,9005.813,373674,0.03,-3.429
Maldives,MDV,2012,77.555855,8907.661,386818,0.03,-3.454
Maldives,MDV,2013,74.98688,9213.328,400070,0.03,-3.421
Maldives,MDV,2014,72.53087,9612.079,413617,0.03,-3.381
Maldives,MDV,2015,70.068245,9644.906,428154,0.03,-3.366
Maldives,MDV,2016,67.67304,9909.077,443308,0.03,-3.36
Maldives,MDV,2017,65.46117,10263.299,458287,0.03,-3.334
Maldives,MDV,2018,63.411674,10793.895,473099,0.03,-3.298
Maldives,MDV,2019,61.509315,11194.926,487731,0.03,-3.243
Maldives,MDV,2020,59.746914,7295.602,502118,0.03,-3.137
Maldives,MDV,2021,58.12219,9759.222,516154,0.03,-2.997
Maldives,MDV,2022,57.24033,10939.996,524106,0.03,-2.648
Maldives,MDV,2023,,11439.536,525994,,
Maldives,MDV,2024,,11798.791,527799,,
Mali,MLI,1990,6536.781,589.7754,9178830,60,
Mali,MLI,1991,6408.2793,651.3631,9362888,60,
Mali,MLI,1992,6280.3945,606.06836,9553540,60,
Mali,MLI,1993,6150.8267,619.37445,9754786,60,
Mali,MLI,1994,6019.8467,640.081,9967031,60,
Mali,MLI,1995,5890.805,630.92444,10185365,60,-2.06
Mali,MLI,1996,5765.1963,656.77765,10407278,60,-2.093
Mali,MLI,1997,5635.6577,668.48035,10646495,60,-2.143
Mali,MLI,1998,5494.72,695.12634,10919573,60,-2.231
Mali,MLI,1999,5344.062,707.8818,11227415,60,-2.353
Mali,MLI,2000,5190.6304,682.49744,11559290,60,-2.499
Mali,MLI,2001,5036.8706,766.9603,11912158,60,-2.665
Mali,MLI,2002,4882.7925,766.07367,12288050,60,-2.827
Mali,MLI,2003,4730.0127,814.8085,12684955,60,-2.953
Mali,MLI,2004,4579.3105,800.50183,13102409,60,-3.042
Mali,MLI,2005,4431.7573,794.37335,13538647,60,-3.112
Mali,MLI,2006,4288.735,797.1005,13990139,60,-3.165
Mali,MLI,2007,4150.016,784.8939,14457775,60,-3.2
Mali,MLI,2008,4015.854,787.1565,14940782,60,-3.221
Mali,MLI,2009,3887.1335,803.48676,15435539,60,-3.224
Mali,MLI,2010,3762.8884,821.1813,15945198,60,-3.219
Mali,MLI,2011,3643.1975,818.39905,16469049,60,-3.21
Mali,MLI,2012,3538.3547,786.3235,16957032,60,-3.139
Mali,MLI,2013,3436.502,788.81946,17459616,60,-3.068
Mali,MLI,2014,3329.5845,813.97565,18020268,60,-3.049
Mali,MLI,2015,3227.017,838.1199,18593022,60,-3.026
Mali,MLI,2016,3126.4185,860.75305,19191288,60,-3.013
Mali,MLI,2017,3028.313,878.56134,19813012,60,-3.065
Mali,MLI,2018,2935.1292,892.97833,20442030,60,-3.105
Mali,MLI,2019,2847.8662,909.7511,21068404,60,-3.077
Mali,MLI,2020,2763.215,872.3894,21713836,60,-3.056
Mali,MLI,2021,2679.9316,872.3325,22388630,60,-3.035
Mali,MLI,2022,2600.4827,877.8179,23072640,60,-3
Mali,MLI,2023,,892.3609,23769128,,
Mali,MLI,2024,,909.7553,24478596,,
Malta,MLT,1990,142.5869,10067.752,354170,0.0505,
Malta,MLT,1991,138.79536,10413.18,363845,0.0505,
Malta,MLT,1992,137.37086,10789.767,367618,0.0505,
Malta,MLT,1993,136.00569,11161.197,371308,0.0505,
Malta,MLT,1994,134.73961,11682.157,374797,0.0505,
Malta,MLT,1995,133.80354,12336.791,377419,0.0505,-1.264
Malta,MLT,1996,132.92796,12719.016,379905,0.0505,-0.86
Malta,MLT,1997,131.92578,13286.717,382791,0.0505,-0.806
Malta,MLT,1998,131.07112,13877.254,385287,0.0505,-0.736
Malta,MLT,1999,130.29636,14446.356,387578,0.0505,-0.668
Malta,MLT,2000,129.4583,17178.377,390087,0.0505,-0.658
Malta,MLT,2001,128.48958,16920.73,393028,0.0505,-0.677
Malta,MLT,2002,127.53523,17255.43,395969,0.0505,-0.675
Malta,MLT,2003,126.69915,17775.426,398582,0.0505,-0.676
Malta,MLT,2004,125.85105,17728.365,401268,0.0505,-0.692
Malta,MLT,2005,125.051384,18123.268,403834,0.0505,-0.69
Malta,MLT,2006,124.5966,18479.213,405308,0.0505,-0.613
Malta,MLT,2007,124.16283,19342.326,406724,0.0505,-0.535
Malta,MLT,2008,123.357574,20064.46,409379,0.0505,-0.533
Malta,MLT,2009,122.43107,19635.916,412477,0.0505,-0.55
Malta,MLT,2010,121.831184,20750.648,414508,0.0505,-0.52
Malta,MLT,2011,121.31608,20867.932,416268,0.0505,-0.532
Malta,MLT,2012,120.23008,21529.398,420028,0.0505,-0.642
Malta,MLT,2013,118.87667,22626.498,424810,0.0505,-0.737
Malta,MLT,2014,116.498764,23866.066,433481,0.0505,-0.988
Malta,MLT,2015,113.68241,25529.682,444220,0.0505,-1.375
Malta,MLT,2016,111.109886,25969.512,454505,0.0505,-1.742
Malta,MLT,2017,108.1125,28546.66,467106,0.0505,-2.102
Malta,MLT,2018,104.35976,29536.805,483903,0.0505,-2.571
Malta,MLT,2019,100.21591,29522.662,503912,0.0505,-2.966
Malta,MLT,2020,97.96504,27861.82,515490,0.0505,-2.932
Malta,MLT,2021,97.46213,31436.35,518150,0.0505,-2.587
Malta,MLT,2022,95.08334,31430.62,531113,0.0505,-2.536
Malta,MLT,2023,,33408.2,552747,,
Malta,MLT,2024,,34670.082,568847,,
Marshall Islands,MHL,1990,,3148.0999,44629,,
Marshall Islands,MHL,1991,,3085.9353,45568,,
Marshall Islands,MHL,1992,,3247.8528,46388,,
Marshall Islands,MHL,1993,,3391.385,47093,,
Marshall Islands,MHL,1994,,3544.1357,47712,,
Marshall Islands,MHL,1995,,3791.205,48266,,
Marshall Islands,MHL,1996,,3365.1113,48775,,
Marshall Islands,MHL,1997,,3117.274,49259,,
Marshall Islands,MHL,1998,,3067.7373,49717,,
Marshall Islands,MHL,1999,,2997.5498,50202,,
Marshall Islands,MHL,2000,,3040.5967,50706,,
Marshall Islands,MHL,2001,,3224.7913,51123,,
Marshall Islands,MHL,2002,,3322.4114,51425,,
Marshall Islands,MHL,2003,,3256.9724,51639,,
Marshall Islands,MHL,2004,,3234.1526,51791,,
Marshall Islands,MHL,2005,,3284.784,51906,,
Marshall Islands,MHL,2006,,3285.1208,51992,,
Marshall Islands,MHL,2007,,3403.4785,52035,,
Marshall Islands,MHL,2008,,3146.2617,52030,,
Marshall Islands,MHL,2009,,3262.2695,52019,,
Marshall Islands,MHL,2010,,3441.3188,52044,,
Marshall Islands,MHL,2011,,3433.063,51907,,
Marshall Islands,MHL,2012,,3420.9146,51419,,
Marshall Islands,MHL,2013,,3602.9282,50681,,
Marshall Islands,MHL,2014,,3620.7727,49796,,
Marshall Islands,MHL,2015,,3764.3442,48800,,
Marshall Islands,MHL,2016,,3946.8445,47709,,
Marshall Islands,MHL,2017,,4190.9346,46529,,
Marshall Islands,MHL,2018,,4542.343,45285,,
Marshall Islands,MHL,2019,,5162.815,44007,,
Marshall Islands,MHL,2020,,5172.575,42706,,
Marshall Islands,MHL,2021,,5455.3164,41367,,
Marshall Islands,MHL,2022,,5591.4644,40077,,
Marshall Islands,MHL,2023,,5482.4453,38827,,
Marshall Islands,MHL,2024,,5811.0337,37548,,
Mauritania,MRT,1990,204.93085,1437.7505,1951878,0.4,
Mauritania,MRT,1991,199.03091,1421.326,2009738,0.4,
Mauritania,MRT,1992,191.5585,1393.6011,2088135,0.4,
Mauritania,MRT,1993,183.96489,1416.9673,2174328,0.4,
Mauritania,MRT,1994,177.82092,1327.723,2249454,0.4,
Mauritania,MRT,1995,173.00911,1418.6466,2312017,0.4,-3.33
Mauritania,MRT,1996,169.62177,1471.8033,2358188,0.4,-3.147
Mauritania,MRT,1997,165.88521,1381.1627,2411306,0.4,-2.837
Mauritania,MRT,1998,161.63896,1383.1923,2474651,0.4,-2.554
Mauritania,MRT,1999,157.3751,1396.1722,2541698,0.4,-2.413
Mauritania,MRT,2000,153.05492,1304.6444,2613441,0.4,-2.421
Mauritania,MRT,2001,149.32281,1262.6556,2678760,0.4,-2.517
Mauritania,MRT,2002,146.0571,1252.103,2738655,0.4,-2.514
Mauritania,MRT,2003,142.75284,1308.5631,2802046,0.4,-2.454
Mauritania,MRT,2004,139.43773,1338.6677,2868664,0.4,-2.391
Mauritania,MRT,2005,136.09798,1418.532,2939059,0.4,-2.321
Mauritania,MRT,2006,132.72897,1637.0419,3013660,0.4,-2.328
Mauritania,MRT,2007,129.32181,1563.6063,3093059,0.4,-2.404
Mauritania,MRT,2008,125.65699,1514.2655,3183269,0.4,-2.519
Mauritania,MRT,2009,121.786064,1469.0543,3284448,0.4,-2.671
Mauritania,MRT,2010,117.96052,1460.1918,3390965,0.4,-2.82
Mauritania,MRT,2011,114.194,1472.5525,3502811,0.4,-2.963
Mauritania,MRT,2012,110.52673,1488.9718,3619034,0.4,-3.092
Mauritania,MRT,2013,107.11461,1502.9014,3734318,0.4,-3.143
Mauritania,MRT,2014,103.93622,1520.6462,3848514,0.4,-3.12
Mauritania,MRT,2015,100.85833,1554.949,3965959,0.4,-3.084
Mauritania,MRT,2016,97.87952,1528.0515,4086657,0.4,-3.036
Mauritania,MRT,2017,94.99834,1576.0686,4210600,0.4,-2.983
Mauritania,MRT,2018,92.21509,1602.9022,4337685,0.4,-2.951
Mauritania,MRT,2019,89.531364,1605.1353,4467708,0.4,-2.94
Mauritania,MRT,2020,86.95405,1553.3062,4600131,0.4,-2.923
Mauritania,MRT,2021,84.479546,1520.3112,4734874,0.4,-2.902
Mauritania,MRT,2022,82.040565,1576.7562,4875637,0.4,-2.89
Mauritania,MRT,2023,,1634.8989,5022441,,
Mauritania,MRT,2024,,1688.6139,5169395,,
Mauritius,MUS,1990,2598.2856,3859.6445,1058775,2.751,
Mauritius,MUS,1991,2570.3892,3987.5596,1070266,2.751,
Mauritius,MUS,1992,2536.7908,4191.74,1084441,2.751,
Mauritius,MUS,1993,2506.8938,4352.855,1097374,2.751,
Mauritius,MUS,1994,2472.04,4469.874,1112846,2.751,
Mauritius,MUS,1995,2450.8733,4621.616,1122457,2.751,-1.161
Mauritius,MUS,1996,2425.9346,4830.21,1133996,2.751,-1.15
Mauritius,MUS,1997,2395.7488,5041.4067,1148284,2.751,-1.138
Mauritius,MUS,1998,2370.6914,5291.588,1160421,2.751,-1.111
Mauritius,MUS,1999,2340.7446,5361.1587,1175267,2.751,-1.086
Mauritius,MUS,2000,2317.8555,5744.198,1186873,2.751,-1.11
Mauritius,MUS,2001,2299.6155,5889.7715,1196287,2.751,-1.064
Mauritius,MUS,2002,2283.7058,5943.481,1204621,2.751,-0.953
Mauritius,MUS,2003,2267.2393,6250.2637,1213370,2.751,-0.888
Mauritius,MUS,2004,2253.0657,6480.1367,1221003,2.751,-0.761
Mauritius,MUS,2005,2239.7646,6556.388,1228254,2.751,-0.683
Mauritius,MUS,2006,2229.3428,6843.4,1233996,2.751,-0.619
Mauritius,MUS,2007,2219.2104,7202.4385,1239630,2.751,-0.571
Mauritius,MUS,2008,2211.1997,7563.0312,1244121,2.751,-0.499
Mauritius,MUS,2009,2205.336,7793.031,1247429,2.751,-0.427
Mauritius,MUS,2010,2200.096,8114.821,1250400,2.751,-0.357
Mauritius,MUS,2011,2196.5754,8432.191,1252404,2.751,-0.296
Mauritius,MUS,2012,2190.4924,8702.822,1255882,2.751,-0.26
Mauritius,MUS,2013,2185.1943,8973.516,1258927,2.751,-0.236
Mauritius,MUS,2014,2181.2422,9300.079,1261208,2.751,-0.219
Mauritius,MUS,2015,2178.356,9630.544,1262879,2.751,-0.198
Mauritius,MUS,2016,2176.8599,9995.65,1263747,2.751,-0.18
Mauritius,MUS,2017,2174.898,10379.914,1264887,2.751,-0.143
Mauritius,MUS,2018,2173.7122,10789.924,1265577,2.751,-0.105
Mauritius,MUS,2019,2173.0115,11098.313,1265985,2.751,-0.076
Mauritius,MUS,2020,2172.9617,9483.676,1266014,2.751,-0.05
Mauritius,MUS,2021,2172.4126,9804.003,1266334,2.751,-0.041
Mauritius,MUS,2022,2178.9702,10688.438,1262523,2.751,0.037
Mauritius,MUS,2023,,11348.434,1248647,,
Mauritius,MUS,2024,,11934.7705,1245779,,
Mexico,MEX,1990,4938.4106,8036.8613,82820170,409,
Mexico,MEX,1991,4844.217,8197.012,84430580,409,
Mexico,MEX,1992,4753.3374,8330.265,86044810,409,
Mexico,MEX,1993,4666.0835,8411.796,87653810,409,
Mexico,MEX,1994,4582.1606,8623.48,89259210,409,
Mexico,MEX,1995,4501.309,7970.6406,90862456,409,-1.836
Mexico,MEX,1996,4423.884,8320.653,92452700,409,-1.799
Mexico,MEX,1997,4350.0825,8770.845,94021210,409,-1.757
Mexico,MEX,1998,4279.3506,9161.8955,95575250,409,-1.715
Mexico,MEX,1999,4211.471,9264.978,97115704,409,-1.673
Mexico,MEX,2000,4146.9985,9581.97,98625550,409,-1.626
Mexico,MEX,2001,4085.951,9398.351,100099096,409,-1.577
Mexico,MEX,2002,4027.6272,9242.279,101548620,409,-1.529
Mexico,MEX,2003,3971.7021,9221.997,102978510,409,-1.481
Mexico,MEX,2004,3917.8447,9421.29,104394130,409,-1.435
Mexico,MEX,2005,3865.3643,9491.518,105811500,409,-1.397
Mexico,MEX,2006,3813.3894,9813.828,107253660,409,-1.371
Mexico,MEX,2007,3760.0774,9877.695,108774360,409,-1.365
Mexico,MEX,2008,3705.5732,9826.342,110374290,409,-1.378
Mexico,MEX,2009,3651.795,9074.119,111999720,409,-1.397
Mexico,MEX,2010,3599.595,9389.067,113623896,409,-1.415
Mexico,MEX,2011,3549.007,9575.935,115243500,409,-1.427
Mexico,MEX,2012,3501.1665,9782.518,116818210,409,-1.417
Mexico,MEX,2013,3456.039,9738.711,118343576,409,-1.385
Mexico,MEX,2014,3414.472,9862.481,119784264,409,-1.335
Mexico,MEX,2015,3378.1467,10021.238,121072300,409,-1.262
Mexico,MEX,2016,3345.5664,10100.502,122251350,409,-1.174
Mexico,MEX,2017,3314.423,10193.772,123400056,409,-1.09
Mexico,MEX,2018,3283.1968,10296.869,124573710,409,-1.021
Mexico,MEX,2019,3252.1494,10159.445,125762984,409,-0.969
Mexico,MEX,2020,3225.5762,9234.644,126799060,409,-0.92
Mexico,MEX,2021,3204.12,9728.057,127648140,409,-0.86
Mexico,MEX,2022,3180.08,10013.248,128613120,409,-0.824
Mexico,MEX,2023,,10259.177,129739760,,
Mexico,MEX,2024,,10316.461,130861010,,
"Micronesia, Fed. Sts.",FSM,1990,,2384.9446,100888,,
"Micronesia, Fed. Sts.",FSM,1991,,2515.5554,102754,,
"Micronesia, Fed. Sts.",FSM,1992,,2565.153,104806,,
"Micronesia, Fed. Sts.",FSM,1993,,2715.419,107066,,
"Micronesia, Fed. Sts.",FSM,1994,,2651.158,109075,,
"Micronesia, Fed. Sts.",FSM,1995,,2807.3948,110230,,
"Micronesia, Fed. Sts.",FSM,1996,,2701.8892,110710,,
"Micronesia, Fed. Sts.",FSM,1997,,2525.8367,111071,,
"Micronesia, Fed. Sts.",FSM,1998,,2590.3535,111377,,
"Micronesia, Fed. Sts.",FSM,1999,,2612.4858,111680,,
"Micronesia, Fed. Sts.",FSM,2000,,2724.4224,112044,,
"Micronesia, Fed. Sts.",FSM,2001,,2766.0862,112365,,
"Micronesia, Fed. Sts.",FSM,2002,,2776.2957,112448,,
"Micronesia, Fed. Sts.",FSM,2003,,2829.3364,112285,,
"Micronesia, Fed. Sts.",FSM,2004,,2747.88,111925,,
"Micronesia, Fed. Sts.",FSM,2005,,2824.415,111412,,
"Micronesia, Fed. Sts.",FSM,2006,,2836.182,110729,,
"Micronesia, Fed. Sts.",FSM,2007,,2808.8318,109880,,
"Micronesia, Fed. Sts.",FSM,2008,,2759.9773,108936,,
"Micronesia, Fed. Sts.",FSM,2009,,2815.5984,107957,,
"Micronesia, Fed. Sts.",FSM,2010,,2884.9172,107540,,
"Micronesia, Fed. Sts.",FSM,2011,,2989.6821,107698,,
"Micronesia, Fed. Sts.",FSM,2012,,2933.8,107890,,
"Micronesia, Fed. Sts.",FSM,2013,,2819.9033,108121,,
"Micronesia, Fed. Sts.",FSM,2014,,2740.0166,108396,,
"Micronesia, Fed. Sts.",FSM,2015,,2853.0764,108716,,
"Micronesia, Fed. Sts.",FSM,2016,,2870.4941,109075,,
"Micronesia, Fed. Sts.",FSM,2017,,2922.0725,109481,,
"Micronesia, Fed. Sts.",FSM,2018,,2910.6936,109909,,
"Micronesia, Fed. Sts.",FSM,2019,,3019.251,110282,,
"Micronesia, Fed. Sts.",FSM,2020,,2951.7712,110916,,
"Micronesia, Fed. Sts.",FSM,2021,,3023.9646,111624,,
"Micronesia, Fed. Sts.",FSM,2022,,2923.259,112114,,
"Micronesia, Fed. Sts.",FSM,2023,,2923.0518,112630,,
"Micronesia, Fed. Sts.",FSM,2024,,2930.2793,113160,,
"Middle East, North Africa, Afghanistan & Pakistan",MEA,1990,867.8495,3503.0093,383279040,332.6285,
"Middle East, North Africa, Afghanistan & Pakistan",MEA,1991,843.6959,3481.0432,394251650,332.6285,
"Middle East, North Africa, Afghanistan & Pakistan",MEA,1992,819.59033,3593.8086,405847260,332.6285,
"Middle East, North Africa, Afghanistan & Pakistan",MEA,1993,797.38275,3582.512,417150340,332.6285,
"Middle East, North Africa, Afghanistan & Pakistan",MEA,1994,776.9562,3598.4778,428117440,332.6285,
"Middle East, North Africa, Afghanistan & Pakistan",MEA,1995,757.74963,3622.081,438968860,332.6285,-2.677
"Middle East, North Africa, Afghanistan & Pakistan",MEA,1996,739.4055,3714.6462,449859400,332.6285,-2.604
"Middle East, North Africa, Afghanistan & Pakistan",MEA,1997,721.7497,3775.7751,460864060,332.6285,-2.51
"Middle East, North Africa, Afghanistan & Pakistan",MEA,1998,704.6512,3840.0063,472047040,332.6285,-2.442
"Middle East, North Africa, Afghanistan & Pakistan",MEA,1999,688.05853,3854.1296,483430500,332.6285,-2.401
"Middle East, North Africa, Afghanistan & Pakistan",MEA,2000,672.18005,4004.8489,494850300,332.6285,-2.368
"Middle East, North Africa, Afghanistan & Pakistan",MEA,2001,656.74786,3989.7046,506478270,332.6285,-2.343
"Middle East, North Africa, Afghanistan & Pakistan",MEA,2002,641.9007,3980.861,518193100,332.6285,-2.318
"Middle East, North Africa, Afghanistan & Pakistan",MEA,2003,627.19977,4072.4912,530338980,332.6285,-2.302
"Middle East, North Africa, Afghanistan & Pakistan",MEA,2004,612.4779,4292.694,543086500,332.6285,-2.3
"Middle East, North Africa, Afghanistan & Pakistan",MEA,2005,598.0266,4413.0674,556210240,332.6285,-2.311
"Middle East, North Africa, Afghanistan & Pakistan",MEA,2006,583.6627,4564.9844,569898500,332.6285,-2.332
"Middle East, North Africa, Afghanistan & Pakistan",MEA,2007,569.8193,4689.9316,583743800,332.6285,-2.354
"Middle East, North Africa, Afghanistan & Pakistan",MEA,2008,556.4219,4780.094,597799100,332.6285,-2.366
"Middle East, North Africa, Afghanistan & Pakistan",MEA,2009,543.39655,4720.399,612128500,332.6285,-2.365
"Middle East, North Africa, Afghanistan & Pakistan",MEA,2010,532.35156,4846.8735,624828700,332.6285,-2.3
"Middle East, North Africa, Afghanistan & Pakistan",MEA,2011,520.5015,4921.0674,639053900,332.6285,-2.265
"Middle East, North Africa, Afghanistan & Pakistan",MEA,2012,509.17194,5018.4585,653273500,332.6285,-2.226
"Middle East, North Africa, Afghanistan & Pakistan",MEA,2013,498.3467,5030.4897,667464000,332.6285,-2.18
"Middle East, North Africa, Afghanistan & Pakistan",MEA,2014,488.64462,5086.551,680716600,332.6285,-2.102
"Middle East, North Africa, Afghanistan & Pakistan",MEA,2015,479.13095,5125.6807,694232960,332.6285,-2.085
"Middle East, North Africa, Afghanistan & Pakistan",MEA,2016,470.46313,5259.3594,707023550,332.6285,-2.001
"Middle East, North Africa, Afghanistan & Pakistan",MEA,2017,462.6988,5279.97,718887740,332.6285,-1.896
"Middle East, North Africa, Afghanistan & Pakistan",MEA,2018,455.4294,5321.7437,730362300,332.6285,-1.785
"Middle East, North Africa, Afghanistan & Pakistan",MEA,2019,447.85516,5316.5176,742714430,332.6285,-1.728
"Middle East, North Africa, Afghanistan & Pakistan",MEA,2020,439.74905,5033.142,756405300,332.6285,-1.701
"Middle East, North Africa, Afghanistan & Pakistan",MEA,2021,433.3479,5209.673,767578430,332.6285,-1.63
"Middle East, North Africa, Afghanistan & Pakistan",MEA,2022,431.21753,5440.8154,782349400,,-1.399
"Middle East, North Africa, Afghanistan & Pakistan",MEA,2023,,5455.974,797801500,,
"Middle East, North Africa, Afghanistan & Pakistan",MEA,2024,,5466.089,813146100,,
"Middle East, North Africa, Afghanistan & Pakistan (IDA & IBRD)",TMN,1990,910.00836,2053.9753,359343940,327.006,
"Middle East, North Africa, Afghanistan & Pakistan (IDA & IBRD)",TMN,1991,884.8958,2021.521,369541820,327.006,
"Middle East, North Africa, Afghanistan & Pakistan (IDA & IBRD)",TMN,1992,860.92194,2064.4004,379832350,327.006,
"Middle East, North Africa, Afghanistan & Pakistan (IDA & IBRD)",TMN,1993,838.24304,2040.9528,390108800,327.006,
"Middle East, North Africa, Afghanistan & Pakistan (IDA & IBRD)",TMN,1994,817.29205,2035.9113,400109100,327.006,
"Middle East, North Africa, Afghanistan & Pakistan (IDA & IBRD)",TMN,1995,797.62885,2045.2231,409972600,327.006,-2.602
"Middle East, North Africa, Afghanistan & Pakistan (IDA & IBRD)",TMN,1996,778.992,2117.105,419780930,327.006,-2.517
"Middle East, North Africa, Afghanistan & Pakistan (IDA & IBRD)",TMN,1997,761.13684,2138.7312,429628380,327.006,-2.434
"Middle East, North Africa, Afghanistan & Pakistan (IDA & IBRD)",TMN,1998,743.70355,2201.719,439699400,327.006,-2.365
"Middle East, North Africa, Afghanistan & Pakistan (IDA & IBRD)",TMN,1999,726.76886,2241.6033,449945000,327.006,-2.32
"Middle East, North Africa, Afghanistan & Pakistan (IDA & IBRD)",TMN,2000,710.7924,2320.8054,460058370,327.006,-2.279
"Middle East, North Africa, Afghanistan & Pakistan (IDA & IBRD)",TMN,2001,695.4232,2336.8628,470225900,327.006,-2.244
"Middle East, North Africa, Afghanistan & Pakistan (IDA & IBRD)",TMN,2002,680.60297,2362.1475,480465150,327.006,-2.212
"Middle East, North Africa, Afghanistan & Pakistan (IDA & IBRD)",TMN,2003,665.8188,2374.2825,491133630,327.006,-2.188
"Middle East, North Africa, Afghanistan & Pakistan (IDA & IBRD)",TMN,2004,650.91113,2498.0483,502381950,327.006,-2.181
"Middle East, North Africa, Afghanistan & Pakistan (IDA & IBRD)",TMN,2005,636.297,2561.8901,513920400,327.006,-2.19
"Middle East, North Africa, Afghanistan & Pakistan (IDA & IBRD)",TMN,2006,621.97754,2640.54,525752130,327.006,-2.208
"Middle East, North Africa, Afghanistan & Pakistan (IDA & IBRD)",TMN,2007,608.5603,2734.2056,537343600,327.006,-2.213
"Middle East, North Africa, Afghanistan & Pakistan (IDA & IBRD)",TMN,2008,595.5417,2767.7322,549090050,327.006,-2.206
"Middle East, North Africa, Afghanistan & Pakistan (IDA & IBRD)",TMN,2009,582.5358,2782.934,561349100,327.006,-2.195
"Middle East, North Africa, Afghanistan & Pakistan (IDA & IBRD)",TMN,2010,570.08435,2854.8293,573609860,327.006,-2.174
"Middle East, North Africa, Afghanistan & Pakistan (IDA & IBRD)",TMN,2011,558.2565,2783.2107,585763100,327.006,-2.139
"Middle East, North Africa, Afghanistan & Pakistan (IDA & IBRD)",TMN,2012,547.2107,2824.6382,597587000,327.006,-2.103
"Middle East, North Africa, Afghanistan & Pakistan (IDA & IBRD)",TMN,2013,536.8899,2801.576,609074560,327.006,-2.052
"Middle East, North Africa, Afghanistan & Pakistan (IDA & IBRD)",TMN,2014,527.0969,2816.9402,620390660,327.006,-1.98
"Middle East, North Africa, Afghanistan & Pakistan (IDA & IBRD)",TMN,2015,518.16675,2799.4543,631082600,327.006,-1.892
"Middle East, North Africa, Afghanistan & Pakistan (IDA & IBRD)",TMN,2016,509.77533,2906.7207,641470850,327.006,-1.801
"Middle East, North Africa, Afghanistan & Pakistan (IDA & IBRD)",TMN,2017,501.30243,2956.161,652312800,327.006,-1.737
"Middle East, North Africa, Afghanistan & Pakistan (IDA & IBRD)",TMN,2018,492.56915,2965.867,663878340,327.006,-1.708
"Middle East, North Africa, Afghanistan & Pakistan (IDA & IBRD)",TMN,2019,483.87576,2954.095,675805700,327.006,-1.697
"Middle East, North Africa, Afghanistan & Pakistan (IDA & IBRD)",TMN,2020,475.48688,2828.3945,687728800,327.006,-1.704
"Middle East, North Africa, Afghanistan & Pakistan (IDA & IBRD)",TMN,2021,467.46124,2900.5796,699536060,327.006,-1.718
"Middle East, North Africa, Afghanistan & Pakistan (IDA & IBRD)",TMN,2022,459.6234,2975.4797,711465000,,-1.721
"Middle East, North Africa, Afghanistan & Pakistan (IDA & IBRD)",TMN,2023,,3009.3413,723911700,,
"Middle East, North Africa, Afghanistan & Pakistan (IDA & IBRD)",TMN,2024,,3029.883,736401800,,
"Middle East, North Africa, Afghanistan & Pakistan (excluding high income)",MNA,1990,907.2733,2055.403,361322200,327.818,
"Middle East, North Africa, Afghanistan & Pakistan (excluding high income)",MNA,1991,882.1545,2022.7388,371610660,327.818,
"Middle East, North Africa, Afghanistan & Pakistan (excluding high income)",MNA,1992,858.17145,2065.443,381995940,327.818,
"Middle East, North Africa, Afghanistan & Pakistan (excluding high income)",MNA,1993,835.47864,2041.7727,392371500,327.818,
"Middle East, North Africa, Afghanistan & Pakistan (excluding high income)",MNA,1994,814.50446,2036.4983,402475400,327.818,
"Middle East, North Africa, Afghanistan & Pakistan (excluding high income)",MNA,1995,794.8119,2046.0813,412447300,327.818,-2.612
"Middle East, North Africa, Afghanistan & Pakistan (excluding high income)",MNA,1996,776.14136,2117.105,422368930,327.818,-2.528
"Middle East, North Africa, Afghanistan & Pakistan (excluding high income)",MNA,1997,758.2501,2139.8855,432334900,327.818,-2.445
"Middle East, North Africa, Afghanistan & Pakistan (excluding high income)",MNA,1998,740.8719,2204.1587,442475970,327.818,-2.375
"Middle East, North Africa, Afghanistan & Pakistan (excluding high income)",MNA,1999,723.99023,2244.7068,452793400,327.818,-2.329
"Middle East, North Africa, Afghanistan & Pakistan (excluding high income)",MNA,2000,708.06,2321.529,462980500,327.818,-2.285
"Middle East, North Africa, Afghanistan & Pakistan (excluding high income)",MNA,2001,692.73376,2335.695,473223650,327.818,-2.248
"Middle East, North Africa, Afghanistan & Pakistan (excluding high income)",MNA,2002,677.95355,2358.7988,483540500,327.818,-2.214
"Middle East, North Africa, Afghanistan & Pakistan (excluding high income)",MNA,2003,663.21173,2372.1523,494288600,327.818,-2.19
"Middle East, North Africa, Afghanistan & Pakistan (excluding high income)",MNA,2004,648.3504,2497.5847,505618600,327.818,-2.183
"Middle East, North Africa, Afghanistan & Pakistan (excluding high income)",MNA,2005,633.7822,2562.3376,517240770,327.818,-2.192
"Middle East, North Africa, Afghanistan & Pakistan (excluding high income)",MNA,2006,619.5082,2639.8892,529158460,327.818,-2.21
"Middle East, North Africa, Afghanistan & Pakistan (excluding high income)",MNA,2007,606.12964,2733.1384,540838100,327.818,-2.215
"Middle East, North Africa, Afghanistan & Pakistan (excluding high income)",MNA,2008,593.1404,2767.1956,552682000,327.818,-2.209
"Middle East, North Africa, Afghanistan & Pakistan (excluding high income)",MNA,2009,580.16956,2783.3027,565038300,327.818,-2.198
"Middle East, North Africa, Afghanistan & Pakistan (excluding high income)",MNA,2010,567.75244,2855.299,577396030,327.818,-2.176
"Middle East, North Africa, Afghanistan & Pakistan (excluding high income)",MNA,2011,555.9573,2785.4805,589646000,327.818,-2.141
"Middle East, North Africa, Afghanistan & Pakistan (excluding high income)",MNA,2012,544.9401,2827.3716,601567000,327.818,-2.106
"Middle East, North Africa, Afghanistan & Pakistan (excluding high income)",MNA,2013,534.64453,2804.9539,613151300,327.818,-2.055
"Middle East, North Africa, Afghanistan & Pakistan (excluding high income)",MNA,2014,524.8749,2819.686,624564030,327.818,-1.983
"Middle East, North Africa, Afghanistan & Pakistan (excluding high income)",MNA,2015,515.9622,2802.6313,635352700,327.818,-1.895
"Middle East, North Africa, Afghanistan & Pakistan (excluding high income)",MNA,2016,507.58557,2910.6182,645837900,327.818,-1.804
"Middle East, North Africa, Afghanistan & Pakistan (excluding high income)",MNA,2017,499.1385,2959.5986,656767600,327.818,-1.741
"Middle East, North Africa, Afghanistan & Pakistan (excluding high income)",MNA,2018,490.41702,2968.956,668447400,327.818,-1.712
"Middle East, North Africa, Afghanistan & Pakistan (excluding high income)",MNA,2019,481.73746,2957.0166,680491000,327.818,-1.701
"Middle East, North Africa, Afghanistan & Pakistan (excluding high income)",MNA,2020,473.3615,2829.047,692532030,327.818,-1.709
"Middle East, North Africa, Afghanistan & Pakistan (excluding high income)",MNA,2021,465.3473,2901.634,704458800,327.818,-1.723
"Middle East, North Africa, Afghanistan & Pakistan (excluding high income)",MNA,2022,459.6234,2976.356,716508700,,-1.636
"Middle East, North Africa, Afghanistan & Pakistan (excluding high income)",MNA,2023,,3008.487,729077440,,
"Middle East, North Africa, Afghanistan & Pakistan (excluding high income)",MNA,2024,,3023.0527,741690940,,
Middle income,MIC,1990,6678.6265,1702.2833,3804281600,24409.531,
Middle income,MIC,1991,6550.2173,1718.9603,3876917800,24409.531,
Middle income,MIC,1992,6301.9985,1761.7378,3947406800,24808.74,
Middle income,MIC,1993,6193.215,1820.0137,4016605000,24808.74,
Middle income,MIC,1994,6085.6685,1883.1284,4085142500,24794.74,
Middle income,MIC,1995,5985.24,1937.6958,4153549000,24794.74,-2.168
Middle income,MIC,1996,5887.806,2026.0098,4221979100,24793.842,-2.11
Middle income,MIC,1997,5793.9146,2106.6335,4290382800,24794.74,-1.667
Middle income,MIC,1998,5702.9976,2142.2424,4358459000,24794.74,-1.636
Middle income,MIC,1999,5616.3906,2188.2676,4425270000,24794.74,-1.592
Middle income,MIC,2000,5533.166,2277.2717,4491582000,24794.74,-1.558
Middle income,MIC,2001,5453.2275,2326.3557,4557282000,24794.74,-1.522
Middle income,MIC,2002,5378.0044,2404.2925,4620891000,24794.74,-1.479
Middle income,MIC,2003,5305.841,2513.076,4683580000,24794.74,-1.433
Middle income,MIC,2004,5234.281,2671.0684,4746878000,24791.74,-1.399
Middle income,MIC,2005,5165.6597,2831.0522,4809774000,24791.74,-1.365
Middle income,MIC,2006,5093.3516,3026.1292,4872116000,24800.148,-1.356
Middle income,MIC,2007,5029.7236,3254.2998,4933710300,24800.148,-1.33
Middle income,MIC,2008,4966.5933,3404.987,4996382000,24800.148,-1.313
Middle income,MIC,2009,4904.294,3497.7412,5059812000,24800.148,-1.294
Middle income,MIC,2010,4843.0654,3737.1736,5123741700,24800.148,-1.281
Middle income,MIC,2011,4782.5283,3929.3596,5188568600,24800.148,-1.251
Middle income,MIC,2012,4721.607,4098.8643,5255495000,24800.148,-1.256
Middle income,MIC,2013,4662.3184,4276.842,5322303500,24800.148,-1.256
Middle income,MIC,2014,4604.811,4444.3096,5388731400,24800.148,-1.252
Middle income,MIC,2015,4550.5625,4602.5166,5452914700,24800.148,-1.238
Middle income,MIC,2016,4498.514,4768.025,5515962400,24800.148,-1.217
Middle income,MIC,2017,4447.6064,4967.6733,5579081000,24800.148,-1.189
Middle income,MIC,2018,4399.4424,5160.564,5640136700,24800.148,-1.154
Middle income,MIC,2019,4354.2935,5320.739,5698582000,24800.148,-1.113
Middle income,MIC,2020,4312.885,5211.081,5753271000,24800.148,-1.067
Middle income,MIC,2021,4276.459,5552.6416,5802247000,24800.148,-1.007
Middle income,MIC,2022,4247.6133,5731.474,5846464500,,-0.916
Middle income,MIC,2023,,5965.6587,5891100700,,
Middle income,MIC,2024,,6177.023,5938894000,,
Moldova,MDA,1990,,3740.1016,2977912,,
Moldova,MDA,1991,,3137.835,2981566,,
Moldova,MDA,1992,543.4482,2225.1736,2980965,1.62,
Moldova,MDA,1993,544.3611,2202.1646,2975966,1.62,
Moldova,MDA,1994,546.053,1526.4253,2966745,1.62,
Moldova,MDA,1995,548.5575,1511.9584,2953200,1.62,
Moldova,MDA,1996,244.29196,1425.9518,2947293,0.72,
Moldova,MDA,1997,551.6935,1454.8086,2936413,1.62,0.302
Moldova,MDA,1998,551.91644,1360.1816,2935227,1.62,0.276
Moldova,MDA,1999,552.7837,1316.4325,2930622,1.62,0.245
Moldova,MDA,2000,553.909,1346.9156,2924668,1.62,0.194
Moldova,MDA,2001,555.1491,1432.2769,2918135,1.62,17.842
Moldova,MDA,2002,556.4362,1547.5742,2911385,1.62,0.171
Moldova,MDA,2003,558.0054,1654.3663,2903198,1.62,0.22
Moldova,MDA,2004,559.3878,1781.1914,2896023,1.62,0.238
Moldova,MDA,2005,560.75055,1919.4456,2888985,1.62,0.246
Moldova,MDA,2006,562.3112,2017.1772,2880967,1.62,0.257
Moldova,MDA,2007,563.61566,2082.5127,2874299,1.62,0.257
Moldova,MDA,2008,564.6895,2249.2258,2868833,1.62,0.238
Moldova,MDA,2009,565.403,2116.9436,2865213,1.62,0.214
Moldova,MDA,2010,565.9677,2269.5112,2862354,1.62,0.185
Moldova,MDA,2011,566.29517,2402.9446,2860699,1.62,0.141
Moldova,MDA,2012,566.3694,2389.0867,2860324,1.62,0.098
Moldova,MDA,2013,566.5211,2605.8503,2859558,1.62,0.065
Moldova,MDA,2014,566.86664,2737.8018,2857815,1.62,0.052
Moldova,MDA,2015,571.2315,2749.5513,2835978,1.62,0.185
Moldova,MDA,2016,577.9138,2910.9548,2803186,1.62,0.407
Moldova,MDA,2017,587.98145,3085.333,2755189,1.62,0.752
Moldova,MDA,2018,598.40356,3267.996,2707203,1.62,1.101
Moldova,MDA,2019,608.057,3438.6772,2664224,1.62,1.413
Moldova,MDA,2020,614.77045,3188.917,2635130,1.62,1.48
Moldova,MDA,2021,624.0829,3688.1672,2595809,1.62,1.549
Moldova,MDA,2022,640.65704,3611.9548,2528654,1.62,1.731
Moldova,MDA,2023,,3760.7,2457783,,
Moldova,MDA,2024,,3851.512,2402306,,
Monaco,MCO,1990,,105878.375,30358,,
Monaco,MCO,1991,,106020.72,30625,,
Monaco,MCO,1992,,106558.02,30887,,
Monaco,MCO,1993,,104739.8,31136,,
Monaco,MCO,1994,,106244.9,31375,,
Monaco,MCO,1995,,107691.086,31609,,
Monaco,MCO,1996,,108107.45,31837,,
Monaco,MCO,1997,,109747.03,32063,,
Monaco,MCO,1998,,112873.6,32267,,
Monaco,MCO,1999,,116084.58,32410,,
Monaco,MCO,2000,,120456.51,32455,,
Monaco,MCO,2001,,123122.125,32447,,
Monaco,MCO,2002,,124481.88,32422,,
Monaco,MCO,2003,,126022.24,32374,,
Monaco,MCO,2004,,129403.41,32307,,
Monaco,MCO,2005,,132253.22,32210,,
Monaco,MCO,2006,,140615.17,32057,,
Monaco,MCO,2007,,162028.48,31837,,
Monaco,MCO,2008,,163243.75,31836,,
Monaco,MCO,2009,,142375.53,32364,,
Monaco,MCO,2010,,141814.78,33163,,
Monaco,MCO,2011,,148272.72,33946,,
Monaco,MCO,2012,,146472.67,34711,,
Monaco,MCO,2013,,157167.97,35447,,
Monaco,MCO,2014,,165288.2,36128,,
Monaco,MCO,2015,,170437.1,36757,,
Monaco,MCO,2016,,173120.19,37276,,
Monaco,MCO,2017,,165781.78,37678,,
Monaco,MCO,2018,,173041.77,38154,,
Monaco,MCO,2019,,185582.75,38109,,
Monaco,MCO,2020,,161262.92,38050,,
Monaco,MCO,2021,,194674.78,38527,,
Monaco,MCO,2022,,214359.61,38931,,
Monaco,MCO,2023,,225884.19,38956,,
Monaco,MCO,2024,,247170.22,38631,,
Mongolia,MNG,1990,16581.615,1823.4563,2098710,34.8,
Mongolia,MNG,1991,16071.364,1613.6998,2165342,34.8,
Mongolia,MNG,1992,16053.216,1462.6747,2167790,34.8,
Mongolia,MNG,1993,16072.9375,1418.0656,2165130,34.8,
Mongolia,MNG,1994,15894.802,1432.2808,2189395,34.8,
Mongolia,MNG,1995,15640.836,1499.2649,2224945,34.8,-1.161
Mongolia,MNG,1996,15401.59,1509.3292,2259507,34.8,-0.848
Mongolia,MNG,1997,15184.902,1546.0809,2291750,34.8,-1.106
Mongolia,MNG,1998,14975.413,1575.6771,2323809,34.8,-1.405
Mongolia,MNG,1999,14765.703,1601.3136,2356813,34.8,-1.463
Mongolia,MNG,2000,14571.04,1598.3129,2388299,34.8,-1.407
Mongolia,MNG,2001,14393.542,1625.4615,2417751,34.8,-1.345
Mongolia,MNG,2002,14209.725,1680.6533,2449027,34.8,-1.319
Mongolia,MNG,2003,14030.143,1775.649,2480374,34.8,-1.296
Mongolia,MNG,2004,13873.319,1942.3627,2508412,34.8,-1.239
Mongolia,MNG,2005,13720.195,2060.2617,2536407,34.8,-1.196
Mongolia,MNG,2006,13555.794,2209.7432,2567168,34.8,-1.192
Mongolia,MNG,2007,13375.099,2403.724,2601850,34.8,-1.203
Mongolia,MNG,2008,13165.8545,2576.713,2643201,34.8,-1.264
Mongolia,MNG,2009,12931.443,2498.7297,2691115,34.8,-1.396
Mongolia,MNG,2010,12707.12,2611.6733,2738622,34.8,-1.522
Mongolia,MNG,2011,12489.605,3010.8164,2786317,34.8,-1.625
Mongolia,MNG,2012,12254.794,3318.165,2839705,34.8,-1.734
Mongolia,MNG,2013,12004.094,3628.907,2899011,34.8,-1.831
Mongolia,MNG,2014,11744.405,3830.359,2963113,34.8,-1.907
Mongolia,MNG,2015,11497.048,3838.9214,3026864,34.8,-1.982
Mongolia,MNG,2016,11266.307,3817.9197,3088856,34.8,-2.04
Mongolia,MNG,2017,11051.419,3956.2048,3148917,34.8,-2.046
Mongolia,MNG,2018,10847.241,4183.8555,3208189,34.8,-2.006
Mongolia,MNG,2019,10649.78,4337.817,3267673,34.8,-1.938
Mongolia,MNG,2020,10459.232,4066.0342,3327204,34.8,-1.874
Mongolia,MNG,2021,10284.475,4063.5366,3383741,34.8,-1.807
Mongolia,MNG,2022,10134.698,4205.8857,3433748,34.8,-1.717
Mongolia,MNG,2023,,4456.536,3481145,,
Mongolia,MNG,2024,,4626.796,3524788,,
Montenegro,MNE,1990,,,606372,,
Montenegro,MNE,1991,,,607105,,
Montenegro,MNE,1992,,,608516,,
Montenegro,MNE,1993,,,610170,,
Montenegro,MNE,1994,,,611389,,
Montenegro,MNE,1995,,,611712,,
Montenegro,MNE,1996,,,611003,,
Montenegro,MNE,1997,,4448.0444,609520,,
Montenegro,MNE,1998,,4680.266,607662,,
Montenegro,MNE,1999,,4251.9434,606001,,
Montenegro,MNE,2000,,4391.3696,604950,,
Montenegro,MNE,2001,,4421.84,607389,,
Montenegro,MNE,2002,,4488.0073,609828,,
Montenegro,MNE,2003,,4581.107,612267,,
Montenegro,MNE,2004,,4775.399,613353,,
Montenegro,MNE,2005,,4967.685,614261,,
Montenegro,MNE,2006,,5386.5386,615025,,
Montenegro,MNE,2007,,5763.0405,615875,,
Montenegro,MNE,2008,,6149.6855,616969,,
Montenegro,MNE,2009,,5768.657,618294,,
Montenegro,MNE,2010,,5917.918,619428,,
Montenegro,MNE,2011,,6110.66,620345,,
Montenegro,MNE,2012,,5948.379,621418,,
Montenegro,MNE,2013,,6138.2515,622587,,
Montenegro,MNE,2014,,6272.0913,623744,,
Montenegro,MNE,2015,,6421.003,624651,,
Montenegro,MNE,2016,,6634.3853,625353,,
Montenegro,MNE,2017,,6840.9116,625982,,
Montenegro,MNE,2018,,7159.471,626438,,
Montenegro,MNE,2019,,7470.296,626753,,
Montenegro,MNE,2020,,6351.955,626590,,
Montenegro,MNE,2021,,7198.3047,625053,,
Montenegro,MNE,2022,,7773.603,623591,,
Montenegro,MNE,2023,,8278.028,623529,,
Montenegro,MNE,2024,,8540.008,623525,,
Morocco,MAR,1990,1189.7167,1695.6365,24375552,29,
Morocco,MAR,1991,1169.4014,1786.7628,24799014,29,
Morocco,MAR,1992,1150.2246,1720.4225,25212468,29,
Morocco,MAR,1993,1132.1675,1680.7104,25614586,29,
Morocco,MAR,1994,1115.3494,1830.8806,26000822,29,
Morocco,MAR,1995,1098.5087,1705.4482,26399428,29,-1.583
Morocco,MAR,1996,1081.7623,1886.6722,26808108,29,-1.546
Morocco,MAR,1997,1065.6539,1828.9686,27213336,29,-1.516
Morocco,MAR,1998,1049.9011,1931.7405,27621648,29,-1.497
Morocco,MAR,1999,1034.71,1935.4788,28027180,29,-1.49
Morocco,MAR,2000,1020.28485,1957.1414,28423436,29,-1.467
Morocco,MAR,2001,1006.43274,2078.966,28814644,29,-1.433
Morocco,MAR,2002,993.21387,2127.507,29198142,29,-1.398
Morocco,MAR,2003,980.67676,2229.5762,29571416,29,-1.355
Morocco,MAR,2004,968.1829,2301.0818,29953018,29,-1.32
Morocco,MAR,2005,955.26263,2342.1548,30358144,29,-1.308
Morocco,MAR,2006,942.44037,2489.993,30771178,29,-1.305
Morocco,MAR,2007,929.8905,2540.6152,31186468,29,-1.309
Morocco,MAR,2008,917.525,2648.5857,31606768,29,-1.322
Morocco,MAR,2009,905.3792,2710.6665,32030778,29,-1.332
Morocco,MAR,2010,893.21423,2767.0422,32467016,29,-1.334
Morocco,MAR,2011,881.1218,2879.5393,32912588,29,-1.337
Morocco,MAR,2012,869.4286,2927.4504,33355240,29,-1.336
Morocco,MAR,2013,858.3038,3008.1855,33787572,29,-1.326
Morocco,MAR,2014,847.8347,3051.459,34204780,29,-1.305
Morocco,MAR,2015,837.9665,3146.2478,34607588,29,-1.269
Morocco,MAR,2016,828.0165,3124.425,35023456,29,-1.236
Morocco,MAR,2017,818.13684,3242.6443,35446390,29,-1.209
Morocco,MAR,2018,809.1572,3304.712,35839760,29,-1.172
Morocco,MAR,2019,800.8639,3364.7395,36210896,29,-1.133
Morocco,MAR,2020,792.6918,3090.8943,36584210,29,-1.105
Morocco,MAR,2021,784.75006,3309.1309,36954440,29,-1.068
Morocco,MAR,2022,776.8746,3334.9116,37329064,29,-1.03
Morocco,MAR,2023,,3421.217,37712504,,
Morocco,MAR,2024,,3516.154,38081172,,
Mozambique,MOZ,1990,7659.6826,221.04898,13094537,100.3,
Mozambique,MOZ,1991,7511.9326,227.46274,13352090,100.3,
Mozambique,MOZ,1992,7367.786,206.19461,13613316,100.3,
Mozambique,MOZ,1993,7138.1846,221.62457,14051192,100.3,
Mozambique,MOZ,1994,6671.61,220.47858,15033853,100.3,
Mozambique,MOZ,1995,6284.2524,212.08624,15960530,100.3,-3.881
Mozambique,MOZ,1996,6081.5596,227.19849,16492480,100.3,-4.137
Mozambique,MOZ,1997,5917.4106,247.18495,16949982,100.3,-4.29
Mozambique,MOZ,1998,5784.159,266.6727,17340464,100.3,-4.119
Mozambique,MOZ,1999,5655.641,291.56003,17734506,100.3,-3.25
Mozambique,MOZ,2000,5532.373,287.39062,18129652,100.3,-2.516
Mozambique,MOZ,2001,5410.5874,317.1857,18537728,100.3,-2.311
Mozambique,MOZ,2002,5290.5483,340.13538,18958338,100.3,-2.215
Mozambique,MOZ,2003,5172.1094,356.52115,19392476,100.3,-2.212
Mozambique,MOZ,2004,5055.364,377.06497,19840312,100.3,-2.219
Mozambique,MOZ,2005,4939.775,391.69977,20304568,100.3,-2.24
Mozambique,MOZ,2006,4825.111,420.52646,20787088,100.3,-2.264
Mozambique,MOZ,2007,4711.6553,442.04956,21287636,100.3,-2.291
Mozambique,MOZ,2008,4596.9033,460.9473,21819036,100.3,-2.33
Mozambique,MOZ,2009,4479.329,475.78818,22391744,100.3,-2.39
Mozambique,MOZ,2010,4361.0146,494.16287,22999236,100.3,-2.461
Mozambique,MOZ,2011,4241.187,514.86993,23649040,100.3,-2.547
Mozambique,MOZ,2012,4121.1533,540.2945,24337846,100.3,-2.643
Mozambique,MOZ,2013,4003.7346,559.394,25051612,100.3,-2.725
Mozambique,MOZ,2014,3889.3342,585.2667,25788476,100.3,-2.785
Mozambique,MOZ,2015,3778.1233,610.5638,26547572,100.3,-2.829
Mozambique,MOZ,2016,3669.0059,620.7797,27337104,100.3,-2.857
Mozambique,MOZ,2017,3560.9814,618.3977,28166392,100.3,-2.88
Mozambique,MOZ,2018,3456.3987,621.15375,29018644,100.3,-2.897
Mozambique,MOZ,2019,3356.2683,617.13934,29884380,100.3,-2.905
Mozambique,MOZ,2020,3258.219,591.8041,30783688,100.3,-2.918
Mozambique,MOZ,2021,3163.2595,588.2159,31707800,100.3,-2.923
Mozambique,MOZ,2022,3071.388,596.0589,32656246,100.3,-2.915
Mozambique,MOZ,2023,,610.4333,33635160,,
Mozambique,MOZ,2024,,605.60474,34631770,,
Myanmar,MMR,1990,25185.064,170.23344,39817252,1002.8,
Myanmar,MMR,1991,24825.375,166.71043,40394150,1002.8,
Myanmar,MMR,1992,24488.195,180.33322,40950344,1002.8,
Myanmar,MMR,1993,24162.441,188.68053,41502428,1002.8,
Myanmar,MMR,1994,23844.885,200.12479,42055144,1002.8,
Myanmar,MMR,1995,23536.957,211.26564,42605336,1002.8,-1.344
Myanmar,MMR,1996,23237.244,222.01337,43154860,1002.8,-1.313
Myanmar,MMR,1997,22942.75,231.58795,43708800,1002.8,-1.295
Myanmar,MMR,1998,22658.156,242.13214,44257790,1002.8,-1.277
Myanmar,MMR,1999,22390.064,265.45532,44787724,1002.8,-1.251
Myanmar,MMR,2000,22141.342,298.59045,45290840,1002.8,-1.215
Myanmar,MMR,2001,21909.002,328.97388,45771140,1002.8,-1.17
Myanmar,MMR,2002,21690.297,364.8558,46232652,1002.8,-1.116
Myanmar,MMR,2003,21488.33,411.49878,46667190,1002.8,-1.055
Myanmar,MMR,2004,21304.996,463.33014,47068772,1002.8,-0.989
Myanmar,MMR,2005,21139.008,522.09955,47438364,1002.8,-0.922
Myanmar,MMR,2006,20985.605,586.0856,47785136,1002.8,-0.858
Myanmar,MMR,2007,20837.385,651.72974,48125044,1002.8,-0.799
Myanmar,MMR,2008,20722.951,714.6204,48390790,1002.8,-0.723
Myanmar,MMR,2009,20608.107,785.6348,48660460,1002.8,-0.663
Myanmar,MMR,2010,20455.127,854.9325,49024384,1002.8,-0.656
Myanmar,MMR,2011,20291.453,895.5125,49419820,1002.8,-0.67
Myanmar,MMR,2012,20121.416,953.1231,49837450,1002.8,-0.697
Myanmar,MMR,2013,19951.193,1024.6906,50262656,1002.8,-0.756
Myanmar,MMR,2014,19786.26,1099.2439,50681630,1002.8,-0.811
Myanmar,MMR,2015,19628.47,1166.733,51089056,1002.8,-0.822
Myanmar,MMR,2016,19473.473,1225.3792,51495696,1002.8,-0.82
Myanmar,MMR,2017,19323.658,1290.5641,51894936,1002.8,-0.806
Myanmar,MMR,2018,19184.176,1361.5684,52272250,1002.8,-0.781
Myanmar,MMR,2019,19049.895,1440.9899,52640710,1002.8,-0.756
Myanmar,MMR,2020,18914.857,1301.3138,53016520,1002.8,-0.738
Myanmar,MMR,2021,18783.562,1136.9956,53387104,1002.8,-0.719
Myanmar,MMR,2022,18654.389,1174.767,53756788,1002.8,-0.702
Myanmar,MMR,2023,,1177.7665,54133800,,
Myanmar,MMR,2024,,1158.4792,54500092,,
Namibia,NAM,1990,4498.639,2857.338,1369303,6.16,
Namibia,NAM,1991,4351.2534,2989.4,1415684,6.16,
Namibia,NAM,1992,4215.3613,3104.2454,1461322,6.16,
Namibia,NAM,1993,4082.9934,2959.2751,1508697,6.16,
Namibia,NAM,1994,3958.0957,2918.3774,1556304,6.16,
Namibia,NAM,1995,3844.7854,2945.3623,1602170,6.16,-3.092
Namibia,NAM,1996,3742.1716,2958.2407,1646103,6.16,-2.971
Namibia,NAM,1997,3646.5586,3004.308,1689264,6.16,-2.857
Namibia,NAM,1998,3555.0527,3025.3267,1732745,6.16,-2.731
Namibia,NAM,1999,3467.75,3050.461,1776368,6.16,-2.61
Namibia,NAM,2000,3387.1333,3083.5967,1818647,6.16,-2.503
Namibia,NAM,2001,3317.0925,3055.4045,1857048,6.16,-2.383
Namibia,NAM,2002,3259.311,3145.9456,1889970,6.16,-2.22
Namibia,NAM,2003,3212.5767,3232.306,1917464,6.16,-2.006
Namibia,NAM,2004,3171.8538,3582.895,1942082,6.16,-1.768
Namibia,NAM,2005,3132.3381,3627.7505,1966582,6.16,-1.552
Namibia,NAM,2006,3092.5435,3834.999,1991888,6.16,-1.392
Namibia,NAM,2007,3051.6199,3987.618,2018600,6.16,-1.308
Namibia,NAM,2008,3009.1995,4036.3818,2047056,6.16,-1.299
Namibia,NAM,2009,2965.2537,3989.207,2077394,6.16,-1.338
Namibia,NAM,2010,2919.6929,4165.13,2109811,6.16,-1.396
Namibia,NAM,2011,2870.022,4302.7246,2146325,6.16,-1.482
Namibia,NAM,2012,2806.8206,4420.9673,2194654,6.16,-1.658
Namibia,NAM,2013,2734.7295,4549.2676,2252508,6.16,-1.895
Namibia,NAM,2014,2664.1997,4701.957,2312139,6.16,-2.118
Namibia,NAM,2015,2594.449,4774.1064,2374300,6.16,-2.334
Namibia,NAM,2016,2525.4048,4648.627,2439213,6.16,-2.526
Namibia,NAM,2017,2457.2642,4476.7334,2506853,6.16,-2.625
Namibia,NAM,2018,2390.0732,4400.4756,2577327,6.16,-2.658
Namibia,NAM,2019,2324.095,4243.093,2650494,6.16,-2.694
Namibia,NAM,2020,2257.4338,3787.4995,2728762,6.16,-2.745
Namibia,NAM,2021,2191.7434,3809.8076,2810548,6.16,-2.794
Namibia,NAM,2022,2131.7373,3905.5513,2889662,6.16,-2.802
Namibia,NAM,2023,,3977.9778,2963095,,
Namibia,NAM,2024,,4034.3506,3030131,,
Nauru,NRU,1990,1039.2849,20706.63,9622,0.01,
Nauru,NRU,1991,1015.22845,16385.395,9850,0.01,
Nauru,NRU,1992,997.9044,13486.94,10021,0.01,
Nauru,NRU,1993,989.903,11222.494,10102,0.01,
Nauru,NRU,1994,986.48517,10751.368,10137,0.01,
Nauru,NRU,1995,983.7678,9872.216,10165,0.01,-1.092
Nauru,NRU,1996,982.0289,8686.039,10183,0.01,-0.663
Nauru,NRU,1997,980.6806,7897.4673,10197,0.01,-0.348
Nauru,NRU,1998,980.5844,6965.833,10198,0.01,-0.189
Nauru,NRU,1999,981.64325,6515.33,10187,0.01,-0.098
Nauru,NRU,2000,983.4776,6079.9663,10168,0.01,-0.006
Nauru,NRU,2001,987.1668,5690.1597,10130,0.01,0.104
Nauru,NRU,2002,991.8667,5147.161,10082,0.01,0.227
Nauru,NRU,2003,994.1346,5173.6157,10059,0.01,0.275
Nauru,NRU,2004,994.03577,4949.891,10060,0.01,0.251
Nauru,NRU,2005,995.1239,4955.309,10049,0.01,0.236
Nauru,NRU,2006,996.6115,5382.1016,10034,0.01,0.191
Nauru,NRU,2007,998.00397,4199.705,10020,0.01,0.123
Nauru,NRU,2008,999.1008,5045.1846,10009,0.01,0.1
Nauru,NRU,2009,998.4025,4761.5664,10016,0.01,0.088
Nauru,NRU,2010,995.7184,4748.7656,10043,0.01,0.012
Nauru,NRU,2011,990.2951,5417.445,10098,0.01,-0.127
Nauru,NRU,2012,973.9943,6626.183,10267,0.01,-0.486
Nauru,NRU,2013,950.8415,6735.4214,10517,0.01,-0.985
Nauru,NRU,2014,930.92535,7638.9907,10742,0.01,-1.39
Nauru,NRU,2015,912.9085,7747.256,10954,0.01,-1.722
Nauru,NRU,2016,896.86096,7925.578,11150,0.01,-1.963
Nauru,NRU,2017,883.0802,7308.3174,11324,0.01,-1.941
Nauru,NRU,2018,871.30786,7149.7812,11477,0.01,-1.732
Nauru,NRU,2019,863.03613,7687.1963,11587,0.01,-1.503
Nauru,NRU,2020,858.8852,7770.6987,11643,0.01,-1.213
Nauru,NRU,2021,854.0439,8325.882,11709,0.01,-0.974
Nauru,NRU,2022,847.3858,8498.7,11801,0.01,-0.822
Nauru,NRU,2023,,8504.801,11875,,
Nauru,NRU,2024,,8570.956,11947,,
Nepal,NPL,1990,10151.311,422.72473,19524572,198.2,
Nepal,NPL,1991,9891.947,438.1562,20036500,198.2,
Nepal,NPL,1992,9616.828,443.46204,20609708,198.2,
Nepal,NPL,1993,9357.814,448.13095,21180160,198.2,
Nepal,NPL,1994,9126.289,472.95108,21717480,198.2,
Nepal,NPL,1995,8909.691,477.7411,22245440,198.2,-2.576
Nepal,NPL,1996,8715.205,492.21243,22741862,198.2,-2.501
Nepal,NPL,1997,8535.942,506.42688,23219464,198.2,-2.356
Nepal,NPL,1998,8369.807,511.5487,23680356,198.2,-2.207
Nepal,NPL,1999,8215.477,524.2726,24125200,198.2,-2.081
Nepal,NPL,2000,8074.468,547.22107,24546508,198.2,-1.949
Nepal,NPL,2001,7944.9233,564.28625,24946748,198.2,-1.834
Nepal,NPL,2002,7825.029,556.4385,25328980,198.2,-1.724
Nepal,NPL,2003,7715.437,570.2897,25688758,198.2,-1.615
Nepal,NPL,2004,7618.197,589.4699,26016656,198.2,-1.498
Nepal,NPL,2005,7533.4126,603.1901,26309458,198.2,-1.378
Nepal,NPL,2006,7460.8257,617.47766,26565424,198.2,-1.249
Nepal,NPL,2007,7398.699,633.22614,26788492,198.2,-1.114
Nepal,NPL,2008,7343.4507,666.8651,26990036,198.2,-0.983
Nepal,NPL,2009,7293.9956,692.4,27173036,198.2,-0.866
Nepal,NPL,2010,7248.9336,721.2652,27341952,198.2,-0.767
Nepal,NPL,2011,7216.5903,742.61725,27464494,198.2,-0.663
Nepal,NPL,2012,7198.134,775.3106,27534916,198.2,-0.548
Nepal,NPL,2013,7183.763,801.03906,27589996,198.2,-0.439
Nepal,NPL,2014,7162.379,846.6655,27672370,198.2,-0.364
Nepal,NPL,2015,7123.442,875.54364,27823628,198.2,-0.349
Nepal,NPL,2016,7089.8486,875.18896,27955462,198.2,-0.354
Nepal,NPL,2017,7075.7266,951.8573,28011258,198.2,-0.342
Nepal,NPL,2018,7058.483,1021.9149,28079688,198.2,-0.351
Nepal,NPL,2019,6975.419,1077.1179,28414064,198.2,-0.528
Nepal,NPL,2020,6842.3696,1031.5361,28966574,198.2,-0.802
Nepal,NPL,2021,6724.3403,1062.7888,29475010,198.2,-1.053
Nepal,NPL,2022,6669.934,1113.5546,29715436,198.2,-1.174
Nepal,NPL,2023,,1136.4277,29694614,,
Nepal,NPL,2024,,1179.8127,29651054,,
Netherlands,NLD,1990,735.7117,31308.914,14951510,11,
Netherlands,NLD,1991,729.93677,31820.832,15069798,11,
Netherlands,NLD,1992,724.43884,32119.951,15184166,11,
Netherlands,NLD,1993,719.40717,32297.977,15290368,11,
Netherlands,NLD,1994,715.08264,33054.45,15382838,11,
Netherlands,NLD,1995,711.5593,33916.5,15459006,11,-0.665
Netherlands,NLD,1996,708.2838,34915.17,15530498,11,-0.6
Netherlands,NLD,1997,704.64716,36211.65,15610650,11,-0.552
Netherlands,NLD,1998,700.31537,37661.734,15707209,11,-0.536
Netherlands,NLD,1999,695.6703,39298.734,15812088,11,-0.549
Netherlands,NLD,2000,690.7156,40665.34,15925513,11,-0.593
Netherlands,NLD,2001,685.5214,41297.32,16046180,11,-0.651
Netherlands,NLD,2002,681.1597,41135.418,16148929,11,-0.676
Netherlands,NLD,2003,677.9535,40981.848,16225302,11,-0.647
Netherlands,NLD,2004,675.60187,41663.15,16281779,11,-0.584
Netherlands,NLD,2005,674.0251,42411.344,16319868,11,-0.488
Netherlands,NLD,2006,672.94336,43841.12,16346101,11,-0.37
Netherlands,NLD,2007,671.48114,45445.523,16381696,11,-0.286
Netherlands,NLD,2008,668.8722,46227.21,16445593,11,-0.269
Netherlands,NLD,2009,665.4411,44304.41,16530388,11,-0.303
Netherlands,NLD,2010,662.0367,44659.273,16615394,11,-0.358
Netherlands,NLD,2011,658.95593,45239.73,16693074,11,-0.419
Netherlands,NLD,2012,656.5219,44631.875,16754962,11,-0.45
Netherlands,NLD,2013,654.58923,44487.03,16804432,11,-0.431
Netherlands,NLD,2014,652.23804,45042.066,16865008,11,-0.4
Netherlands,NLD,2015,649.3536,45793.812,16939924,11,-0.386
Netherlands,NLD,2016,645.90704,46655.035,17030314,11,-0.399
Netherlands,NLD,2017,642.0997,47670.105,17131296,11,-0.443
Netherlands,NLD,2018,638.3612,48463.03,17231624,11,-0.501
Netherlands,NLD,2019,634.1931,49254.016,17344874,11,-0.56
Netherlands,NLD,2020,630.6797,47086.582,17441500,11,-0.582
Netherlands,NLD,2021,627.3868,49780.844,17533044,11,-0.58
Netherlands,NLD,2022,621.43445,51777.543,17700982,11,-0.652
Netherlands,NLD,2023,,50960.773,17877116,,
Netherlands,NLD,2024,,51178.527,17993484,,
New Caledonia,NCL,1990,,,176456,,
New Caledonia,NCL,1991,,,181238,,
New Caledonia,NCL,1992,,,186072,,
New Caledonia,NCL,1993,,,190857,,
New Caledonia,NCL,1994,,,195614,,
New Caledonia,NCL,1995,,,200379,,
New Caledonia,NCL,1996,,,205034,,
New Caledonia,NCL,1997,,,209560,,
New Caledonia,NCL,1998,,,214047,,
New Caledonia,NCL,1999,,,218527,,
New Caledonia,NCL,2000,,,223098,,
New Caledonia,NCL,2001,,,227707,,
New Caledonia,NCL,2002,,,232236,,
New Caledonia,NCL,2003,,,236678,,
New Caledonia,NCL,2004,,,240852,,
New Caledonia,NCL,2005,,,244381,,
New Caledonia,NCL,2006,,,247547,,
New Caledonia,NCL,2007,,,250725,,
New Caledonia,NCL,2008,,,253825,,
New Caledonia,NCL,2009,,,257250,,
New Caledonia,NCL,2010,,,261582,,
New Caledonia,NCL,2011,,,266543,,
New Caledonia,NCL,2012,,,271633,,
New Caledonia,NCL,2013,,,276822,,
New Caledonia,NCL,2014,,,281224,,
New Caledonia,NCL,2015,,30858.725,283168,,
New Caledonia,NCL,2016,,,283423,,
New Caledonia,NCL,2017,,,283546,,
New Caledonia,NCL,2018,,,283541,,
New Caledonia,NCL,2019,,,283606,,
New Caledonia,NCL,2020,,,284176,,
New Caledonia,NCL,2021,,,285214,,
New Caledonia,NCL,2022,,,287123,,
New Caledonia,NCL,2023,,,289870,,
New Caledonia,NCL,2024,,,292639,,
New Zealand,NZL,1990,98204.09,26395.695,3329800,327,
New Zealand,NZL,1991,93559.555,24873.012,3495100,327,
New Zealand,NZL,1992,92589.97,24884.496,3531700,327,
New Zealand,NZL,1993,91540.23,26174.834,3572200,327,
New Zealand,NZL,1994,90331.49,27151.473,3620000,327,
New Zealand,NZL,1995,89018.35,28020.248,3673400,327,-1.945
New Zealand,NZL,1996,87620.58,28576.44,3732000,327,-1.303
New Zealand,NZL,1997,86478.195,28790.3,3781300,327,-1.356
New Zealand,NZL,1998,85714.29,28780.934,3815000,327,-1.307
New Zealand,NZL,1999,85265.055,30169.74,3835100,327,-1.148
New Zealand,NZL,2000,84765.53,30853.809,3857700,327,-0.974
New Zealand,NZL,2001,84267.49,31718.764,3880500,327,-0.777
New Zealand,NZL,2002,82816.26,32641.82,3948500,327,-0.862
New Zealand,NZL,2003,81197.85,33517.09,4027200,327,-1.077
New Zealand,NZL,2004,80000,34372.59,4087500,327,-1.267
New Zealand,NZL,2005,79102.055,35126.336,4133900,327,-1.373
New Zealand,NZL,2006,78143.67,35665.35,4184600,327,-1.498
New Zealand,NZL,2007,77418.44,36414.316,4223800,327,-1.339
New Zealand,NZL,2008,76764.164,35739.36,4259800,327,-1.117
New Zealand,NZL,2009,76000.555,35370.586,4302600,327,-1.02
New Zealand,NZL,2010,75160.32,35489.76,4350700,327,-1.017
New Zealand,NZL,2011,74589.414,35957.523,4384000,327,-0.927
New Zealand,NZL,2012,74181.62,36607.15,4408100,327,-0.851
New Zealand,NZL,2013,73613.83,37267.66,4442100,327,-0.835
New Zealand,NZL,2014,72401.195,38056.266,4516500,327,-0.966
New Zealand,NZL,2015,70941.984,38665.37,4609400,327,-1.149
New Zealand,NZL,2016,69366.37,39235.37,4714100,327,-1.441
New Zealand,NZL,2017,67932.52,39722.605,4813600,327,-1.745
New Zealand,NZL,2018,66726.52,40371.547,4900600,327,-1.945
New Zealand,NZL,2019,65790.8,40727.883,4970300,327,-1.897
New Zealand,NZL,2020,64466.523,39785.473,5072400,327,-1.896
New Zealand,NZL,2021,64311.844,41490.113,5084600,327,-1.502
New Zealand,NZL,2022,64348.543,42965.273,5081700,327,-1.078
New Zealand,NZL,2023,,42573.23,5200000,,
New Zealand,NZL,2024,,42408.24,5287500,,
Nicaragua,NIC,1990,37527.395,1260.8738,4162559,156.21,
Nicaragua,NIC,1991,36672.14,1229.806,4259637,156.21,
Nicaragua,NIC,1992,35852.438,1206.9623,4357026,156.21,
Nicaragua,NIC,1993,35073.957,1176.1154,4453732,156.21,
Nicaragua,NIC,1994,34337.03,1189.8352,4549316,156.21,
Nicaragua,NIC,1995,33644.695,1234.7683,4642931,156.21,-2.161
Nicaragua,NIC,1996,33025.55,1288.9409,4729974,156.21,-2.073
Nicaragua,NIC,1997,32478.975,1317.8905,4809573,156.21,-1.957
Nicaragua,NIC,1998,31986.29,1346.0728,4883655,156.21,-1.826
Nicaragua,NIC,1999,31531.98,1420.3184,4954018,156.21,-1.69
Nicaragua,NIC,2000,31101.217,1458.3749,5022633,156.21,-1.56
Nicaragua,NIC,2001,30702.707,1482.3152,5087825,156.21,-1.448
Nicaragua,NIC,2002,30332.574,1475.4863,5149909,156.21,-1.358
Nicaragua,NIC,2003,29977.186,1494.9562,5210963,156.21,-1.289
Nicaragua,NIC,2004,29624.996,1555.8743,5272912,156.21,-1.24
Nicaragua,NIC,2005,29241.283,1601.4877,5342105,156.21,-1.226
Nicaragua,NIC,2006,28827.123,1644.372,5418855,156.21,-1.253
Nicaragua,NIC,2007,28416.062,1703.2078,5497243,156.21,-1.297
Nicaragua,NIC,2008,28011.727,1736.6573,5576593,156.21,-1.347
Nicaragua,NIC,2009,27615.523,1655.7203,5656601,156.21,-1.395
Nicaragua,NIC,2010,27226.38,1704.3788,5737450,156.21,-1.418
Nicaragua,NIC,2011,26844.584,1786.6287,5819051,156.21,-1.415
Nicaragua,NIC,2012,26470.496,1876.176,5901287,156.21,-1.408
Nicaragua,NIC,2013,26105.29,1941.4563,5983845,156.21,-1.4
Nicaragua,NIC,2014,25749.643,2006.6487,6066492,156.21,-1.389
Nicaragua,NIC,2015,25402.408,2074.4563,6149417,156.21,-1.377
Nicaragua,NIC,2016,25063.111,2140.144,6232666,156.21,-1.364
Nicaragua,NIC,2017,24731.521,2209.6328,6316231,156.21,-1.35
Nicaragua,NIC,2018,24407.508,2107.3396,6400080,156.21,-1.336
Nicaragua,NIC,2019,24092.885,2019.9152,6483657,156.21,-1.321
Nicaragua,NIC,2020,23793.396,1950.1918,6565267,156.21,-1.3
Nicaragua,NIC,2021,23508.816,2128.3088,6644741,156.21,-1.272
Nicaragua,NIC,2022,23208.74,2175.739,6730654,156.21,-1.263
Nicaragua,NIC,2023,,2241.1223,6823613,,
Nicaragua,NIC,2024,,2290.4717,6916140,,
Niger,NER,1990,422.3962,465.9239,8286059,3.5,
Niger,NER,1991,409.5052,449.71927,8546900,3.5,
Niger,NER,1992,396.93192,444.63278,8817633,3.5,
Niger,NER,1993,384.58203,432.18445,9100789,3.5,
Niger,NER,1994,372.40945,426.26752,9398258,3.5,
Niger,NER,1995,360.2851,422.52316,9714529,3.5,-3.131
Niger,NER,1996,348.4372,409.03937,10044852,3.5,-3.178
Niger,NER,1997,337.058,401.72498,10383969,3.5,-3.217
Niger,NER,1998,325.84167,427.08603,10741413,3.5,-3.261
Niger,NER,1999,314.8215,411.7357,11117411,3.5,-3.304
Niger,NER,2000,304.09317,392.89862,11509630,3.5,-3.334
Niger,NER,2001,293.60822,406.9235,11920647,3.5,-3.366
Niger,NER,2002,283.42044,412.12378,12349144,3.5,-3.407
Niger,NER,2003,273.50195,406.33377,12796984,3.5,-3.441
Niger,NER,2004,263.8356,393.39877,13265836,3.5,-3.472
Niger,NER,2005,254.43088,407.19092,13756192,3.5,-3.503
Niger,NER,2006,245.29419,415.85202,14268581,3.5,-3.532
Niger,NER,2007,236.42882,413.41913,14803610,3.5,-3.561
Niger,NER,2008,227.83618,429.19556,15361915,3.5,-3.588
Niger,NER,2009,219.52278,421.6509,15943675,3.5,-3.611
Niger,NER,2010,211.49525,441.07916,16548835,3.5,-3.629
Niger,NER,2011,203.76935,434.98627,17176284,3.5,-3.641
Niger,NER,2012,196.22388,463.06625,17836768,3.5,-3.659
Niger,NER,2013,188.98592,469.69022,18519898,3.5,-3.67
Niger,NER,2014,182.14075,482.74524,19215908,3.5,-3.665
Niger,NER,2015,175.531,485.66257,19939498,3.5,-3.659
Niger,NER,2016,169.19858,495.01743,20685752,3.5,-3.65
Niger,NER,2017,163.28094,501.6153,21435446,3.5,-3.609
Niger,NER,2018,157.74243,519.547,22188068,3.5,-3.55
Niger,NER,2019,152.52036,532.18604,22947756,3.5,-3.487
Niger,NER,2020,147.56966,533.19434,23717612,3.5,-3.411
Niger,NER,2021,142.84467,523.2632,24502140,3.5,-3.33
Niger,NER,2022,138.27449,566.798,25311972,3.5,-3.27
Niger,NER,2023,,557.57263,26159868,,
Niger,NER,2024,,595.15173,27032412,,
Nigeria,NGA,1990,2275.5137,1577.1962,97120930,221,
Nigeria,NGA,1991,2216.2017,1541.5907,99720160,221,
Nigeria,NGA,1992,2158.777,1571.1902,102372770,221,
Nigeria,NGA,1993,2102.3179,1498.959,105122070,221,
Nigeria,NGA,1994,2047.515,1433.3887,107935710,221,
Nigeria,NGA,1995,1994.2351,1395.0748,110819420,221,-2.604
Nigeria,NGA,1996,1942.7755,1416.1019,113754776,221,-2.599
Nigeria,NGA,1997,1892.856,1420.2388,116754790,221,-2.595
Nigeria,NGA,1998,1844.0293,1419.3177,119846260,221,-2.588
Nigeria,NGA,1999,1796.057,1390.4692,123047320,221,-2.587
Nigeria,NGA,2000,1748.6599,1421.6799,126382500,221,-2.594
Nigeria,NGA,2001,1701.7987,1465.4572,129862590,221,-2.614
Nigeria,NGA,2002,1655.7781,1644.3951,133471990,221,-2.641
Nigeria,NGA,2003,1610.7561,1717.2145,137202640,221,-2.669
Nigeria,NGA,2004,1566.7421,1824.8027,141057040,221,-2.695
Nigeria,NGA,2005,1523.9565,1889.2517,145017250,221,-2.713
Nigeria,NGA,2006,1482.452,1949.1586,149077330,221,-2.722
Nigeria,NGA,2007,1441.9257,2020.8331,153267260,221,-2.728
Nigeria,NGA,2008,1402.3286,2098.2834,157595000,221,-2.733
Nigeria,NGA,2009,1363.7811,2204.6072,162049470,221,-2.737
Nigeria,NGA,2010,1326.1892,2315.4668,166642880,221,-2.742
Nigeria,NGA,2011,1289.535,2370.9766,171379600,221,-2.75
Nigeria,NGA,2012,1254.2521,2403.6538,176200620,221,-2.75
Nigeria,NGA,2013,1220.661,2495.341,181049440,221,-2.737
Nigeria,NGA,2014,1188.8309,2583.6155,185896910,221,-2.708
Nigeria,NGA,2015,1159.0592,2585.7336,190671870,221,-2.658
Nigeria,NGA,2016,1130.7604,2481.815,195443700,221,-2.594
Nigeria,NGA,2017,1103.5952,2441.7124,200254580,221,-2.527
Nigeria,NGA,2018,1078.371,2431.7786,204938750,221,-2.448
Nigeria,NGA,2019,1054.965,2431.5354,209485650,221,-2.361
Nigeria,NGA,2020,1032.7288,2228.6863,213996180,221,-2.282
Nigeria,NGA,2021,1011.3061,2206.664,218529280,221,-2.208
Nigeria,NGA,2022,990.36127,2254.2908,223150900,221,-2.142
Nigeria,NGA,2023,,2280.9194,227882940,,
Nigeria,NGA,2024,,2324.649,232679470,,
North America,NAC,1990,20438.914,38290.094,277371700,5668,
North America,NAC,1991,20169.496,37681.94,281076400,5668,
North America,NAC,1992,19895.729,38399.84,284943680,5668,
North America,NAC,1993,19639.383,38945.414,288662600,5668,
North America,NAC,1994,19402.543,40039.566,292185860,5668,
North America,NAC,1995,19175.838,40634.29,295639840,5668,-1.268
North America,NAC,1996,18956.254,41617.766,299064030,5668,-1.233
North America,NAC,1997,18733.291,42952.004,302623140,5668,-1.197
North America,NAC,1998,18522.32,44352.586,306069820,5668,-1.164
North America,NAC,1999,18316.883,45972.637,309502400,5668,-1.145
North America,NAC,2000,18117.416,47364.746,312909700,5668,-1.129
North America,NAC,2001,17937.287,47377.145,316051680,5668,-1.099
North America,NAC,2002,17768.895,47778,319046530,5668,-1.051
North America,NAC,2003,17616.14,48654.133,321812770,5668,-0.998
North America,NAC,2004,17453.742,50031.266,324806660,5668,-0.961
North America,NAC,2005,17293.176,51286.81,327822050,5668,-0.927
North America,NAC,2006,17126.396,52201.375,331013950,5668,-0.921
North America,NAC,2007,16963.96,52744.65,334183100,5668,-0.923
North America,NAC,2008,16801.977,52336.098,337404580,5668,-0.942
North America,NAC,2009,16650.92,50514.664,340465150,5668,-0.937
North America,NAC,2010,16506.295,51440.082,343447840,5668,-0.927
North America,NAC,2011,16373.048,51885.57,346242400,5668,-0.896
North America,NAC,2012,16238.245,52612.78,349116130,5668,-0.871
North America,NAC,2013,16111.094,53314.63,351870850,5668,-0.836
North America,NAC,2014,15980.078,54229.395,354755170,5668,-0.819
North America,NAC,2015,15853.676,55285.57,357583070,5668,-0.804
North America,NAC,2016,15724.172,55797.547,360527580,5668,-0.805
North America,NAC,2017,15607.717,56770.656,363217250,5668,-0.789
North America,NAC,2018,15503.189,58052.76,365666020,5668,-0.766
North America,NAC,2019,15408.676,59158.723,367908830,5668,-0.726
North America,NAC,2020,15335.234,57470.418,369670750,5668,-0.663
North America,NAC,2021,15304.87,60824.785,370404300,5668,-0.539
North America,NAC,2022,15197.615,61993.46,373018020,,-0.531
North America,NAC,2023,,63053.758,376954400,,
North America,NAC,2024,,63990.598,381464220,,
North Macedonia,MKD,1990,,3534.3228,2063689,,
North Macedonia,MKD,1991,,3328.6394,2055994,,
North Macedonia,MKD,1992,2656.7964,3146.0225,2032523,5.4,
North Macedonia,MKD,1993,2690.7788,2948.2715,2006854,5.4,
North Macedonia,MKD,1994,2709.9373,2917.0588,1992666,5.4,
North Macedonia,MKD,1995,2701.9805,2876.0723,1998534,5.4,
North Macedonia,MKD,1996,2683.1592,2889.8853,2012553,5.4,
North Macedonia,MKD,1997,2704.2334,2954.524,1996869,5.4,0.355
North Macedonia,MKD,1998,2689.882,3038.14,2007523,5.4,-0.007
North Macedonia,MKD,1999,2677.055,3154.849,2017142,5.4,-0.244
North Macedonia,MKD,2000,2664.8901,3283.3794,2026350,5.4,-0.276
North Macedonia,MKD,2001,2653.7166,3169.3252,2034882,5.4,-0.22
North Macedonia,MKD,2002,2673.0596,3240.1106,2020157,5.4,-0.232
North Macedonia,MKD,2003,2669.666,3307.9204,2022725,5.4,-0.151
North Macedonia,MKD,2004,2678.3242,3473.7654,2016186,5.4,0.009
North Macedonia,MKD,2005,2692.8237,3657.563,2005330,5.4,0.209
North Macedonia,MKD,2006,2707.7346,3866.7466,1994287,5.4,0.404
North Macedonia,MKD,2007,2723.2388,4140.634,1982933,5.4,0.373
North Macedonia,MKD,2008,2739.041,4392.551,1971493,5.4,0.514
North Macedonia,MKD,2009,2756.8152,4405.2007,1958782,5.4,0.579
North Macedonia,MKD,2010,2774.498,4582.365,1946298,5.4,0.599
North Macedonia,MKD,2011,2787.2434,4711.1304,1937398,5.4,0.58
North Macedonia,MKD,2012,2798.187,4708.052,1929821,5.4,0.544
North Macedonia,MKD,2013,2808.527,4863.6807,1922716,5.4,0.502
North Macedonia,MKD,2014,2816.0833,5053.75,1917557,5.4,0.426
North Macedonia,MKD,2015,2823.6328,5262.6865,1912430,5.4,0.352
North Macedonia,MKD,2016,2832.6934,5429.947,1906313,5.4,0.324
North Macedonia,MKD,2017,2844.1157,5510.819,1898657,5.4,0.326
North Macedonia,MKD,2018,2858.5781,5698.3936,1889051,5.4,0.354
North Macedonia,MKD,2019,2878.063,5961.585,1876262,5.4,0.436
North Macedonia,MKD,2020,2909.2883,5743.7266,1856124,5.4,0.599
North Macedonia,MKD,2021,2939.393,6064.9233,1837114,5.4,0.742
North Macedonia,MKD,2022,2948.0618,6250.6274,1831712,5.4,0.721
North Macedonia,MKD,2023,,6423.992,1827816,,
North Macedonia,MKD,2024,,6628.8467,1824359,,
Northern Mariana Islands,MNP,1990,,,43342,,
Northern Mariana Islands,MNP,1991,,,44393,,
Northern Mariana Islands,MNP,1992,,,45181,,
Northern Mariana Islands,MNP,1993,,,45952,,
Northern Mariana Islands,MNP,1994,,,46730,,
Northern Mariana Islands,MNP,1995,,,48176,,
Northern Mariana Islands,MNP,1996,,,51706,,
Northern Mariana Islands,MNP,1997,,,56596,,
Northern Mariana Islands,MNP,1998,,,61337,,
Northern Mariana Islands,MNP,1999,,,65916,,
Northern Mariana Islands,MNP,2000,,,68356,,
Northern Mariana Islands,MNP,2001,,,67984,,
Northern Mariana Islands,MNP,2002,,24066.537,66778,,
Northern Mariana Islands,MNP,2003,,24650.041,65421,,
Northern Mariana Islands,MNP,2004,,24445.46,63938,,
Northern Mariana Islands,MNP,2005,,21882.293,62354,,
Northern Mariana Islands,MNP,2006,,20940.162,60682,,
Northern Mariana Islands,MNP,2007,,20117.703,58941,,
Northern Mariana Islands,MNP,2008,,18451.39,57150,,
Northern Mariana Islands,MNP,2009,,15710.581,55325,,
Northern Mariana Islands,MNP,2010,,16293.306,54091,,
Northern Mariana Islands,MNP,2011,,15226.131,53608,,
Northern Mariana Islands,MNP,2012,,15457.426,53234,,
Northern Mariana Islands,MNP,2013,,16015.035,52758,,
Northern Mariana Islands,MNP,2014,,16869.527,52178,,
Northern Mariana Islands,MNP,2015,,17665.102,51514,,
Northern Mariana Islands,MNP,2016,,23158.574,50773,,
Northern Mariana Islands,MNP,2017,,28989.348,49959,,
Northern Mariana Islands,MNP,2018,,23756.607,49077,,
Northern Mariana Islands,MNP,2019,,21451.44,48129,,
Northern Mariana Islands,MNP,2020,,15410.119,47528,,
Northern Mariana Islands,MNP,2021,,16365.017,46979,,
Northern Mariana Islands,MNP,2022,,19461.861,46078,,
Northern Mariana Islands,MNP,2023,,,45143,,
Northern Mariana Islands,MNP,2024,,,44278,,
Norway,NOR,1990,90063.055,49937.457,4241473,382,
Norway,NOR,1991,89634.92,51233.035,4261732,382,
Norway,NOR,1992,89119.055,52758.945,4286401,382,
Norway,NOR,1993,88590.164,53938.02,4311991,382,
Norway,NOR,1994,88087.18,56343.01,4336613,382,
Norway,NOR,1995,87631.08,58380.57,4359184,382,-0.546
Norway,NOR,1996,87188.016,61005.88,4381336,382,-0.552
Norway,NOR,1997,86716.55,63882.477,4405157,382,-0.545
Norway,NOR,1998,86201.76,65197.945,4431464,382,-0.545
Norway,NOR,1999,85613.5,66094.734,4461913,382,-0.568
Norway,NOR,2000,85059.63,67846.59,4490967,382,-0.594
Norway,NOR,2001,84630.28,68899.52,4513751,382,-0.594
Norway,NOR,2002,84175.1,69472.984,4538159,382,-0.593
Norway,NOR,2003,83682.836,69719.31,4564855,382,-0.591
Norway,NOR,2004,83189.78,72090.984,4591910,382,-0.573
Norway,NOR,2005,82625.125,73524.26,4623291,382,-0.579
Norway,NOR,2006,81962.34,74729.734,4660677,382,-0.639
Norway,NOR,2007,81118.625,76115.7,4709153,382,-0.737
Norway,NOR,2008,80113.89,75535.21,4768212,382,-0.868
Norway,NOR,2009,79109.89,73141.305,4828726,382,-1.001
Norway,NOR,2010,78130.56,72804.4,4889252,382,-1.112
Norway,NOR,2011,77123.6,72660.67,4953088,382,-1.21
Norway,NOR,2012,76117.26,73661.68,5018573,382,-1.265
Norway,NOR,2013,75202.43,73515.914,5079623,382,-1.257
Norway,NOR,2014,74359.11,74180.32,5137232,382,-1.231
Norway,NOR,2015,73622.84,74809.97,5188607,382,-1.181
Norway,NOR,2016,72977.09,75017.49,5234519,382,-1.099
Norway,NOR,2017,72390.055,76247.414,5276968,382,-0.999
Norway,NOR,2018,71913.79,76373.65,5311916,382,-0.89
Norway,NOR,2019,71429.96,76712.29,5347896,382,-0.801
Norway,NOR,2020,71010.65,75287.2,5379475,382,-0.72
Norway,NOR,2021,70631.914,77812.71,5408320,382,-0.651
Norway,NOR,2022,70000.2,79620.164,5457127,382,-0.669
Norway,NOR,2023,,78775.75,5519601,,
Norway,NOR,2024,,79667.52,5572279,,
OECD members,OED,1990,11705.845,25156.96,1107695500,12667.3,
OECD members,OED,1991,11590.722,25204.463,1118410100,12667.3,
OECD members,OED,1992,11434.256,25504.906,1129039900,12731.08,
OECD members,OED,1993,11198.025,25649.135,1139203500,12756.83,
OECD members,OED,1994,11104.679,26276.832,1148779800,12756.83,
OECD members,OED,1995,11015.607,26784.268,1158068700,12756.83,-1.208
OECD members,OED,1996,10929.903,27404.932,1167149300,12756.83,-1.167
OECD members,OED,1997,10845.876,28184.203,1176191700,12756.83,-1.051
OECD members,OED,1998,10765.908,28817.05,1184928400,12756.83,-0.784
OECD members,OED,1999,10686.951,29590.809,1193682800,12756.83,-0.764
OECD members,OED,2000,10611.004,30592.037,1202226400,12756.83,-0.746
OECD members,OED,2001,10533.18,30794.725,1211109100,12756.83,-0.737
OECD members,OED,2002,10455.55,31037.152,1220101400,12756.83,-0.73
OECD members,OED,2003,10379.742,31442.023,1229012200,12756.83,-0.728
OECD members,OED,2004,10305.247,32234.441,1237896600,12756.83,-0.725
OECD members,OED,2005,10232.835,32918.49,1246656500,12756.83,-0.723
OECD members,OED,2006,10158.761,33673.973,1255746700,12756.83,-0.721
OECD members,OED,2007,10086.617,34311.07,1264728200,12756.83,-0.716
OECD members,OED,2008,10007.625,34177.113,1274711000,12756.83,-0.728
OECD members,OED,2009,9935.434,32783.63,1283973200,12756.83,-0.728
OECD members,OED,2010,9868.348,33528.41,1292701700,12756.83,-0.723
OECD members,OED,2011,9815.629,33975.6,1299644700,12756.83,-0.685
OECD members,OED,2012,9754.915,34230.316,1307733600,12756.83,-0.667
OECD members,OED,2013,9697.855,34581.535,1315428000,12756.83,-0.627
OECD members,OED,2014,9639.001,35120.402,1323459700,12756.83,-0.604
OECD members,OED,2015,9579.535,35779.914,1331675100,12756.83,-0.592
OECD members,OED,2016,9519.014,36216.047,1340142100,12756.83,-0.612
OECD members,OED,2017,9462.631,36943.67,1348127200,12756.83,-0.607
OECD members,OED,2018,9404.426,37584.633,1356470900,12756.83,-0.613
OECD members,OED,2019,9351.512,38062.984,1364146200,12756.83,-0.604
OECD members,OED,2020,9316.245,36444.652,1369310200,12756.83,-0.556
OECD members,OED,2021,9299.4375,38552.73,1371785100,12756.83,-0.466
OECD members,OED,2022,9317.753,39550.45,1378565600,,-0.308
OECD members,OED,2023,,40000.42,1387897700,,
OECD members,OED,2024,,40461.35,1396877400,,
Oman,OMN,1990,793.6715,16629.455,1763954,1.4,
Oman,OMN,1991,756.1547,16805.723,1851473,1.4,
Oman,OMN,1992,722.30554,17404.13,1938238,1.4,
Oman,OMN,1993,692.49506,17694.16,2021675,1.4,
Oman,OMN,1994,672.48395,17848.818,2081834,1.4,
Oman,OMN,1995,660.21295,18398.725,2120528,1.4,-3.615
Oman,OMN,1996,649.0719,18639.203,2156926,1.4,-3.008
Oman,OMN,1997,639.0593,19458.926,2190720,1.4,-2.419
Oman,OMN,1998,629.9244,19167.756,2222489,1.4,-1.876
Oman,OMN,1999,621.4188,18965.215,2252909,1.4,-1.567
Oman,OMN,2000,613.46173,19881.736,2282131,1.4,-1.458
Oman,OMN,2001,606.00366,20546.055,2310217,1.4,-1.364
Oman,OMN,2002,599.02277,20150.113,2337140,1.4,-1.286
Oman,OMN,2003,592.2677,19485.645,2363796,1.4,-1.225
Oman,OMN,2004,582.16394,19534.86,2404821,1.4,-1.297
Oman,OMN,2005,569.1515,19629.045,2459802,1.4,-1.488
Oman,OMN,2006,556.70544,20096.396,2514795,1.4,-1.683
Oman,OMN,2007,544.7102,20642.748,2570174,1.4,-1.883
Oman,OMN,2008,533.0229,22007.734,2626529,1.4,-2.086
Oman,OMN,2009,521.4815,22819.197,2684659,1.4,-2.178
Oman,OMN,2010,507.7162,22766.05,2757446,1.4,-2.259
Oman,OMN,2011,455.02368,20993.908,3076763,1.4,-3.953
Oman,OMN,2012,394.68796,19824.121,3547106,1.4,-6.24
Oman,OMN,2013,365.16217,19299.94,3833913,1.4,-7.285
Oman,OMN,2014,349.7867,18726.203,4002439,1.4,-7.676
Oman,OMN,2015,334.53647,18808.309,4184895,1.4,-8.005
Oman,OMN,2016,318.8429,18830.605,4390877,1.4,-6.866
Oman,OMN,2017,308.54703,18277.945,4537396,1.4,-4.805
Oman,OMN,2018,304.48834,18269.678,4597877,1.4,-3.569
Oman,OMN,2019,304.92844,18089.586,4591241,1.4,-2.708
Oman,OMN,2020,309.5635,17743.887,4522497,1.4,-1.54
Oman,OMN,2021,311.0818,18291.338,4500424,1.4,-0.492
Oman,OMN,2022,295.96893,18792.445,4730226,1.4,-0.829
Oman,OMN,2023,,17853.965,5049269,,
Oman,OMN,2024,,17347.291,5281538,,
Other small states,OSS,1990,43699.477,7042.836,8949306,291.9465,
Other small states,OSS,1991,42505.555,6866.72,9131087,291.9465,
Other small states,OSS,1992,35850.016,6601.262,9201490,304.6565,
Other small states,OSS,1993,35664.83,6591.713,9249106,304.6565,
Other small states,OSS,1994,33727.57,6721.9385,9328189,290.6565,
Other small states,OSS,1995,33494.477,6967.76,9389918,290.6565,-5.18
Other small states,OSS,1996,33103.523,7116.4995,9493131,290.6565,-4.877
Other small states,OSS,1997,32635.357,7461.5586,9618823,290.6565,-1.861
Other small states,OSS,1998,32174.8,7615.6133,9746302,290.6565,-2.039
Other small states,OSS,1999,32132.186,7803.5264,9758520,290.6565,-0.964
Other small states,OSS,2000,32027.002,8348.276,9788238,290.6565,-0.892
Other small states,OSS,2001,31436.105,8464.541,9961679,290.6565,-1.028
Other small states,OSS,2002,30871.34,8609.506,10136134,290.6565,-1.105
Other small states,OSS,2003,30445.865,8860.4375,10269557,290.6565,-1.099
Other small states,OSS,2004,29822.023,9164.671,10371059,287.6565,-1.481
Other small states,OSS,2005,29494.492,9487.113,10479844,287.6565,-1.634
Other small states,OSS,2006,29139.973,9959.864,10601352,287.6565,-1.505
Other small states,OSS,2007,28770.697,10377.449,10730365,287.6565,-1.4
Other small states,OSS,2008,28404.76,10343.205,10862640,287.6565,-1.378
Other small states,OSS,2009,28061.56,9699.183,10989567,287.6565,-1.21
Other small states,OSS,2010,27739.3,9829.374,11112466,287.6565,-1.22
Other small states,OSS,2011,27432.936,10049.956,11226214,287.6565,-1.2
Other small states,OSS,2012,27130.004,10063.129,11346082,287.6565,-1.167
Other small states,OSS,2013,26831.096,10036.201,11466589,287.6565,-1.133
Other small states,OSS,2014,26528.154,10136.681,11591200,287.6565,-1.118
Other small states,OSS,2015,26218.686,10359.118,11722398,287.6565,-1.121
Other small states,OSS,2016,25917.832,10667.112,11851918,287.6565,-1.13
Other small states,OSS,2017,25606.53,11078.504,11989367,287.6565,-1.149
Other small states,OSS,2018,25282.826,11422.338,12135267,287.6565,-1.182
Other small states,OSS,2019,24963.97,11765.027,12281907,287.6565,-1.208
Other small states,OSS,2020,24675.637,10962.079,12417333,287.6565,-1.206
Other small states,OSS,2021,24412.166,11722.03,12541889,287.6565,-1.19
Other small states,OSS,2022,24128.652,12081.416,12699005,,-1.182
Other small states,OSS,2023,,12349.479,12822134,,
Other small states,OSS,2024,,12597.723,12931878,,
Pacific island small states,PSS,1990,65951.86,2973.338,1775607,,
Pacific island small states,PSS,1991,64892.906,2914.9495,1801531,,
Pacific island small states,PSS,1992,63889.87,3011.2266,1827395,,
Pacific island small states,PSS,1993,62943.527,3024.6294,1853148,,
Pacific island small states,PSS,1994,62046.492,3126.9631,1878007,,
Pacific island small states,PSS,1995,61185.453,3223.6343,1901782,,-1.489
Pacific island small states,PSS,1996,60294.36,3277.141,1926342,,-1.459
Pacific island small states,PSS,1997,59283.586,3188.2502,1954642,,-1.485
Pacific island small states,PSS,1998,58230.293,3184.3232,1984859,,-1.545
Pacific island small states,PSS,1999,57240.56,3270.7517,2014289,,-1.599
Pacific island small states,PSS,2000,56339.477,3176.398,2042274,,-1.637
Pacific island small states,PSS,2001,55511.035,3163.3357,2069097,,-1.64
Pacific island small states,PSS,2002,54716.38,3186.1475,2095273,,-1.591
Pacific island small states,PSS,2003,53951.254,3207.7354,2120592,,-1.515
Pacific island small states,PSS,2004,53209.848,3296.4443,2145505,,-1.45
Pacific island small states,PSS,2005,52487.977,3338.2808,2170029,,-1.406
Pacific island small states,PSS,2006,51781.312,3378.9866,2194265,,-1.381
Pacific island small states,PSS,2007,51102.203,3346.7498,2218230,,-1.357
Pacific island small states,PSS,2008,50488.33,3378.0642,2240739,,-1.318
Pacific island small states,PSS,2009,49912.266,3326.823,2262456,,-1.271
Pacific island small states,PSS,2010,49217.402,3408.196,2289399,,-1.278
Pacific island small states,PSS,2011,48420.883,3492.055,2320899,,-1.333
Pacific island small states,PSS,2012,47640.465,3481.4414,2351924,,-1.393
Pacific island small states,PSS,2013,46872.82,3547.5632,2382931,,-1.475
Pacific island small states,PSS,2014,46115.29,3626.368,2414338,,-1.57
Pacific island small states,PSS,2015,45372.11,3722.7747,2445989,,-1.614
Pacific island small states,PSS,2016,44648.652,3811.557,2477794,,-1.609
Pacific island small states,PSS,2017,43953.793,3909.8838,2509999,,-1.598
Pacific island small states,PSS,2018,43296.55,3965.6958,2542009,,-1.575
Pacific island small states,PSS,2019,42771.617,3969.0671,2568656,,-1.494
Pacific island small states,PSS,2020,42264.773,3525.386,2595522,,-1.409
Pacific island small states,PSS,2021,41695.066,3390.8687,2625493,,-1.359
Pacific island small states,PSS,2022,41109.25,3635.6267,2656049,,-1.329
Pacific island small states,PSS,2023,,3839.5813,2689224,,
Pacific island small states,PSS,2024,,3921.3733,2722467,,
Pakistan,PAK,1990,473.50287,950.88464,116155576,55,
Pakistan,PAK,1991,458.10272,966.5225,120060410,55,
Pakistan,PAK,1992,445.17526,1011.62506,123546850,55,
Pakistan,PAK,1993,433.0023,1001.25854,127020120,55,
Pakistan,PAK,1994,420.65625,1009.0643,130748080,55,
Pakistan,PAK,1995,408.672,1028.966,134582260,55,-2.902
Pakistan,PAK,1996,396.94827,1047.8866,138557090,55,-2.825
Pakistan,PAK,1997,385.87878,1028.998,142531800,55,-2.818
Pakistan,PAK,1998,375.36935,1026.5004,146522350,55,-2.816
Pakistan,PAK,1999,365.28983,1035.4989,150565380,55,-2.783
Pakistan,PAK,2000,355.11563,1049.5422,154879120,55,-2.77
Pakistan,PAK,2001,345.32358,1057.8677,159270910,55,-2.748
Pakistan,PAK,2002,336.96326,1059.0417,163222540,55,-2.675
Pakistan,PAK,2003,329.12405,1090.2753,167110240,55,-2.595
Pakistan,PAK,2004,321.10037,1146.9963,171286000,55,-2.546
Pakistan,PAK,2005,313.47388,1201.2336,175453220,55,-2.464
Pakistan,PAK,2006,306.09515,1243.9414,179682690,55,-2.383
Pakistan,PAK,2007,298.11392,1265.3557,184493230,55,-2.42
Pakistan,PAK,2008,290.23883,1258.0519,189499120,55,-2.483
Pakistan,PAK,2009,282.95596,1269.0743,194376530,55,-2.498
Pakistan,PAK,2010,276.0503,1256.6948,199239040,55,-2.511
Pakistan,PAK,2011,269.94388,1261.8317,203746060,55,-2.482
Pakistan,PAK,2012,264.84692,1275.488,207667120,55,-2.339
Pakistan,PAK,2013,260.57214,1309.7008,211073980,55,-2.133
Pakistan,PAK,2014,256.6919,1343.3077,214264640,55,-1.929
Pakistan,PAK,2015,253.11693,1380.4702,217290880,55,-1.72
Pakistan,PAK,2016,249.8423,1452.1865,220138860,55,-1.536
Pakistan,PAK,2017,246.33414,1495.2618,223273970,55,-1.439
Pakistan,PAK,2018,242.36667,1561.6816,226928900,55,-1.438
Pakistan,PAK,2019,238.30063,1573.8331,230800900,55,-1.476
Pakistan,PAK,2020,234.04082,1526.006,235001740,55,-1.555
Pakistan,PAK,2021,229.66638,1595.028,239477810,55,-1.67
Pakistan,PAK,2022,225.6867,1642.2806,243700670,55,-1.736
Pakistan,PAK,2023,,1610.3312,247504500,,
Pakistan,PAK,2024,,1634.5674,251269170,,
Palau,PLW,1990,,14267.203,15259,,
Palau,PLW,1991,,14626.751,15614,,
Palau,PLW,1992,,13369.538,15989,,
Palau,PLW,1993,,11450.788,16372,,
Palau,PLW,1994,,11995.101,16770,,
Palau,PLW,1995,,12973.772,17195,,
Palau,PLW,1996,,13950.654,17654,,
Palau,PLW,1997,,13913.705,18108,,
Palau,PLW,1998,,13873.263,18524,,
Palau,PLW,1999,,12862.332,18901,,
Palau,PLW,2000,,12346.468,19178,,
Palau,PLW,2001,,13134.261,19352,,
Palau,PLW,2002,,13647.053,19503,,
Palau,PLW,2003,,13250.687,19659,,
Palau,PLW,2004,,13599.443,19820,,
Palau,PLW,2005,,13992.47,19819,,
Palau,PLW,2006,,14186.154,19593,,
Palau,PLW,2007,,14590.48,19302,,
Palau,PLW,2008,,14045.7295,19009,,
Palau,PLW,2009,,13338.13,18709,,
Palau,PLW,2010,,13206.513,18396,,
Palau,PLW,2011,,14123.126,18078,,
Palau,PLW,2012,,14609.838,17765,,
Palau,PLW,2013,,14331.34,17648,,
Palau,PLW,2014,,15015.003,17715,,
Palau,PLW,2015,,16154.053,17770,,
Palau,PLW,2016,,16343.562,17797,,
Palau,PLW,2017,,15841.618,17812,,
Palau,PLW,2018,,15642.807,17814,,
Palau,PLW,2019,,15600.1875,17798,,
Palau,PLW,2020,,14532.99,17792,,
Palau,PLW,2021,,12612.291,17783,,
Palau,PLW,2022,,12820.377,17759,,
Palau,PLW,2023,,13128.132,17727,,
Palau,PLW,2024,,,17695,,
Panama,PAN,1990,55628.336,4828.759,2455583,136.6,
Panama,PAN,1991,54459.957,5172.607,2508265,136.6,
Panama,PAN,1992,53331.543,5480.881,2561336,136.6,
Panama,PAN,1993,52235.117,5661.076,2615099,136.6,
Panama,PAN,1994,51169.75,5703.6733,2669546,136.6,
Panama,PAN,1995,50136.59,5686.4043,2724557,136.6,-2.057
Panama,PAN,1996,49132.68,5799.8857,2780227,136.6,-2.038
Panama,PAN,1997,48154.63,6122.6465,2836695,136.6,-2.022
Panama,PAN,1998,47202.508,6504.97,2893914,136.6,-2.006
Panama,PAN,1999,46276.504,6709.7227,2951822,136.6,-1.99
Panama,PAN,2000,45376.496,6856.1494,3010369,136.6,-1.975
Panama,PAN,2001,44501.824,6787.863,3069537,136.6,-1.96
Panama,PAN,2002,43651.32,6825.1772,3129344,136.6,-1.945
Panama,PAN,2003,42823.906,7037.0815,3189807,136.6,-1.928
Panama,PAN,2004,42015.836,7468.766,3251155,136.6,-1.913
Panama,PAN,2005,41231.188,7935.8716,3313026,136.6,-1.898
Panama,PAN,2006,40473.785,8557.98,3375024,136.6,-1.88
Panama,PAN,2007,39738.297,9507.646,3437490,136.6,-1.861
Panama,PAN,2008,39021.348,10288.155,3500648,136.6,-1.843
Panama,PAN,2009,38323.625,10267.063,3564381,136.6,-1.823
Panama,PAN,2010,37646.047,10698.071,3628535,136.6,-1.803
Panama,PAN,2011,36983.84,11761.499,3693505,136.6,-1.787
Panama,PAN,2012,36336.977,12668.295,3759256,136.6,-1.774
Panama,PAN,2013,35709.348,13236.831,3825329,136.6,-1.758
Panama,PAN,2014,35096.727,13611.549,3892101,136.6,-1.744
Panama,PAN,2015,34494.645,14082.655,3960035,136.6,-1.733
Panama,PAN,2016,33903.473,14474.124,4029086,136.6,-1.724
Panama,PAN,2017,33327.582,15045.546,4098707,136.6,-1.714
Panama,PAN,2018,32774.613,15375.644,4167860,136.6,-1.701
Panama,PAN,2019,32257.303,15602.542,4234700,136.6,-1.673
Panama,PAN,2020,31817.307,12647.083,4293261,136.6,-1.603
Panama,PAN,2021,31435.504,14552.94,4345405,136.6,-1.5
Panama,PAN,2022,31040.002,15956.065,4400773,136.6,-1.412
Panama,PAN,2023,,16877.15,4458759,,
Panama,PAN,2024,,17122.72,4515577,,
Papua New Guinea,PNG,1990,205570.11,1892.3068,3896481,801,
Papua New Guinea,PNG,1991,199162.72,2008.3516,4021837,801,
Papua New Guinea,PNG,1992,192238.52,2206.9963,4166699,801,
Papua New Guinea,PNG,1993,185379.25,2515.6384,4320872,801,
Papua New Guinea,PNG,1994,178786.34,2570.337,4480208,801,
Papua New Guinea,PNG,1995,172470.3,2397.4004,4644278,801,-3.45
Papua New Guinea,PNG,1996,166411.78,2492.0796,4813361,801,-3.529
Papua New Guinea,PNG,1997,160589.17,2310.9878,4987883,801,-3.534
Papua New Guinea,PNG,1998,155040.56,2147.0452,5166390,801,-3.511
Papua New Guinea,PNG,1999,149738.3,2112.0952,5349333,801,-3.484
Papua New Guinea,PNG,2000,144661.5,1989.5789,5537064,801,-3.455
Papua New Guinea,PNG,2001,139828.77,1920.78,5728435,801,-3.421
Papua New Guinea,PNG,2002,135212.62,1854.4183,5924003,801,-3.382
Papua New Guinea,PNG,2003,130796.93,1832.6787,6123997,801,-3.344
Papua New Guinea,PNG,2004,126579.46,1821.8474,6328041,801,-3.305
Papua New Guinea,PNG,2005,122553.805,1875.8228,6535905,801,-3.263
Papua New Guinea,PNG,2006,118706.766,1915.235,6747720,801,-3.222
Papua New Guinea,PNG,2007,115030.92,2000.9727,6963345,801,-3.181
Papua New Guinea,PNG,2008,111513.266,1934.032,7183002,801,-3.14
Papua New Guinea,PNG,2009,108149.16,2003.2411,7406438,801,-3.098
Papua New Guinea,PNG,2010,104931.89,2140.5093,7633523,801,-3.057
Papua New Guinea,PNG,2011,101916.875,2102.032,7859346,801,-3.004
Papua New Guinea,PNG,2012,99116.61,2139.481,8081390,801,-2.934
Papua New Guinea,PNG,2013,96474.664,2162.106,8302698,801,-2.856
Papua New Guinea,PNG,2014,93976.13,2391.358,8523441,801,-2.77
Papua New Guinea,PNG,2015,91613.57,2484.5964,8743246,801,-2.678
Papua New Guinea,PNG,2016,89380.18,2557.0947,8961718,801,-2.591
Papua New Guinea,PNG,2017,87267.125,2584.8884,9178714,801,-2.514
Papua New Guinea,PNG,2018,85262.54,2518.459,9394513,801,-2.441
Papua New Guinea,PNG,2019,83359.266,2572.5618,9609010,801,-2.369
Papua New Guinea,PNG,2020,81603.58,2438.6113,9815746,801,-2.288
Papua New Guinea,PNG,2021,79996.836,2378.3716,10012896,801,-2.194
Papua New Guinea,PNG,2022,78505.02,2467.2349,10203169,801,-2.094
Papua New Guinea,PNG,2023,,2515.2908,10389635,,
Papua New Guinea,PNG,2024,,2564.7375,10576502,,
Paraguay,PRY,1990,28990.916,4059.7734,4035747,117,
Paraguay,PRY,1991,28231.111,4091.4905,4144364,117,
Paraguay,PRY,1992,27506.113,4054.0442,4253600,117,
Paraguay,PRY,1993,26818.28,4147.784,4362696,117,
Paraguay,PRY,1994,26166.201,4262.145,4471417,117,
Paraguay,PRY,1995,25546.934,4445.19,4579806,117,-2.498
Paraguay,PRY,1996,24959.771,4411.3726,4687543,117,-2.433
Paraguay,PRY,1997,24403.41,4496.0234,4794412,117,-2.365
Paraguay,PRY,1998,23877.43,4402.1113,4900025,117,-2.296
Paraguay,PRY,1999,23385.338,4252.4907,5003135,117,-2.222
Paraguay,PRY,2000,22937.273,4074.4895,5100868,117,-2.132
Paraguay,PRY,2001,22553.395,3972.8843,5187689,117,-2.007
Paraguay,PRY,2002,22237.732,3916.4402,5261328,117,-1.841
Paraguay,PRY,2003,21965.908,4035.7183,5326436,117,-1.655
Paraguay,PRY,2004,21714.217,4151.3457,5388175,117,-1.472
Paraguay,PRY,2005,21475.389,4193.281,5448097,117,-1.308
Paraguay,PRY,2006,21252.834,4349.312,5505148,117,-1.181
Paraguay,PRY,2007,21045.49,4540.3823,5559386,117,-1.096
Paraguay,PRY,2008,20842.336,4788.663,5613574,117,-1.045
Paraguay,PRY,2009,20630.424,4727.5967,5671236,117,-1.019
Paraguay,PRY,2010,20390.482,5191.0503,5737971,117,-1.031
Paraguay,PRY,2011,20121.672,5342.19,5814626,117,-1.088
Paraguay,PRY,2012,19840.57,5230.262,5897008,117,-1.172
Paraguay,PRY,2013,19557.22,5583.1226,5982445,117,-1.265
Paraguay,PRY,2014,19275.725,5794.4766,6069811,117,-1.349
Paraguay,PRY,2015,18996.273,5879.338,6159103,117,-1.407
Paraguay,PRY,2016,18722.62,6041.959,6249126,117,-1.431
Paraguay,PRY,2017,18458.16,6243.134,6338660,117,-1.434
Paraguay,PRY,2018,18203.367,6354.2393,6427382,117,-1.425
Paraguay,PRY,2019,17958.396,6243.536,6515058,117,-1.406
Paraguay,PRY,2020,17717.236,6109.1963,6603739,117,-1.384
Paraguay,PRY,2021,17504.012,6278.11,6684182,117,-1.337
Paraguay,PRY,2022,17306.504,6218.1978,6760464,117,-1.28
Paraguay,PRY,2023,,6449.2305,6844146,,
Paraguay,PRY,2024,,6640.8384,6929153,,
Peru,PER,1990,74540.86,2706.9226,22014772,1641,
Peru,PER,1991,72985.96,2709.2776,22483776,1641,
Peru,PER,1992,71514.67,2640.3137,22946340,1641,
Peru,PER,1993,70086.92,2723.2842,23413784,1641,
Peru,PER,1994,68714.3,2998.577,23881492,1641,
Peru,PER,1995,67395.19,3158.9834,24348920,1641,-1.995
Peru,PER,1996,66139.56,3186.901,24811172,1641,-1.951
Peru,PER,1997,64928.008,3331.1516,25274148,1641,-1.914
Peru,PER,1998,63757.633,3258.2974,25738096,1641,-1.875
Peru,PER,1999,62665.867,3250.378,26186504,1641,-1.826
Peru,PER,2000,61695.6,3286.2732,26598332,1641,-1.752
Peru,PER,2001,60857.566,3261.6643,26964600,1641,-1.651
Peru,PER,2002,60135.844,3398.75,27288216,1641,-1.522
Peru,PER,2003,59498.582,3502.7917,27580490,1641,-1.373
Peru,PER,2004,58918.168,3640.603,27852190,1641,-1.226
Peru,PER,2005,58396.125,3835.132,28101180,1641,-1.093
Peru,PER,2006,57935.727,4091.3628,28324492,1641,-0.979
Peru,PER,2007,57516.992,4407.791,28530700,1641,-0.887
Peru,PER,2008,57139.79,4778.5264,28719040,1641,-0.806
Peru,PER,2009,56788.273,4801.1714,28896812,1641,-0.734
Peru,PER,2010,56418.86,5167.3926,29086020,1641,-0.687
Peru,PER,2011,55999.016,5453.457,29304086,1641,-0.678
Peru,PER,2012,55532.31,5740.0435,29550366,1641,-0.7
Peru,PER,2013,55034.023,6021.4614,29817920,1641,-0.748
Peru,PER,2014,54489.62,6103.9185,30115826,1641,-0.823
Peru,PER,2015,53878.18,6231.7114,30457600,1641,-0.917
Peru,PER,2016,53164.445,6392.255,30866494,1641,-1.034
Peru,PER,2017,52386.88,6457.4194,31324636,1641,-1.159
Peru,PER,2018,51445.902,6593.1445,31897584,1641,-1.339
Peru,PER,2019,50571.195,6626.2607,32449304,1641,-1.481
Peru,PER,2020,49971.71,5831.83,32838580,1641,-1.494
Peru,PER,2021,49493.48,6547.847,33155882,1641,-1.421
Peru,PER,2022,49021.016,6667.517,33475438,1641,-1.319
Peru,PER,2023,,6568.0005,33845616,,
Peru,PER,2024,,6711.194,34217850,,
Philippines,PHL,1990,7620.755,1704.0757,62854664,479,
Philippines,PHL,1991,7439.939,1656.3835,64382250,479,
Philippines,PHL,1992,7265.7085,1624.3494,65926124,479,
Philippines,PHL,1993,7093.0786,1620.3551,67530620,479,
Philippines,PHL,1994,6940.089,1654.7461,69019290,479,
Philippines,PHL,1995,6789.872,1693.8087,70546250,479,-2.282
Philippines,PHL,1996,6635.2456,1752.238,72190240,479,-2.263
Philippines,PHL,1997,6480.9595,1800.2592,73908810,479,-2.26
Philippines,PHL,1998,6320.01,1746.5259,75791020,479,-2.282
Philippines,PHL,1999,6160.5137,1759.421,77753256,479,-2.355
Philippines,PHL,2000,6015.6685,1793.3477,79625400,479,-2.392
Philippines,PHL,2001,5884.413,1807.709,81401490,479,-2.373
Philippines,PHL,2002,5766.2983,1837.2543,83068890,479,-2.31
Philippines,PHL,2003,5653.129,1892.8217,84731830,479,-2.206
Philippines,PHL,2004,5544.334,1978.3448,86394504,479,-2.086
Philippines,PHL,2005,5442.195,2037.8777,88015960,479,-1.984
Philippines,PHL,2006,5351.418,2110.4204,89508984,479,-1.881
Philippines,PHL,2007,5259.391,2209.3464,91075180,479,-1.823
Philippines,PHL,2008,5167.2563,2264.9463,92699096,479,-1.781
Philippines,PHL,2009,5074.9995,2256.7256,94384250,479,-1.753
Philippines,PHL,2010,4972.1226,2373.143,96337130,479,-1.79
Philippines,PHL,2011,4875.3867,2416.7522,98248616,479,-1.846
Philippines,PHL,2012,4781.608,2533.7415,100175510,479,-1.887
Philippines,PHL,2013,4692.5664,2654.415,102076340,479,-1.909
Philippines,PHL,2014,4616.1055,2776.9202,103767130,479,-1.878
Philippines,PHL,2015,4548.3467,2909.8582,105312990,479,-1.766
Philippines,PHL,2016,4487.7197,3076.3374,106735720,479,-1.643
Philippines,PHL,2017,4430.2754,3247.4504,108119700,479,-1.515
Philippines,PHL,2018,4375.8164,3410.9365,109465290,479,-1.388
Philippines,PHL,2019,4322.922,3575.8816,110804680,479,-1.304
Philippines,PHL,2020,4273.685,3198.667,112081260,479,-1.238
Philippines,PHL,2021,4235.1543,3350.9758,113100950,479,-1.152
Philippines,PHL,2022,4203.0693,3577.7014,113964340,479,-1.047
Philippines,PHL,2023,,3744.6978,114891200,,
Philippines,PHL,2024,,3925.305,115843670,,
Poland,POL,1990,1406.4261,5111.345,38110784,53.6,
Poland,POL,1991,1401.4467,4735.9277,38246190,53.6,
Poland,POL,1992,1397.1553,4840.1685,38363668,53.6,
Poland,POL,1993,1393.6047,5008.349,38461410,53.6,
Poland,POL,1994,1390.6671,5262.3154,38542652,53.6,
Poland,POL,1995,1388.781,5671.8955,38595000,53.6,-0.252
Poland,POL,1996,1387.7249,6012.958,38624370,53.6,-0.197
Poland,POL,1997,1386.8169,6391.132,38649660,53.6,-0.148
Poland,POL,1998,1386.3212,6684.1147,38663480,53.6,-0.105
Poland,POL,1999,1386.4363,6998.795,38660270,53.6,-0.061
Poland,POL,2000,1400.9911,7401.577,38258628,53.6,0.175
Poland,POL,2001,1401.3777,7494.961,38248076,53.6,0.196
Poland,POL,2002,1402.027,7640.993,38230364,53.6,0.218
Poland,POL,2003,1402.9735,7915.554,38204570,53.6,0.239
Poland,POL,2004,1403.7947,8323.388,38182224,53.6,0.249
Poland,POL,2005,1404.4117,8598.577,38165444,53.6,0.049
Poland,POL,2006,1405.302,9137.658,38141268,53.6,0.056
Poland,POL,2007,1406.0654,9760.704,38120560,53.6,0.058
Poland,POL,2008,1405.8737,10187.202,38125760,53.6,0.041
Poland,POL,2009,1404.9213,10446.529,38151604,53.6,0.016
Poland,POL,2010,1408.9396,10808.397,38042790,53.6,0.064
Poland,POL,2011,1408.1823,11370.313,38063256,53.6,0.041
Poland,POL,2012,1408.1857,11542.235,38063164,53.6,0.03
Poland,POL,2013,1409.0359,11628.229,38040196,53.6,0.045
Poland,POL,2014,1410.0908,12093.162,38011736,53.6,0.073
Poland,POL,2015,1411.0309,12637.522,37986412,53.6,0.03
Poland,POL,2016,1411.6376,13026.186,37970090,53.6,0.049
Poland,POL,2017,1411.4614,13695.6455,37974824,53.6,0.046
Poland,POL,2018,1411.4642,14551.085,37974750,53.6,0.034
Poland,POL,2019,1411.809,15221.309,37965476,53.6,0.024
Poland,POL,2020,1428.7334,15090.223,37515748,53.6,0.25
Poland,POL,2021,1449.371,16368.624,36981560,53.6,0.529
Poland,POL,2022,1455.6614,17303.645,36821748,53.6,0.619
Poland,POL,2023,,17410.383,36687350,,
Poland,POL,2024,,18000.504,36559230,,
Portugal,PRT,1990,3806.388,14593.2705,9983218,38,
Portugal,PRT,1991,3815.1711,15265.879,9960235,38,
Portugal,PRT,1992,3818.1384,15444.2,9952494,38,
Portugal,PRT,1993,3813.4712,15110.14,9964675,38,
Portugal,PRT,1994,3803.2231,15214.931,9991525,38,
Portugal,PRT,1995,3790.079,15811.717,10026176,38,-0.086
Portugal,PRT,1996,3775.8552,16304.38,10063945,38,-0.207
Portugal,PRT,1997,3759.0352,16946.086,10108977,38,-0.312
Portugal,PRT,1998,3740.0854,17671.314,10160196,38,-0.388
Portugal,PRT,1999,3718.99,18258.092,10217828,38,-0.447
Portugal,PRT,2000,3692.9424,18822.094,10289898,38,-0.518
Portugal,PRT,2001,3666.9902,19053.09,10362722,38,-0.583
Portugal,PRT,2002,3646.9622,19095.11,10419631,38,-0.604
Portugal,PRT,2003,3633.2966,18846.541,10458821,38,-0.578
Portugal,PRT,2004,3624.619,19137.838,10483861,38,-0.513
Portugal,PRT,2005,3617.9001,19251.715,10503330,38,-0.41
Portugal,PRT,2006,3611.3818,19529.312,10522288,38,-0.305
Portugal,PRT,2007,3604.2996,19979.57,10542964,38,-0.235
Portugal,PRT,2008,3599.1062,20014.475,10558177,38,-0.189
Portugal,PRT,2009,3595.6768,19371.133,10568247,38,-0.16
Portugal,PRT,2010,3594.0264,19698.684,10573100,38,-0.132
Portugal,PRT,2011,3599.3164,19389.639,10557560,38,-0.067
Portugal,PRT,2012,3613.9385,18679.762,10514844,38,0.053
Portugal,PRT,2013,3633.827,18597.72,10457295,38,0.192
Portugal,PRT,2014,3653.4731,18836.896,10401062,38,0.319
Portugal,PRT,2015,3668.635,19215.781,10358076,38,0.412
Portugal,PRT,2016,3680.2263,19662.822,10325452,38,0.446
Portugal,PRT,2017,3689.213,20364.195,10300300,38,0.413
Portugal,PRT,2018,3695.1243,20997.775,10283822,38,0.335
Portugal,PRT,2019,3694.2473,21569.188,10286263,38,0.222
Portugal,PRT,2020,3690.3662,19778.715,10297081,38,0.118
Portugal,PRT,2021,3667.3054,20747.7,10361831,38,-0.07
Portugal,PRT,2022,3641.824,22042.867,10434332,38,-0.258
Portugal,PRT,2023,,22417.162,10578174,,
Portugal,PRT,2024,,22647.379,10694681,,
Post-demographic dividend,PST,1990,9961.553,27762.15,964371650,8674.853,
Post-demographic dividend,PST,1991,9884.027,27851.418,971291900,8674.853,
Post-demographic dividend,PST,1992,9225.568,28201.85,978087900,8871.282,
Post-demographic dividend,PST,1993,9083.236,28366.367,984398100,8884.433,
Post-demographic dividend,PST,1994,9032.598,29116.654,990028800,8884.433,
Post-demographic dividend,PST,1995,8985.31,29766.56,995338500,8884.433,-2.042
Post-demographic dividend,PST,1996,8938.186,30473.154,1000836740,8884.433,-1.992
Post-demographic dividend,PST,1997,8891.586,31355.766,1006102000,8884.433,-0.735
Post-demographic dividend,PST,1998,8847.979,32079.596,1011086000,8884.433,-0.523
Post-demographic dividend,PST,1999,8805.568,33056.355,1015990100,8884.433,-0.508
Post-demographic dividend,PST,2000,8761.293,34226.703,1021150600,8884.433,-0.504
Post-demographic dividend,PST,2001,8719.138,34578.996,1026105860,8884.433,-0.495
Post-demographic dividend,PST,2002,8675.187,34929.684,1031302500,8884.433,-0.492
Post-demographic dividend,PST,2003,8631.325,35459.863,1036498600,8884.433,-0.495
Post-demographic dividend,PST,2004,8586.875,36405.758,1041890750,8884.433,-0.502
Post-demographic dividend,PST,2005,8543.928,37234.418,1047140100,8884.433,-0.501
Post-demographic dividend,PST,2006,8497.699,38117.824,1052866370,8884.433,-0.513
Post-demographic dividend,PST,2007,8447.605,38864.75,1059147300,8884.433,-0.53
Post-demographic dividend,PST,2008,8396.549,38770.227,1065603700,8884.433,-0.55
Post-demographic dividend,PST,2009,8353.09,37270.434,1071118140,8884.433,-0.551
Post-demographic dividend,PST,2010,8313.717,38170.97,1076208600,8884.433,-0.545
Post-demographic dividend,PST,2011,8288.901,38689.21,1079468000,8884.433,-0.496
Post-demographic dividend,PST,2012,8253.262,38998.324,1084193300,8884.433,-0.464
Post-demographic dividend,PST,2013,8221.353,39436.99,1088424200,8884.433,-0.421
Post-demographic dividend,PST,2014,8187.102,40062.297,1093025500,8884.433,-0.401
Post-demographic dividend,PST,2015,8151.185,40775.95,1097890200,8884.433,-0.394
Post-demographic dividend,PST,2016,8113.8013,41324.496,1102966900,8884.433,-0.426
Post-demographic dividend,PST,2017,8083.2236,42190.984,1107161600,8884.433,-0.415
Post-demographic dividend,PST,2018,8052.847,42982.195,1111377400,8884.433,-0.413
Post-demographic dividend,PST,2019,8027.7227,43623.8,1114898800,8884.433,-0.392
Post-demographic dividend,PST,2020,8012.359,41771.3,1117007500,8884.433,-0.343
Post-demographic dividend,PST,2021,8014.917,44164.164,1116582800,8884.433,-0.245
Post-demographic dividend,PST,2022,8008.529,45364.566,1117394700,,-0.186
Post-demographic dividend,PST,2023,,46034.02,1121315600,,
Post-demographic dividend,PST,2024,,46567.258,1128377900,,
Pre-demographic dividend,PRE,1990,8984.483,1131.4116,422471100,3537.005,
Pre-demographic dividend,PRE,1991,8757.456,1014.2207,433111900,3537.005,
Pre-demographic dividend,PRE,1992,8506.994,1007.6753,445412000,3537.005,
Pre-demographic dividend,PRE,1993,8210.573,970.2714,459529200,3539.805,
Pre-demographic dividend,PRE,1994,7938.4277,939.26733,475022700,3539.805,
Pre-demographic dividend,PRE,1995,7691.539,938.8098,490118620,3539.805,-3.06
Pre-demographic dividend,PRE,1996,7487.132,965.6966,503373630,3539.805,-3.086
Pre-demographic dividend,PRE,1997,7292.2393,999.6395,516729800,3539.805,-3.035
Pre-demographic dividend,PRE,1998,7088.5254,1039.3131,531450200,3539.805,-2.896
Pre-demographic dividend,PRE,1999,6886.9434,1052.4862,546890050,3539.805,-2.802
Pre-demographic dividend,PRE,2000,6696.8325,1079.4271,562428000,3539.805,-2.732
Pre-demographic dividend,PRE,2001,6509.84,1094.9718,578587400,3539.805,-2.759
Pre-demographic dividend,PRE,2002,6317.82,1126.61,596114560,3539.805,-2.828
Pre-demographic dividend,PRE,2003,6129.851,1087.092,614269100,3539.805,-2.864
Pre-demographic dividend,PRE,2004,5952.6963,1182.638,632445400,3539.805,-2.874
Pre-demographic dividend,PRE,2005,5779.575,1216.9213,651320640,3539.805,-2.903
Pre-demographic dividend,PRE,2006,5616.418,1256.1062,670229200,3539.805,-2.909
Pre-demographic dividend,PRE,2007,5466.292,1296.5365,688722600,3539.805,-2.854
Pre-demographic dividend,PRE,2008,5312.194,1340.2778,708796300,3539.805,-2.823
Pre-demographic dividend,PRE,2009,5156.4478,1363.838,730293950,3539.805,-2.831
Pre-demographic dividend,PRE,2010,5007.6016,1412.499,752046660,3539.805,-2.827
Pre-demographic dividend,PRE,2011,4861.445,1431.2665,774567400,3539.805,-2.846
Pre-demographic dividend,PRE,2012,4473.425,1449.4438,798002750,3569.805,-3.93
Pre-demographic dividend,PRE,2013,4342.097,1490.0962,822138430,3569.805,-3.953
Pre-demographic dividend,PRE,2014,4217.5303,1522.2183,846420740,3569.805,-3.94
Pre-demographic dividend,PRE,2015,4100.4536,1524.9861,870587800,3569.805,-3.918
Pre-demographic dividend,PRE,2016,3987.5403,1518.3655,895239900,3569.805,-3.886
Pre-demographic dividend,PRE,2017,3877.8257,1501.0048,920568700,3569.805,-2.817
Pre-demographic dividend,PRE,2018,3772.3135,1498.9714,946317200,3569.805,-2.774
Pre-demographic dividend,PRE,2019,3671.4963,1505.9558,972302500,3569.805,-2.735
Pre-demographic dividend,PRE,2020,3574.723,1406.4839,998624260,3569.805,-2.707
Pre-demographic dividend,PRE,2021,3482.8713,1402.7086,1024960300,3569.805,-2.67
Pre-demographic dividend,PRE,2022,3395.9282,1431.6539,1051201540,,-2.619
Pre-demographic dividend,PRE,2023,,1429.952,1078224000,,
Pre-demographic dividend,PRE,2024,,1440.2839,1105951700,,
Puerto Rico (US),PRI,1990,2007.3508,18733.645,3537000,7.1,
Puerto Rico (US),PRI,1991,1993.2007,19030.242,3562110,7.1,
Puerto Rico (US),PRI,1992,1980.377,19770.768,3585176,7.1,
Puerto Rico (US),PRI,1993,1963.7688,20515.521,3615497,7.1,
Puerto Rico (US),PRI,1994,1945.6122,21176.67,3649237,7.1,
Puerto Rico (US),PRI,1995,1927.7224,21936.418,3683103,7.1,-0.806
Puerto Rico (US),PRI,1996,1906.2168,22193.58,3724655,7.1,-0.888
Puerto Rico (US),PRI,1997,1888.5842,23061.334,3759430,7.1,-0.945
Puerto Rico (US),PRI,1998,1877.7599,24197.31,3781101,7.1,-0.892
Puerto Rico (US),PRI,1999,1868.3812,25374.102,3800081,7.1,-0.807
Puerto Rico (US),PRI,2000,1863.2212,26131.963,3810605,7.1,-0.678
Puerto Rico (US),PRI,2001,1859.2355,27722.367,3818774,7.1,-0.498
Puerto Rico (US),PRI,2002,1856.8397,27940.383,3823701,7.1,-0.338
Puerto Rico (US),PRI,2003,1855.6779,27937.816,3826095,7.1,-0.236
Puerto Rico (US),PRI,2004,1855.2982,30375.79,3826878,7.1,-0.14
Puerto Rico (US),PRI,2005,1857.9763,29815.217,3821362,7.1,-0.056
Puerto Rico (US),PRI,2006,1865.8608,29519.738,3805214,7.1,0.071
Puerto Rico (US),PRI,2007,1876.8198,29347.846,3782995,7.1,0.214
Puerto Rico (US),PRI,2008,1887.863,28976.13,3760866,7.1,0.345
Puerto Rico (US),PRI,2009,1898.1876,28565.768,3740410,7.1,0.458
Puerto Rico (US),PRI,2010,1906.3141,28569.508,3724465,7.1,0.515
Puerto Rico (US),PRI,2011,1922.3147,28706.021,3693464,7.1,0.598
Puerto Rico (US),PRI,2012,1939.337,28968.693,3661045,7.1,0.657
Puerto Rico (US),PRI,2013,1955.1543,29115.355,3631427,7.1,0.703
Puerto Rico (US),PRI,2014,1980.4648,29141.203,3585017,7.1,0.852
Puerto Rico (US),PRI,2015,2008.3917,29242.041,3535167,7.1,1.049
Puerto Rico (US),PRI,2016,2039.9767,29326.574,3480432,7.1,1.195
Puerto Rico (US),PRI,2017,2081.6006,29061.557,3410837,7.1,1.426
Puerto Rico (US),PRI,2018,2157.6023,28808.852,3290690,7.1,1.99
Puerto Rico (US),PRI,2019,2149.7622,29185.098,3302691,7.1,1.654
Puerto Rico (US),PRI,2020,2163.5854,28144.723,3281590,7.1,1.5
Puerto Rico (US),PRI,2021,2176.1045,28416.623,3262711,7.1,1.3
Puerto Rico (US),PRI,2022,2204.8752,29643.74,3220137,7.1,1.157
Puerto Rico (US),PRI,2023,,30012.924,3203792,,
Puerto Rico (US),PRI,2024,,30971.262,3203295,,
Qatar,QAT,1990,127.22213,40125.4,440175,0.056,
Qatar,QAT,1991,123.1167,38185.105,454853,0.056,
Qatar,QAT,1992,119.235954,41171.676,469657,0.056,
Qatar,QAT,1993,115.57234,39377.83,484545,0.056,
Qatar,QAT,1994,112.121315,38743.97,499459,0.056,
Qatar,QAT,1995,108.88057,38526.81,514325,0.056,-3.066
Qatar,QAT,1996,105.85631,39095.01,529019,0.056,-2.976
Qatar,QAT,1997,101.7257,48844.86,550500,0.056,-3.127
Qatar,QAT,1998,96.461914,51513.57,580540,0.056,-3.55
Qatar,QAT,1999,91.42857,50917.336,612500,0.056,-3.998
Qatar,QAT,2000,86.82319,52234.363,644989,0.056,-4.427
Qatar,QAT,2001,82.60501,51633.9,677925,0.056,-4.839
Qatar,QAT,2002,78.7396,52752.645,711205,0.056,-4.994
Qatar,QAT,2003,75.19988,52255.32,744682,0.056,-4.858
Qatar,QAT,2004,72.41392,59990.234,773332,0.056,-4.556
Qatar,QAT,2005,67.84524,60416.71,825408,0.056,-4.813
Qatar,QAT,2006,57.563953,64676.32,972831,0.056,-6.969
Qatar,QAT,2007,46.334793,61423.01,1208595,0.056,-10.062
Qatar,QAT,2008,39.244873,61213.72,1426938,0.056,-12.196
Qatar,QAT,2009,34.806324,60781.8,1608903,0.056,-13.629
Qatar,QAT,2010,34.63563,72333.805,1616832,0.056,-12.582
Qatar,QAT,2011,34.466606,81608.41,1624761,0.056,-9.75
Qatar,QAT,2012,32.512054,80621.76,1722438,0.056,-6.84
Qatar,QAT,2013,29.22106,76486.914,1916426,0.056,-5.728
Qatar,QAT,2014,26.025389,71756.02,2151745,0.056,-5.649
Qatar,QAT,2015,23.885109,68985.24,2344557,0.056,-7.163
Qatar,QAT,2016,22.606962,67294.35,2477113,0.056,-8.089
Qatar,QAT,2017,21.996841,64497.625,2545820,0.056,-7.517
Qatar,QAT,2018,21.699253,64410.72,2580734,0.056,-5.779
Qatar,QAT,2019,21.222918,63430.37,2638657,0.056,-3.998
Qatar,QAT,2020,20.041887,57769.582,2794148,0.056,-3.448
Qatar,QAT,2021,22.356092,65488.547,2504910,0.056,-0.223
Qatar,QAT,2022,21.073761,64315.637,2657333,0.056,-0.854
Qatar,QAT,2023,,65337.95,2656032,,
Qatar,QAT,2024,,62157.375,2857822,,
Romania,ROU,1990,1826.5797,5019.437,23201836,42.38,
Romania,ROU,1991,1842.5161,4409.152,23001156,42.38,
Romania,ROU,1992,1859.238,4059.0986,22794284,42.38,
Romania,ROU,1993,1861.7704,4126.7686,22763280,42.38,
Romania,ROU,1994,1864.479,4295.2705,22730212,42.38,
Romania,ROU,1995,1868.255,4572.258,22684270,42.38,0.452
Romania,ROU,1996,1873.6458,4764.6367,22619004,42.38,0.336
Romania,ROU,1997,1879.0477,4546.6675,22553978,42.38,0.212
Romania,ROU,1998,1882.9409,4463.608,22507344,42.38,0.226
Romania,ROU,1999,1885.899,4453.7812,22472040,42.38,0.229
Romania,ROU,2000,1888.3418,4569.311,22442972,42.38,0.214
Romania,ROU,2001,1914.877,4875.303,22131970,42.38,0.436
Romania,ROU,2002,1950.2546,5248.55,21730496,42.38,0.747
Romania,ROU,2003,1964.372,5410.3086,21574326,42.38,0.85
Romania,ROU,2004,1975.5966,6008.6406,21451748,42.38,0.934
Romania,ROU,2005,1987.8342,6328.0903,21319684,42.38,1.032
Romania,ROU,2006,1999.6451,6876.7783,21193760,42.38,0.87
Romania,ROU,2007,2029.4037,7483.9736,20882982,42.38,0.799
Romania,ROU,2008,2063.5046,8318.004,20537876,42.38,0.99
Romania,ROU,2009,2080.7673,7924.8706,20367488,42.38,1.043
Romania,ROU,2010,2093.1628,7660.7065,20246872,42.38,1.038
Romania,ROU,2011,2103.484,8044.572,20147528,42.38,1.018
Romania,ROU,2012,2112.869,8234.285,20058036,42.38,0.809
Romania,ROU,2013,2120.7292,8287.958,19983692,42.38,0.549
Romania,ROU,2014,2128.6877,8661.474,19908980,42.38,0.456
Romania,ROU,2015,2138.7173,8977.018,19815616,42.38,0.432
Romania,ROU,2016,2151.0215,9286.877,19702268,42.38,0.448
Romania,ROU,2017,2163.4905,10106.227,19588716,42.38,0.475
Romania,ROU,2018,2176.2383,10714.17,19473970,42.38,0.518
Romania,ROU,2019,2187.7334,11197.316,19371648,42.38,0.549
Romania,ROU,2020,2199.8157,10854.05,19265250,42.38,0.565
Romania,ROU,2021,2216.2886,11546.322,19122060,42.38,0.6
Romania,ROU,2022,2224.847,12076.304,19048502,42.38,0.561
Romania,ROU,2023,,12340.817,19061062,,
Romania,ROU,2024,,12459.911,19051804,,
Russian Federation,RUS,1990,,7849.519,147969400,,
Russian Federation,RUS,1991,,7432.0215,148394200,,
Russian Federation,RUS,1992,29029.57,6345.912,148538190,4312,
Russian Federation,RUS,1993,29045.1,5798.9146,148458780,4312,
Russian Federation,RUS,1994,29055.055,5071.7427,148407900,4312,
Russian Federation,RUS,1995,29061.346,4862.6465,148375790,4312,
Russian Federation,RUS,1996,29103.646,4686.863,148160130,4312,
Russian Federation,RUS,1997,29151.807,4760.3394,147915360,4312,0.084
Russian Federation,RUS,1998,29200.088,4515.5093,147670780,4312,0.107
Russian Federation,RUS,1999,29290.537,4819.3804,147214780,4312,0.162
Russian Federation,RUS,2000,29413.998,5323.6665,146596860,4312,0.242
Russian Federation,RUS,2001,29539.004,5618.9556,145976480,4312,0.297
Russian Federation,RUS,2002,29675.205,5910.172,145306500,4312,0.357
Russian Federation,RUS,2003,29810.17,6370.4536,144648620,4312,0.414
Russian Federation,RUS,2004,29930.453,6856.678,144067310,4312,0.433
Russian Federation,RUS,2005,30044.842,7323.3853,143518820,4312,0.425
Russian Federation,RUS,2006,30143.383,7949.897,143049630,4312,0.406
Russian Federation,RUS,2007,30194.998,8640.406,142805120,4312,0.348
Russian Federation,RUS,2008,30208.27,9093.7,142742370,4312,0.266
Russian Federation,RUS,2009,30199.178,8381.868,142785340,4312,0.179
Russian Federation,RUS,2010,30185.621,8755.12,142849470,4312,0.094
Russian Federation,RUS,2011,30150.01,9120.82,143018190,4312,0.004
Russian Federation,RUS,2012,30074.256,9464.011,143378450,4312,-0.08
Russian Federation,RUS,2013,29984.916,9601.537,143805630,4312,-0.148
Russian Federation,RUS,2014,29895.195,9493.8125,144237220,4312,-0.202
Russian Federation,RUS,2015,29811.799,9277.714,144640720,4312,-0.249
Russian Federation,RUS,2016,29734.76,9269.319,145015460,4312,-0.277
Russian Federation,RUS,2017,29677.908,9418.914,145293260,4312,-0.265
Russian Federation,RUS,2018,29656.508,9674.787,145398110,4312,-0.22
Russian Federation,RUS,2019,29645.256,9882.024,145453300,4312,-0.168
Russian Federation,RUS,2020,29687.738,9632.325,145245150,4312,-0.083
Russian Federation,RUS,2021,29789.959,10231.318,144746770,4312,0.037
Russian Federation,RUS,2022,29895.256,10119.0625,144236930,4312,0.146
Russian Federation,RUS,2023,,10562.026,143826130,,
Russian Federation,RUS,2024,,11043.26,143533860,,
Rwanda,RWA,1990,1288.082,368.2196,7375307,9.5,
Rwanda,RWA,1991,1262.1288,351.72855,7526966,9.5,
Rwanda,RWA,1992,1236.4534,364.8092,7683266,9.5,
Rwanda,RWA,1993,1190.3074,322.71683,7981132,9.5,
Rwanda,RWA,1994,1398.6318,188.65828,6792352,9.5,
Rwanda,RWA,1995,1674.269,305.38782,5674118,9.5,5.384
Rwanda,RWA,1996,1416.0581,291.21085,6708764,9.5,2.328
Rwanda,RWA,1997,1224.9785,286.8052,7755238,9.5,-0.186
Rwanda,RWA,1998,1175.498,299.60114,8081681,9.5,-0.25
Rwanda,RWA,1999,1165.9429,310.09814,8147912,9.5,-3.574
Rwanda,RWA,2000,1156.5717,333.3551,8213931,9.5,-7.131
Rwanda,RWA,2001,1146.3608,358.44604,8287094,9.5,-4.138
Rwanda,RWA,2002,1130.9281,400.27042,8400180,9.5,-1.585
Rwanda,RWA,2003,1106.3396,400.19162,8586875,9.5,-1.205
Rwanda,RWA,2004,1077.483,418.781,8816844,9.5,-1.566
Rwanda,RWA,2005,1049.1989,446.02982,9054528,9.5,-1.93
Rwanda,RWA,2006,1021.5882,474.3646,9299246,9.5,-2.278
Rwanda,RWA,2007,994.77136,497.17163,9549933,9.5,-2.533
Rwanda,RWA,2008,968.96564,538.3254,9804269,9.5,-2.617
Rwanda,RWA,2009,944.29346,557.3978,10060432,9.5,-2.604
Rwanda,RWA,2010,920.761,583.3714,10317553,9.5,-2.578
Rwanda,RWA,2011,898.4528,614.5397,10573733,9.5,-2.536
Rwanda,RWA,2012,877.201,651.85284,10829901,9.5,-2.484
Rwanda,RWA,2013,856.3697,666.4088,11093340,9.5,-2.44
Rwanda,RWA,2014,835.91754,690.6104,11364757,9.5,-2.409
Rwanda,RWA,2015,816.14966,733.99866,11640022,9.5,-2.383
Rwanda,RWA,2016,797.0345,759.60626,11919183,9.5,-2.367
Rwanda,RWA,2017,778.55707,771.0692,12202060,9.5,-2.358
Rwanda,RWA,2018,760.7305,817.5784,12487996,9.5,-2.341
Rwanda,RWA,2019,743.57574,874.63965,12776103,9.5,-2.314
Rwanda,RWA,2020,727.087,826.3913,13065837,9.5,-2.285
Rwanda,RWA,2021,711.3302,896.27106,13355260,9.5,-2.25
Rwanda,RWA,2022,695.9182,948.4137,13651030,9.5,-2.219
Rwanda,RWA,2023,,1004.33215,13954471,,
Rwanda,RWA,2024,,1070.4501,14256567,,
Samoa,WSM,1990,,2534.122,169042,,
Samoa,WSM,1991,,2471.0715,169368,,
Samoa,WSM,1992,,2452.1868,170331,,
Samoa,WSM,1993,,2531.282,171774,,
Samoa,WSM,1994,,2447.2026,173159,,
Samoa,WSM,1995,,2589.4053,174571,,
Samoa,WSM,1996,,2751.6543,176071,,
Samoa,WSM,1997,,2746.3367,177547,,
Samoa,WSM,1998,,2785.3118,178905,,
Samoa,WSM,1999,,2824.5532,180275,,
Samoa,WSM,2000,,2945.372,181685,,
Samoa,WSM,2001,,3137.464,183166,,
Samoa,WSM,2002,,3291.3425,184471,,
Samoa,WSM,2003,,3444.9985,185430,,
Samoa,WSM,2004,,3535.738,186249,,
Samoa,WSM,2005,,3755.7825,186978,,
Samoa,WSM,2006,,3820.9224,187709,,
Samoa,WSM,2007,,3818.2551,188753,,
Samoa,WSM,2008,,3925.8743,190107,,
Samoa,WSM,2009,,3875.9429,191513,,
Samoa,WSM,2010,,4081.1553,193023,,
Samoa,WSM,2011,,4201.4565,194713,,
Samoa,WSM,2012,,4007.911,196498,,
Samoa,WSM,2013,,3976.3928,198268,,
Samoa,WSM,2014,,3967.2373,200037,,
Samoa,WSM,2015,,4084.3608,201782,,
Samoa,WSM,2016,,4373.238,203499,,
Samoa,WSM,2017,,4393.373,205415,,
Samoa,WSM,2018,,4321.0054,207582,,
Samoa,WSM,2019,,4466.0806,209780,,
Samoa,WSM,2020,,4283.064,211944,,
Samoa,WSM,2021,,4032.1375,213779,,
Samoa,WSM,2022,,4095.1587,215261,,
Samoa,WSM,2023,,4688.4634,216663,,
Samoa,WSM,2024,,4880.544,218019,,
San Marino,SMR,1990,,,23475,,
San Marino,SMR,1991,,,23797,,
San Marino,SMR,1992,,,24125,,
San Marino,SMR,1993,,,24472,,
San Marino,SMR,1994,,,24823,,
San Marino,SMR,1995,,,25158,,
San Marino,SMR,1996,,,25482,,
San Marino,SMR,1997,,48409.547,25800,,
San Marino,SMR,1998,,51376.438,26125,,
San Marino,SMR,1999,,55318.445,26459,,
San Marino,SMR,2000,,55806.92,26799,,
San Marino,SMR,2001,,58173.293,27143,,
San Marino,SMR,2002,,57615.41,27491,,
San Marino,SMR,2003,,59090.234,27843,,
San Marino,SMR,2004,,58393.223,29457,,
San Marino,SMR,2005,,59049.58,29836,,
San Marino,SMR,2006,,60604.35,30184,,
San Marino,SMR,2007,,62776.945,31211,,
San Marino,SMR,2008,,61572.742,31662,,
San Marino,SMR,2009,,52873.27,33066,,
San Marino,SMR,2010,,49672.7,33270,,
San Marino,SMR,2011,,46450.023,32620,,
San Marino,SMR,2012,,42082.555,33469,,
San Marino,SMR,2013,,42293.49,33041,,
San Marino,SMR,2014,,42492.85,32655,,
San Marino,SMR,2015,,43146.824,32897,,
San Marino,SMR,2016,,43886.215,33101,,
San Marino,SMR,2017,,43057.777,33825,,
San Marino,SMR,2018,,42818.695,34522,,
San Marino,SMR,2019,,43525.42,34663,,
San Marino,SMR,2020,,40506.85,34770,,
San Marino,SMR,2021,,46834.14,34252,,
San Marino,SMR,2022,,51277.348,33755,,
San Marino,SMR,2023,,51323.797,33860,,
San Marino,SMR,2024,,,33977,,
Sao Tome and Principe,STP,1990,17726.459,967.4908,122980,2.18,
Sao Tome and Principe,STP,1991,17343.293,957.9465,125697,2.18,
Sao Tome and Principe,STP,1992,17016.627,946.4825,128110,2.18,
Sao Tome and Principe,STP,1993,16709.207,939.6067,130467,2.18,
Sao Tome and Principe,STP,1994,16424.072,943.8914,132732,2.18,
Sao Tome and Principe,STP,1995,16160.718,947.33154,134895,2.18,-1.833
Sao Tome and Principe,STP,1996,15916.823,947.03015,136962,2.18,-1.702
Sao Tome and Principe,STP,1997,15692.259,942.9712,138922,2.18,-1.607
Sao Tome and Principe,STP,1998,15488.345,953.9855,140751,2.18,-1.506
Sao Tome and Principe,STP,1999,15304.475,966.2268,142442,2.18,-1.402
Sao Tome and Principe,STP,2000,15136.997,959.9382,144018,2.18,-1.3
Sao Tome and Principe,STP,2001,14893.254,973.42426,146375,2.18,-1.321
Sao Tome and Principe,STP,2002,14540.895,982.32904,149922,2.18,-1.512
Sao Tome and Principe,STP,2003,14172.962,1036.8619,153814,2.18,-1.759
Sao Tome and Principe,STP,2004,13823.277,1047.058,157705,2.18,-2.015
Sao Tome and Principe,STP,2005,13486.844,1089.1478,161639,2.18,-2.282
Sao Tome and Principe,STP,2006,13161.231,1157.0862,165638,2.18,-2.442
Sao Tome and Principe,STP,2007,12846.199,1170.5161,169700,2.18,-2.448
Sao Tome and Principe,STP,2008,12543.658,1214.1411,173793,2.18,-2.413
Sao Tome and Principe,STP,2009,12257.313,1225.6055,177853,2.18,-2.376
Sao Tome and Principe,STP,2010,11991.067,1216.3502,181802,2.18,-2.324
Sao Tome and Principe,STP,2011,11742.59,1214.9613,185649,2.18,-2.255
Sao Tome and Principe,STP,2012,11507.662,1225.6946,189439,2.18,-2.177
Sao Tome and Principe,STP,2013,11286.682,1263.7042,193148,2.18,-2.09
Sao Tome and Principe,STP,2014,11079.094,1301.3214,196767,2.18,-2.001
Sao Tome and Principe,STP,2015,10884.163,1298.1095,200291,2.18,-1.918
Sao Tome and Principe,STP,2016,10702.591,1342.5338,203689,2.18,-1.838
Sao Tome and Principe,STP,2017,10532.928,1375.594,206970,2.18,-1.755
Sao Tome and Principe,STP,2018,10371.717,1413.8435,210187,2.18,-1.677
Sao Tome and Principe,STP,2019,10215.94,1420.66,213392,2.18,-1.609
Sao Tome and Principe,STP,2020,10025.984,1430.8412,217435,2.18,-1.629
Sao Tome and Principe,STP,2021,9821.545,1428.2867,221961,2.18,-1.703
Sao Tome and Principe,STP,2022,9633.018,1403.2335,226305,2.18,-1.77
Sao Tome and Principe,STP,2023,,1380.6017,230871,,
Sao Tome and Principe,STP,2024,,1368.1434,235536,,
Saudi Arabia,SAU,1990,225.54926,25918.965,10640691,2.4,
Saudi Arabia,SAU,1991,215.03943,26742.682,11160744,2.4,
Saudi Arabia,SAU,1992,205.36208,26709.033,11686676,2.4,
Saudi Arabia,SAU,1993,196.46587,25649.064,12215862,2.4,
Saudi Arabia,SAU,1994,188.23471,24808.652,12750040,2.4,
Saudi Arabia,SAU,1995,180.59717,23876.246,13289245,2.4,-4.348
Saudi Arabia,SAU,1996,173.52313,23699.135,13831009,2.4,-4.199
Saudi Arabia,SAU,1997,166.95718,23406.035,14374943,2.4,-4.056
Saudi Arabia,SAU,1998,160.83435,23179.857,14922185,2.4,-3.923
Saudi Arabia,SAU,1999,155.11818,22214.426,15472075,2.4,-3.796
Saudi Arabia,SAU,2000,148.35216,22247.857,16177722,2.4,-3.857
Saudi Arabia,SAU,2001,140.83353,21193.092,17041396,2.4,-4.089
Saudi Arabia,SAU,2002,133.99654,20025.432,17910910,2.4,-4.303
Saudi Arabia,SAU,2003,127.7495,20765.94,18786768,2.4,-4.502
Saudi Arabia,SAU,2004,122.01644,21545.895,19669480,2.4,-4.687
Saudi Arabia,SAU,2005,116.73214,21838.191,20559890,2.4,-4.681
Saudi Arabia,SAU,2006,111.84043,21616.336,21459144,2.4,-4.505
Saudi Arabia,SAU,2007,107.29464,21196.793,22368312,2.4,-4.347
Saudi Arabia,SAU,2008,103.057915,21629.84,23287876,2.4,-4.205
Saudi Arabia,SAU,2009,99.10126,20577.545,24217654,2.4,-4.075
Saudi Arabia,SAU,2010,100.08972,21830.143,23978488,2.4,-3.029
Saudi Arabia,SAU,2011,95.64852,23314.557,25091868,2.4,-3.079
Saudi Arabia,SAU,2012,91.71205,23643.035,26168860,2.4,-3.09
Saudi Arabia,SAU,2013,86.88096,23057.35,27624004,2.4,-3.357
Saudi Arabia,SAU,2014,84.77788,23404.73,28309272,2.4,-3.074
Saudi Arabia,SAU,2015,80.49266,23256.154,29816382,2.4,-4.264
Saudi Arabia,SAU,2016,77.53391,22783.033,30954198,2.4,-4.112
Saudi Arabia,SAU,2017,77.47595,23035.12,30977356,2.4,-3.317
Saudi Arabia,SAU,2018,79.47999,24393.52,30196280,2.4,-1.765
Saudi Arabia,SAU,2019,79.83023,24905.67,30063800,2.4,-1.195
Saudi Arabia,SAU,2020,76.06368,22827.672,31552510,2.4,-1.126
Saudi Arabia,SAU,2021,77.96161,24922.672,30784384,2.4,0.11
Saudi Arabia,SAU,2022,74.59155,26706.918,32175224,2.4,-0.756
Saudi Arabia,SAU,2023,,25634.824,33702732,,
Saudi Arabia,SAU,2024,,24963.332,35300280,,
Senegal,SEN,1990,3341.7424,990.7775,7720523,25.8,
Senegal,SEN,1991,3248.1082,988.6322,7943085,25.8,
Senegal,SEN,1992,3158.5151,974.0549,8168395,25.8,
Senegal,SEN,1993,3072.7864,960.5066,8396288,25.8,
Senegal,SEN,1994,2991.6243,934.6921,8624078,25.8,
Senegal,SEN,1995,2915.88,960.8471,8848101,25.8,-2.69
Senegal,SEN,1996,2845.4792,956.5888,9067014,25.8,-2.612
Senegal,SEN,1997,2779.1257,962.7367,9283495,25.8,-2.527
Senegal,SEN,1998,2714.9458,995.97906,9502952,25.8,-2.446
Senegal,SEN,1999,2651.3513,1033.7639,9730887,25.8,-2.386
Senegal,SEN,2000,2588.215,1048.3748,9968260,25.8,-2.356
Senegal,SEN,2001,2526.2065,1067.3689,10212942,25.8,-2.352
Senegal,SEN,2002,2465.0747,1042.2551,10466214,25.8,-2.37
Senegal,SEN,2003,2406.4524,1074.3857,10721176,25.8,-2.384
Senegal,SEN,2004,2350.6465,1098.2007,10975704,25.8,-2.379
Senegal,SEN,2005,2296.2988,1119.0505,11235472,25.8,-2.365
Senegal,SEN,2006,2243.46,1118.7831,11500094,25.8,-2.346
Senegal,SEN,2007,2191.9495,1123.9987,11770344,25.8,-2.321
Senegal,SEN,2008,2141.264,1138.6688,12048959,25.8,-2.308
Senegal,SEN,2009,2091.2043,1142.6532,12337389,25.8,-2.312
Senegal,SEN,2010,2041.8802,1153.5343,12635413,25.8,-2.321
Senegal,SEN,2011,1990.9102,1139.7445,12958897,25.8,-2.36
Senegal,SEN,2012,1938.3201,1154.0568,13310495,25.8,-2.429
Senegal,SEN,2013,1881.7216,1147.3859,13710849,25.8,-2.551
Senegal,SEN,2014,1823.0508,1180.7987,14152102,25.8,-2.707
Senegal,SEN,2015,1767.9308,1218.0061,14593331,25.8,-2.84
Senegal,SEN,2016,1716.0507,1257.409,15034521,25.8,-2.928
Senegal,SEN,2017,1667.205,1312.1094,15475002,25.8,-2.969
Senegal,SEN,2018,1621.1633,1355.0961,15914498,25.8,-2.937
Senegal,SEN,2019,1577.6997,1379.6088,16352922,25.8,-2.849
Senegal,SEN,2020,1536.7004,1361.7914,16789220,25.8,-2.765
Senegal,SEN,2021,1498.1824,1414.5396,17220868,25.8,-2.679
Senegal,SEN,2022,1461.665,1433.1992,17651104,25.8,-2.597
Senegal,SEN,2023,,1458.9664,18077572,,
Senegal,SEN,2024,,1511.8928,18501984,,
Serbia,SRB,1990,,,7897937,,
Serbia,SRB,1991,,,7595636,,
Serbia,SRB,1992,,,7604063,,
Serbia,SRB,1993,,,7614328,,
Serbia,SRB,1994,,,7622711,,
Serbia,SRB,1995,,3012.498,7628264,,
Serbia,SRB,1996,,3200.7683,7622185,,
Serbia,SRB,1997,,3497.5505,7598538,,
Serbia,SRB,1998,,3699.4038,7567745,,
Serbia,SRB,1999,,3329.4517,7540401,,
Serbia,SRB,2000,,3542.3538,7516346,,
Serbia,SRB,2001,,3788.9824,7503433,,
Serbia,SRB,2002,,4038.6526,7500031,,
Serbia,SRB,2003,,4233.7764,7480591,,
Serbia,SRB,2004,,4527.435,7463157,,
Serbia,SRB,2005,,4809.138,7440769,,
Serbia,SRB,2006,1134.3077,5016.413,7411569,8.407,
Serbia,SRB,2007,1138.9163,5431.279,7381579,8.407,
Serbia,SRB,2008,1143.775,5735.9478,7350222,8.407,
Serbia,SRB,2009,1148.3706,5578.012,7320807,8.407,
Serbia,SRB,2010,1152.9965,5690.703,7291436,8.407,
Serbia,SRB,2011,1161.7465,5737.001,7236519,8.407,0.479
Serbia,SRB,2012,1167.3961,5739.3076,7201497,8.407,0.495
Serbia,SRB,2013,1173.0884,5793.336,7166553,8.407,0.507
Serbia,SRB,2014,1178.8069,5716.5405,7131787,8.407,0.525
Serbia,SRB,2015,1184.855,5820.322,7095383,8.407,0.547
Serbia,SRB,2016,1191.0763,6024.9575,7058322,8.407,0.5
Serbia,SRB,2017,1197.432,6200.261,7020858,8.407,0.509
Serbia,SRB,2018,1203.9921,6524.08,6982604,8.407,0.521
Serbia,SRB,2019,1210.4702,6870.7583,6945235,8.407,0.532
Serbia,SRB,2020,1218.5602,6850.9673,6899126,8.407,0.563
Serbia,SRB,2021,1230.114,7465.676,6834326,8.407,0.647
Serbia,SRB,2022,1261.4696,7862.954,6664449,8.407,1.047
Serbia,SRB,2023,,8208.479,6623183,,
Serbia,SRB,2024,,8580.261,6586476,,
Seychelles,SYC,1990,,8779.853,69507,,
Seychelles,SYC,1991,,8902.838,70439,,
Seychelles,SYC,1992,,9497.756,70763,,
Seychelles,SYC,1993,,9981.244,72253,,
Seychelles,SYC,1994,,9481.881,74205,,
Seychelles,SYC,1995,,9388.819,75304,,
Seychelles,SYC,1996,,10177.091,76417,,
Seychelles,SYC,1997,,11284.846,77319,,
Seychelles,SYC,1998,,11339.348,78846,,
Seychelles,SYC,1999,,11326.938,80410,,
Seychelles,SYC,2000,,11703.754,81131,,
Seychelles,SYC,2001,,11427.941,81202,,
Seychelles,SYC,2002,,11218.261,83723,,
Seychelles,SYC,2003,,10677.969,82781,,
Seychelles,SYC,2004,,10412.087,82475,,
Seychelles,SYC,2005,,11297.312,82858,,
Seychelles,SYC,2006,,12105.447,84600,,
Seychelles,SYC,2007,,13112.821,85033,,
Seychelles,SYC,2008,,12473.292,86956,,
Seychelles,SYC,2009,,12116.378,87298,,
Seychelles,SYC,2010,,12313.557,89770,,
Seychelles,SYC,2011,,13843.712,87441,,
Seychelles,SYC,2012,,14135.001,88303,,
Seychelles,SYC,2013,,14050.313,89949,,
Seychelles,SYC,2014,,14395.616,91359,,
Seychelles,SYC,2015,,15333.105,93419,,
Seychelles,SYC,2016,,16962.676,94677,,
Seychelles,SYC,2017,,17921.572,95843,,
Seychelles,SYC,2018,,18628.186,96762,,
Seychelles,SYC,2019,,19481.646,97625,,
Seychelles,SYC,2020,,17048.361,98462,,
Seychelles,SYC,2021,,17005.043,99258,,
Seychelles,SYC,2022,,15869.674,119878,,
Seychelles,SYC,2023,,16242.437,119773,,
Seychelles,SYC,2024,,16586.408,121354,,
Sierra Leone,SLE,1990,38124.03,992.25934,4196828,160,
Sierra Leone,SLE,1991,37680.156,1003.7724,4246267,160,
Sierra Leone,SLE,1992,38402.77,828.51605,4166366,160,
Sierra Leone,SLE,1993,38488.09,841.77045,4157130,160,
Sierra Leone,SLE,1994,38340.758,822.2183,4173105,160,
Sierra Leone,SLE,1995,38285.03,755.34344,4179179,160,0.084
Sierra Leone,SLE,1996,38102.406,764.9245,4199210,160,0.223
Sierra Leone,SLE,1997,37614.17,710.7438,4253716,160,-0.414
Sierra Leone,SLE,1998,37245.812,716.346,4295785,160,-0.654
Sierra Leone,SLE,1999,37053.824,698.54803,4318043,160,-0.681
Sierra Leone,SLE,2000,36169.547,727.2409,4423611,160,-1.13
Sierra Leone,SLE,2001,34095.395,642.0366,4692716,160,-2.198
Sierra Leone,SLE,2002,32183.867,766.7887,4971435,160,-3.07
Sierra Leone,SLE,2003,30901.83,806.06647,5177687,160,-3.666
Sierra Leone,SLE,2004,29874.617,829.75977,5355717,160,-4.216
Sierra Leone,SLE,2005,29081.857,842.906,5501712,160,-4.268
Sierra Leone,SLE,2006,28447.145,859.8243,5624466,160,-3.557
Sierra Leone,SLE,2007,27829.223,872.68835,5749352,160,-2.866
Sierra Leone,SLE,2008,27142.926,882.5415,5894722,160,-2.561
Sierra Leone,SLE,2009,26421.623,872.2396,6055646,160,-2.427
Sierra Leone,SLE,2010,25712.254,902.7699,6222714,160,-2.433
Sierra Leone,SLE,2011,25049.9,950.76074,6387251,160,-2.511
Sierra Leone,SLE,2012,24423.453,1025.0437,6551080,160,-2.577
Sierra Leone,SLE,2013,23830.621,1146.8197,6714051,160,-2.569
Sierra Leone,SLE,2014,23268.04,1032.2379,6876385,160,-2.51
Sierra Leone,SLE,2015,22734.846,964.576,7037655,160,-2.431
Sierra Leone,SLE,2016,22205.79,1002.7786,7205328,160,-2.382
Sierra Leone,SLE,2017,21682.275,1010.54694,7379299,160,-2.353
Sierra Leone,SLE,2018,21179.252,1015.66785,7554563,160,-2.331
Sierra Leone,SLE,2019,20693.246,1046.9678,7731991,160,-2.318
Sierra Leone,SLE,2020,20221.021,1010.2529,7912558,160,-2.316
Sierra Leone,SLE,2021,19766.26,1045.7661,8094602,160,-2.301
Sierra Leone,SLE,2022,19331.127,1077.0889,8276807,160,-2.269
Sierra Leone,SLE,2023,,1113.8684,8460512,,
Sierra Leone,SLE,2024,,1137.29,8642022,,
Singapore,SGP,1990,196.90646,23272.7,3047132,0.6,
Singapore,SGP,1991,191.38249,24132.715,3135083,0.6,
Singapore,SGP,1992,185.71838,24973.432,3230698,0.6,
Singapore,SGP,1993,181.079,27139.953,3313471,0.6,
Singapore,SGP,1994,175.48744,29220.273,3419048,0.6,
Singapore,SGP,1995,170.23662,30379.898,3524506,0.6,-2.869
Singapore,SGP,1996,163.45639,31349.316,3670704,0.6,-3.105
Singapore,SGP,1997,158.05954,32835.25,3796038,0.6,-3.174
Singapore,SGP,1998,152.7801,31043.107,3927213,0.6,-3.342
Singapore,SGP,1999,151.56403,32557.047,3958723,0.6,-2.889
Singapore,SGP,2000,148.96147,34890.082,4027887,0.6,-2.635
Singapore,SGP,2001,144.99716,33597.867,4138012,0.6,-2.368
Singapore,SGP,2002,143.67989,34598.83,4175950,0.6,-1.89
Singapore,SGP,2003,145.81418,36709.797,4114826,0.6,-0.929
Singapore,SGP,2004,144.00009,39856.637,4166664,0.6,-1.019
Singapore,SGP,2005,140.65482,41798.49,4265762,0.6,-1.141
Singapore,SGP,2006,136.32135,44159.41,4401365,0.6,-1.226
Singapore,SGP,2007,130.75887,46178.812,4588599,0.6,-1.867
Singapore,SGP,2008,123.982414,44601.58,4839396,0.6,-3.192
Singapore,SGP,2009,120.29899,43331.875,4987573,0.6,-3.533
Singapore,SGP,2010,118.186264,48752.05,5076732,0.6,-3.421
Singapore,SGP,2011,115.7477,50713.53,5183688,0.6,-3.219
Singapore,SGP,2012,112.94251,51679.35,5312437,0.6,-2.887
Singapore,SGP,2013,111.12836,53298.973,5399162,0.6,-2.165
Singapore,SGP,2014,109.69475,54681.934,5469724,0.6,-1.829
Singapore,SGP,2015,108.40105,55645.605,5535002,0.6,-1.714
Singapore,SGP,2016,107.00369,56986.785,5607283,0.6,-1.559
Singapore,SGP,2017,106.908936,59485.3,5612253,0.6,-1.092
Singapore,SGP,2018,106.40796,61250.348,5638676,0.6,-0.864
Singapore,SGP,2019,105.19729,61345.527,5703569,0.6,-0.834
Singapore,SGP,2020,105.52592,59189.703,5685807,0.6,-0.536
Singapore,SGP,2021,110.01975,67731.26,5453566,0.6,0.557
Singapore,SGP,2022,106.43918,68218.805,5637022,0.6,-0.088
Singapore,SGP,2023,,66167.36,5917648,,
Singapore,SGP,2024,,67706.836,6036860,,
Sint Maarten (Dutch part),SXM,1990,,,28061,,
Sint Maarten (Dutch part),SXM,1991,,,30046,,
Sint Maarten (Dutch part),SXM,1992,,,31567,,
Sint Maarten (Dutch part),SXM,1993,,,32026,,
Sint Maarten (Dutch part),SXM,1994,,,31917,,
Sint Maarten (Dutch part),SXM,1995,,,31772,,
Sint Maarten (Dutch part),SXM,1996,,,31598,,
Sint Maarten (Dutch part),SXM,1997,,,31404,,
Sint Maarten (Dutch part),SXM,1998,,,31193,,
Sint Maarten (Dutch part),SXM,1999,,,30977,,
Sint Maarten (Dutch part),SXM,2000,,,30773,,
Sint Maarten (Dutch part),SXM,2001,,,30726,,
Sint Maarten (Dutch part),SXM,2002,,,30960,,
Sint Maarten (Dutch part),SXM,2003,,,31327,,
Sint Maarten (Dutch part),SXM,2004,,,31690,,
Sint Maarten (Dutch part),SXM,2005,,,32057,,
Sint Maarten (Dutch part),SXM,2006,,,32428,,
Sint Maarten (Dutch part),SXM,2007,,,32791,,
Sint Maarten (Dutch part),SXM,2008,,,33145,,
Sint Maarten (Dutch part),SXM,2009,,37548.95,33491,,
Sint Maarten (Dutch part),SXM,2010,,38403.07,33794,,
Sint Maarten (Dutch part),SXM,2011,,39615.137,34267,,
Sint Maarten (Dutch part),SXM,2012,,39298.99,35023,,
Sint Maarten (Dutch part),SXM,2013,,38889.773,35854,,
Sint Maarten (Dutch part),SXM,2014,,38623.2,36672,,
Sint Maarten (Dutch part),SXM,2015,,37839.63,37471,,
Sint Maarten (Dutch part),SXM,2016,,37428.703,38249,,
Sint Maarten (Dutch part),SXM,2017,,33945.418,38996,,
Sint Maarten (Dutch part),SXM,2018,,31047.725,39712,,
Sint Maarten (Dutch part),SXM,2019,,33877.977,40385,,
Sint Maarten (Dutch part),SXM,2020,,28920.377,41008,,
Sint Maarten (Dutch part),SXM,2021,,29834.635,41571,,
Sint Maarten (Dutch part),SXM,2022,,33523.605,42139,,
Sint Maarten (Dutch part),SXM,2023,,34300.965,42749,,
Sint Maarten (Dutch part),SXM,2024,,34840.18,43350,,
Slovak Republic,SVK,1990,,8597.464,5299187,,
Slovak Republic,SVK,1991,,7338.799,5303294,,
Slovak Republic,SVK,1992,,6843.3003,5305016,,
Slovak Republic,SVK,1993,2366.0618,6946.8457,5325305,12.6,
Slovak Republic,SVK,1994,2356.7563,7348.9185,5346331,12.6,
Slovak Republic,SVK,1995,2349.8699,7755.6235,5361999,12.6,
Slovak Republic,SVK,1996,2344.9011,8212.832,5373361,12.6,
Slovak Republic,SVK,1997,2340.5757,8647.395,5383291,12.6,
Slovak Republic,SVK,1998,2337.4385,8966.22,5390516,12.6,-0.243
Slovak Republic,SVK,1999,2335.0544,8914.684,5396020,12.6,-0.185
Slovak Republic,SVK,2000,2338.2175,8997.212,5388720,12.6,-0.099
Slovak Republic,SVK,2001,2342.5007,9277.358,5378867,12.6,-0.02
Slovak Republic,SVK,2002,2343.3525,9690.685,5376912,12.6,0.024
Slovak Republic,SVK,2003,2344.8955,10168.022,5373374,12.6,0.064
Slovak Republic,SVK,2004,2345.3728,10718.21,5372280,12.6,0.088
Slovak Republic,SVK,2005,2345.1428,11412.159,5372807,12.6,0.059
Slovak Republic,SVK,2006,2345.0352,12430.201,5373054,12.6,0.022
Slovak Republic,SVK,2007,2344.3508,13770.96,5374622,12.6,0.009
Slovak Republic,SVK,2008,2342.3413,14497.111,5379233,12.6,-0.022
Slovak Republic,SVK,2009,2339.2222,13680.754,5386406,12.6,-0.053
Slovak Republic,SVK,2010,2337.0432,14596.147,5391428,12.6,-0.069
Slovak Republic,SVK,2011,2334.0317,14950.873,5398384,12.6,-0.094
Slovak Republic,SVK,2012,2330.063,15159.657,5407579,12.6,-0.122
Slovak Republic,SVK,2013,2327.5605,15249.883,5413393,12.6,-0.127
Slovak Republic,SVK,2014,2325.303,15647.649,5418649,12.6,-0.119
Slovak Republic,SVK,2015,2323.094,16442.076,5423801,12.6,-0.12
Slovak Republic,SVK,2016,2320.101,16740.742,5430798,12.6,-0.12
Slovak Republic,SVK,2017,2316.5034,17195.29,5439232,12.6,-0.117
Slovak Republic,SVK,2018,2313.297,17869.016,5446771,12.6,-0.123
Slovak Republic,SVK,2019,2310.1687,18250.98,5454147,12.6,-0.131
Slovak Republic,SVK,2020,2308.1882,17763.855,5458827,12.6,-0.129
Slovak Republic,SVK,2021,2313.095,18808.453,5447247,12.6,-0.06
Slovak Republic,SVK,2022,2319.6936,18964.83,5431752,12.6,0.028
Slovak Republic,SVK,2023,,19383.373,5426740,,
Slovak Republic,SVK,2024,,19776.176,5422069,,
Slovenia,SVN,1990,,13615.586,1998161,,
Slovenia,SVN,1991,,12395.918,1999429,,
Slovenia,SVN,1992,9351.374,11735.846,1996498,18.67,
Slovenia,SVN,1993,9373.686,12098.342,1991746,18.67,
Slovenia,SVN,1994,9384.536,12757.63,1989443,18.67,
Slovenia,SVN,1995,9382.513,13278.743,1989872,18.67,
Slovenia,SVN,1996,9388.383,13674.184,1988628,18.67,
Slovenia,SVN,1997,9401.014,14400.671,1985956,18.67,0.106
Slovenia,SVN,1998,9421.542,14874.29,1981629,18.67,0.102
Slovenia,SVN,1999,9414.814,15646.688,1983045,18.67,0.064
Slovenia,SVN,2000,9386.98,16146.122,1988925,18.67,0.01
Slovenia,SVN,2001,9372.208,16576.717,1992060,18.67,-0.034
Slovenia,SVN,2002,9360.602,17099.658,1994530,18.67,-0.086
Slovenia,SVN,2003,9354.959,17635.361,1995733,18.67,-0.142
Slovenia,SVN,2004,9348.968,18425.26,1997012,18.67,-0.14
Slovenia,SVN,2005,9332.788,19102.277,2000474,18.67,-0.116
Slovenia,SVN,2006,9303.054,20166.533,2006868,18.67,-0.148
Slovenia,SVN,2007,9251.175,21485.781,2018122,18.67,-0.235
Slovenia,SVN,2008,9236.557,22175.236,2021316,18.67,-0.254
Slovenia,SVN,2009,9153.446,20307.62,2039669,18.67,-0.422
Slovenia,SVN,2010,9113.616,20444.121,2048583,18.67,-0.474
Slovenia,SVN,2011,9094.704,20535.416,2052843,18.67,-0.452
Slovenia,SVN,2012,9075.623,19894.87,2057159,18.67,-0.382
Slovenia,SVN,2013,9063.313,19704.219,2059953,18.67,-0.378
Slovenia,SVN,2014,9054.404,20228.709,2061980,18.67,-0.217
Slovenia,SVN,2015,9047.599,20697.275,2063531,18.67,-0.145
Slovenia,SVN,2016,9040.979,21309.713,2065042,18.67,-0.118
Slovenia,SVN,2017,9035.089,22397.764,2066388,18.67,-0.089
Slovenia,SVN,2018,9002.389,23293.967,2073894,18.67,-0.135
Slovenia,SVN,2019,8939.923,23943.18,2088385,18.67,-0.254
Slovenia,SVN,2020,8880.247,22811.805,2102419,18.67,-0.373
Slovenia,SVN,2021,8856.404,24665.441,2108079,18.67,-0.412
Slovenia,SVN,2022,8839.644,25275.717,2112076,18.67,-0.436
Slovenia,SVN,2023,,25773.902,2120461,,
Slovenia,SVN,2024,,26134.627,2127400,,
Small states,SST,1990,63455.094,6835.199,14379862,735.9625,
Small states,SST,1991,62215.566,6702.3643,14610383,735.9625,
Small states,SST,1992,55425.242,6578.1377,14735408,748.6725,
Small states,SST,1993,55048.883,6564.981,14837410,748.6725,
Small states,SST,1994,53534,6710.224,14970002,734.6725,
Small states,SST,1995,53104.598,6919.3994,15087617,734.6725,-3.499
Small states,SST,1996,52512.973,7105.5493,15248657,734.6725,-3.334
Small states,SST,1997,51838.65,7387.3125,15435138,734.6725,-1.329
Small states,SST,1998,51171.36,7574.0254,15624755,734.6725,-1.45
Small states,SST,1999,50928.94,7801.1587,15698038,734.6725,-0.993
Small states,SST,2000,50634.195,8220.239,15786741,734.6725,-0.948
Small states,SST,2001,49866.07,8322.1,16017863,734.6725,-1.029
Small states,SST,2002,49123.727,8496.595,16250203,734.6725,-1.07
Small states,SST,2003,48522.375,8796.422,16441139,734.6725,-1.057
Small states,SST,2004,47849.594,9105.867,16597133,731.6725,-1.24
Small states,SST,2005,47546.32,9451.284,16699341,731.6725,-1.251
Small states,SST,2006,47045.668,9969.966,16868546,731.6725,-1.158
Small states,SST,2007,46525.156,10327.732,17047450,731.6725,-1.081
Small states,SST,2008,46013.918,10342.711,17228344,731.6725,-1.056
Small states,SST,2009,45541.855,9794.867,17398922,731.6725,-0.984
Small states,SST,2010,45067.57,9921.824,17575200,731.6725,-1.065
Small states,SST,2011,44596.715,10072.395,17748220,731.6725,-1.063
Small states,SST,2012,44132.457,10183.712,17926452,731.6725,-1.05
Small states,SST,2013,43668.93,10192.708,18107202,731.6725,-1.041
Small states,SST,2014,43203.574,10324.68,18292084,731.6725,-1.049
Small states,SST,2015,42736.207,10446.851,18482578,731.6725,-1.057
Small states,SST,2016,42281.227,10523.708,18671044,731.6725,-1.061
Small states,SST,2017,41823.914,10750.032,18865506,731.6725,-1.069
Small states,SST,2018,41318.242,10981.922,19084934,731.6725,-1.101
Small states,SST,2019,40846.766,11201.604,19293696,731.6725,-1.116
Small states,SST,2020,40453.453,10330.225,19472156,731.6725,-1.092
Small states,SST,2021,40071.066,10966.351,19646548,731.6725,-1.068
Small states,SST,2022,39669.03,11659.648,19852364,,-1.052
Small states,SST,2023,,12136.539,20031262,,
Small states,SST,2024,,12776.063,20193404,,
Solomon Islands,SLB,1990,134868.08,1805.732,331435,44.7,
Solomon Islands,SLB,1991,130801.96,1856.3689,341738,44.7,
Solomon Islands,SLB,1992,126914.73,2029.9528,352205,44.7,
Solomon Islands,SLB,1993,123195.13,2049.2778,362839,44.7,
Solomon Islands,SLB,1994,119622.664,2151.03,373675,44.7,
Solomon Islands,SLB,1995,116184.47,2299.9768,384733,44.7,-2.938
Solomon Islands,SLB,1996,112876.22,2270.4602,396009,44.7,-2.905
Solomon Islands,SLB,1997,109700.25,2186.407,407474,44.7,-2.873
Solomon Islands,SLB,1998,106664.5,2153.3586,419071,44.7,-2.841
Solomon Islands,SLB,1999,103832.75,2086.009,430500,44.7,-2.792
Solomon Islands,SLB,2000,101482.734,1747.718,440469,44.7,-2.67
Solomon Islands,SLB,2001,99526.86,1577.6552,449125,44.7,-2.486
Solomon Islands,SLB,2002,97668.414,1504.8467,457671,44.7,-2.297
Solomon Islands,SLB,2003,95891.055,1573.8435,466154,44.7,-2.107
Solomon Islands,SLB,2004,94182.39,1664.5731,474611,44.7,-1.932
Solomon Islands,SLB,2005,92531.26,1755.7408,483080,44.7,-1.83
Solomon Islands,SLB,2006,90928.695,1796.7144,491594,44.7,-1.791
Solomon Islands,SLB,2007,89372.12,1830.2332,500156,44.7,-1.76
Solomon Islands,SLB,2008,87855.5,1911.1897,508790,44.7,-1.735
Solomon Islands,SLB,2009,86269.95,1930.4629,518141,44.7,-1.74
Solomon Islands,SLB,2010,83869.95,2058.957,532968,44.7,-1.946
Solomon Islands,SLB,2011,80839.87,2132.0283,552945,44.7,-2.325
Solomon Islands,SLB,2012,77928.055,2105.9143,573606,44.7,-2.703
Solomon Islands,SLB,2013,75132.99,2136.7212,594945,44.7,-3.08
Solomon Islands,SLB,2014,72458.13,2085.1606,616908,44.7,-3.429
Solomon Islands,SLB,2015,69907.65,2045.4772,639415,44.7,-3.576
Solomon Islands,SLB,2016,67484.02,2084.2485,662379,44.7,-3.547
Solomon Islands,SLB,2017,65191.52,2075.367,685672,44.7,-3.506
Solomon Islands,SLB,2018,63037.566,2061.8997,709101,44.7,-3.45
Solomon Islands,SLB,2019,61388.703,2043.0914,728147,44.7,-3.261
Solomon Islands,SLB,2020,60040.457,1930.6552,744498,44.7,-2.997
Solomon Islands,SLB,2021,58615.957,1880.552,762591,44.7,-2.778
Solomon Islands,SLB,2022,57229.48,1788.6173,781066,44.7,-2.572
Solomon Islands,SLB,2023,,1795.888,800005,,
Solomon Islands,SLB,2024,,1806.3837,819198,,
"Somalia, Fed. Rep.",SOM,1990,847.1213,259.40002,7082811,6,
"Somalia, Fed. Rep.",SOM,1991,880.5711,277.59882,6813760,6,
"Somalia, Fed. Rep.",SOM,1992,923.77234,266.4984,6495107,6,
"Somalia, Fed. Rep.",SOM,1993,898.0155,269.40622,6681399,6,
"Somalia, Fed. Rep.",SOM,1994,853.8741,210.4462,7026797,6,
"Somalia, Fed. Rep.",SOM,1995,823.6094,211.08752,7285007,6,-0.561
"Somalia, Fed. Rep.",SOM,1996,794.2313,219.93639,7554474,6,-2.043
"Somalia, Fed. Rep.",SOM,1997,766.8197,214.85236,7824525,6,-3.656
"Somalia, Fed. Rep.",SOM,1998,735.70734,219.71216,8155417,6,-3.909
"Somalia, Fed. Rep.",SOM,1999,706.5424,226.4441,8492059,6,-3.717
"Somalia, Fed. Rep.",SOM,2000,678.83185,233.0324,8838713,6,-3.793
"Somalia, Fed. Rep.",SOM,2001,652.28076,239.83908,9198493,6,-3.861
"Somalia, Fed. Rep.",SOM,2002,628.2681,248.63646,9550063,6,-3.907
"Somalia, Fed. Rep.",SOM,2003,605.50055,257.91034,9909157,6,-3.821
"Somalia, Fed. Rep.",SOM,2004,583.60095,266.25726,10280998,6,-3.751
"Somalia, Fed. Rep.",SOM,2005,563.6858,275.45703,10644228,6,-3.649
"Somalia, Fed. Rep.",SOM,2006,546.67206,284.4708,10975502,6,-3.471
"Somalia, Fed. Rep.",SOM,2007,529.9145,294.21042,11322582,6,-3.348
"Somalia, Fed. Rep.",SOM,2008,514.44366,304.74146,11663084,6,-3.207
"Somalia, Fed. Rep.",SOM,2009,501.62186,317.03818,11961201,6,-2.982
"Somalia, Fed. Rep.",SOM,2010,489.32632,329.97052,12261756,6,-2.79
"Somalia, Fed. Rep.",SOM,2011,485.87598,349.57745,12348830,6,-2.33
"Somalia, Fed. Rep.",SOM,2012,481.4961,369.61722,12461160,6,-1.898
"Somalia, Fed. Rep.",SOM,2013,466.21518,397.1088,12869594,6,-1.95
"Somalia, Fed. Rep.",SOM,2014,449.79227,417.51678,13339491,6,-2.158
"Somalia, Fed. Rep.",SOM,2015,434.56335,445.58307,13806963,6,-2.346
"Somalia, Fed. Rep.",SOM,2016,418.15518,458.92148,14348740,6,-2.957
"Somalia, Fed. Rep.",SOM,2017,402.23566,506.5011,14916629,6,-3.533
"Somalia, Fed. Rep.",SOM,2018,388.28702,498.98108,15452487,6,-3.592
"Somalia, Fed. Rep.",SOM,2019,374.2755,494.44403,16030971,6,-3.609
"Somalia, Fed. Rep.",SOM,2020,360.3346,462.86707,16651191,6,-3.677
"Somalia, Fed. Rep.",SOM,2021,347.3945,461.62784,17271432,6,-3.64
"Somalia, Fed. Rep.",SOM,2022,337.04272,460.04623,17801896,6,-3.475
"Somalia, Fed. Rep.",SOM,2023,,464.72107,18358616,,
"Somalia, Fed. Rep.",SOM,2024,,467.2699,19009152,,
South Africa,ZAF,1990,1099.4872,4544.2305,40746268,44.8,
South Africa,ZAF,1991,1074.6525,4396.361,41687896,44.8,
South Africa,ZAF,1992,1055.5206,4225.8145,42443508,44.8,
South Africa,ZAF,1993,1034.71,4193.598,43297156,44.8,
South Africa,ZAF,1994,1018.08606,4258.2617,44004140,44.8,
South Africa,ZAF,1995,1005.80237,4337.2974,44541550,44.8,-1.765
South Africa,ZAF,1996,992.8414,4465.5063,45123016,44.8,-1.571
South Africa,ZAF,1997,981.0182,4527.05,45666840,44.8,-1.453
South Africa,ZAF,1998,969.196,4494.857,46223880,44.8,-1.3
South Africa,ZAF,1999,958.692,4552.85,46730336,44.8,-1.195
South Africa,ZAF,2000,949.96326,4700.8755,47159720,44.8,-1.136
South Africa,ZAF,2001,941.8334,4786.4824,47566800,44.8,-1.049
South Africa,ZAF,2002,932.956,4916.815,48019416,44.8,-1
South Africa,ZAF,2003,923.7047,5011.622,48500348,44.8,-0.957
South Africa,ZAF,2004,914.4458,5187.357,48991420,44.8,-0.941
South Africa,ZAF,2005,905.2328,5406.0757,49490030,44.8,-0.96
South Africa,ZAF,2006,896.0309,5650.9883,49998276,44.8,-0.992
South Africa,ZAF,2007,886.6269,5891.421,50528584,44.8,-1.014
South Africa,ZAF,2008,876.4619,6009.7197,51114600,44.8,-1.044
South Africa,ZAF,2009,866.06,5847.058,51728516,44.8,-1.081
South Africa,ZAF,2010,855.8757,5953.945,52344052,44.8,-1.115
South Africa,ZAF,2011,845.3595,6067.125,52995204,44.8,-1.158
South Africa,ZAF,2012,832.98364,6121.5576,53782570,44.8,-1.24
South Africa,ZAF,2013,819.3305,6170.8765,54678790,44.8,-1.339
South Africa,ZAF,2014,805.8302,6155.006,55594840,44.8,-1.431
South Africa,ZAF,2015,789.7956,6112.274,56723536,44.8,-1.594
South Africa,ZAF,2016,782.4022,6095.295,57259550,44.8,-1.536
South Africa,ZAF,2017,777.3033,6125.692,57635160,44.8,-1.374
South Africa,ZAF,2018,764.3356,6117.27,58613000,44.8,-1.38
South Africa,ZAF,2019,751.8307,6032.8296,59587884,44.8,-1.378
South Africa,ZAF,2020,739.73315,5569.585,60562380,44.8,-1.301
South Africa,ZAF,2021,728.42444,5750.909,61502604,44.8,-1.42
South Africa,ZAF,2022,718.1972,5786.865,62378410,44.8,-1.569
South Africa,ZAF,2023,,5756.5503,63212384,,
South Africa,ZAF,2024,,5715.475,64007188,,
South Asia,SAS,1990,1872.1362,543.33966,1013297000,1897.03,
South Asia,SAS,1991,1832.7762,539.97577,1035058200,1897.03,
South Asia,SAS,1992,1794.6038,557.34607,1057074560,1897.03,
South Asia,SAS,1993,1757.7195,572.21716,1079256300,1897.03,
South Asia,SAS,1994,1709.8162,596.4664,1101305500,1883.03,
South Asia,SAS,1995,1676.016,626.75793,1123515500,1883.03,-2.189
South Asia,SAS,1996,1643.1345,657.93066,1145998600,1883.03,-2.161
South Asia,SAS,1997,1611.3197,672.35815,1168625900,1883.03,-2.132
South Asia,SAS,1998,1580.5109,698.9773,1191406000,1883.03,-2.103
South Asia,SAS,1999,1550.7585,742.1153,1214263800,1883.03,-1.934
South Asia,SAS,2000,1522.0272,758.1332,1237185500,1883.03,-1.909
South Asia,SAS,2001,1494.2915,778.35724,1260149000,1883.03,-1.881
South Asia,SAS,2002,1468.1525,793.58777,1282584800,1883.03,-1.844
South Asia,SAS,2003,1443.6564,838.60535,1304347800,1883.03,-1.795
South Asia,SAS,2004,1417.8733,887.1931,1325950600,1880.03,-1.776
South Asia,SAS,2005,1395.8341,940.1699,1346886400,1880.03,-1.716
South Asia,SAS,2006,1375.1078,999.3356,1367187300,1880.03,-1.649
South Asia,SAS,2007,1355.5144,1059.3164,1386949500,1880.03,-1.584
South Asia,SAS,2008,1337.103,1081.2982,1406047100,1880.03,-1.522
South Asia,SAS,2009,1318.9767,1145.4623,1425370200,1880.03,-1.436
South Asia,SAS,2010,1301.0885,1222.5182,1444967000,1880.03,-1.396
South Asia,SAS,2011,1283.8467,1272.0752,1464372600,1880.03,-1.364
South Asia,SAS,2012,1267.2482,1326.5111,1483553000,1880.03,-1.338
South Asia,SAS,2013,1251.9662,1392.2021,1501662000,1880.03,-1.307
South Asia,SAS,2014,1236.9927,1475.2168,1519839200,1880.03,-1.275
South Asia,SAS,2015,1222.8871,1570.5414,1537370100,1880.03,-1.232
South Asia,SAS,2016,1208.9355,1676.3541,1555111800,1880.03,-1.195
South Asia,SAS,2017,1195.552,1770.263,1572520400,1880.03,-1.158
South Asia,SAS,2018,1183.0303,1863.7211,1589164700,1880.03,-1.126
South Asia,SAS,2019,1171.0569,1920.3971,1605413000,1880.03,-1.09
South Asia,SAS,2020,1159.7439,1806.9905,1621073400,1880.03,-1.055
South Asia,SAS,2021,1150.0164,1957.5178,1634785400,1880.03,-0.994
South Asia,SAS,2022,1140.7883,2079.701,1648009600,,-0.933
South Asia,SAS,2023,,2236.8086,1662580600,,
South Asia,SAS,2024,,2355.2483,1677384600,,
South Asia (IDA & IBRD),TSA,1990,1872.1362,543.33966,1013297000,1897.03,
South Asia (IDA & IBRD),TSA,1991,1832.7762,539.97577,1035058200,1897.03,
South Asia (IDA & IBRD),TSA,1992,1794.6038,557.34607,1057074560,1897.03,
South Asia (IDA & IBRD),TSA,1993,1757.7195,572.21716,1079256300,1897.03,
South Asia (IDA & IBRD),TSA,1994,1709.8162,596.4664,1101305500,1883.03,
South Asia (IDA & IBRD),TSA,1995,1676.016,626.75793,1123515500,1883.03,-2.189
South Asia (IDA & IBRD),TSA,1996,1643.1345,657.93066,1145998600,1883.03,-2.161
South Asia (IDA & IBRD),TSA,1997,1611.3197,672.35815,1168625900,1883.03,-2.132
South Asia (IDA & IBRD),TSA,1998,1580.5109,698.9773,1191406000,1883.03,-2.103
South Asia (IDA & IBRD),TSA,1999,1550.7585,742.1153,1214263800,1883.03,-1.934
South Asia (IDA & IBRD),TSA,2000,1522.0272,758.1332,1237185500,1883.03,-1.909
South Asia (IDA & IBRD),TSA,2001,1494.2915,778.35724,1260149000,1883.03,-1.881
South Asia (IDA & IBRD),TSA,2002,1468.1525,793.58777,1282584800,1883.03,-1.844
South Asia (IDA & IBRD),TSA,2003,1443.6564,838.60535,1304347800,1883.03,-1.795
South Asia (IDA & IBRD),TSA,2004,1417.8733,887.1931,1325950600,1880.03,-1.776
South Asia (IDA & IBRD),TSA,2005,1395.8341,940.1699,1346886400,1880.03,-1.716
South Asia (IDA & IBRD),TSA,2006,1375.1078,999.3356,1367187300,1880.03,-1.649
South Asia (IDA & IBRD),TSA,2007,1355.5144,1059.3164,1386949500,1880.03,-1.584
South Asia (IDA & IBRD),TSA,2008,1337.103,1081.2982,1406047100,1880.03,-1.522
South Asia (IDA & IBRD),TSA,2009,1318.9767,1145.4623,1425370200,1880.03,-1.436
South Asia (IDA & IBRD),TSA,2010,1301.0885,1222.5182,1444967000,1880.03,-1.396
South Asia (IDA & IBRD),TSA,2011,1283.8467,1272.0752,1464372600,1880.03,-1.364
South Asia (IDA & IBRD),TSA,2012,1267.2482,1326.5111,1483553000,1880.03,-1.338
South Asia (IDA & IBRD),TSA,2013,1251.9662,1392.2021,1501662000,1880.03,-1.307
South Asia (IDA & IBRD),TSA,2014,1236.9927,1475.2168,1519839200,1880.03,-1.275
South Asia (IDA & IBRD),TSA,2015,1222.8871,1570.5414,1537370100,1880.03,-1.232
South Asia (IDA & IBRD),TSA,2016,1208.9355,1676.3541,1555111800,1880.03,-1.195
South Asia (IDA & IBRD),TSA,2017,1195.552,1770.263,1572520400,1880.03,-1.158
South Asia (IDA & IBRD),TSA,2018,1183.0303,1863.7211,1589164700,1880.03,-1.126
South Asia (IDA & IBRD),TSA,2019,1171.0569,1920.3971,1605413000,1880.03,-1.09
South Asia (IDA & IBRD),TSA,2020,1159.7439,1806.9905,1621073400,1880.03,-1.055
South Asia (IDA & IBRD),TSA,2021,1150.0164,1957.5178,1634785400,1880.03,-0.994
South Asia (IDA & IBRD),TSA,2022,1140.7883,2079.701,1648009600,,-0.933
South Asia (IDA & IBRD),TSA,2023,,2236.8086,1662580600,,
South Asia (IDA & IBRD),TSA,2024,,2355.2483,1677384600,,
South Sudan,SSD,1990,,,4737633,,
South Sudan,SSD,1991,,,4836677,,
South Sudan,SSD,1992,,,4909749,,
South Sudan,SSD,1993,,,4956002,,
South Sudan,SSD,1994,,,5071184,,
South Sudan,SSD,1995,,,5225836,,
South Sudan,SSD,1996,,,5356925,,
South Sudan,SSD,1997,,,5509136,,
South Sudan,SSD,1998,,,5620068,,
South Sudan,SSD,1999,,,5771628,,
South Sudan,SSD,2000,,,6032267,,
South Sudan,SSD,2001,,,6308391,,
South Sudan,SSD,2002,,,6596806,,
South Sudan,SSD,2003,,,6903127,,
South Sudan,SSD,2004,,,7233041,,
South Sudan,SSD,2005,,,7590143,,
South Sudan,SSD,2006,,,7976526,,
South Sudan,SSD,2007,,,8388788,,
South Sudan,SSD,2008,,2289.184,8817647,,
South Sudan,SSD,2009,,2293.8018,9243556,,
South Sudan,SSD,2010,,2295.0703,9745953,,
South Sudan,SSD,2011,,2073.2397,10288109,,
South Sudan,SSD,2012,2417.2017,1069.1962,10756240,26,
South Sudan,SSD,2013,2328.44,1165.162,11166275,26,
South Sudan,SSD,2014,2314.1816,1197.095,11235073,26,
South Sudan,SSD,2015,2340.7478,1080.1472,11107561,26,
South Sudan,SSD,2016,2400.716,,10830102,26,
South Sudan,SSD,2017,2534.322,,10259154,26,0.951
South Sudan,SSD,2018,2568.4143,,10122977,26,1.981
South Sudan,SSD,2019,2494.3914,,10423384,26,1.511
South Sudan,SSD,2020,2430.2546,,10698467,26,0.753
South Sudan,SSD,2021,2392.8333,,10865780,26,-0.066
South Sudan,SSD,2022,2359.0947,,11021177,26,-1.423
South Sudan,SSD,2023,,,11483374,,
South Sudan,SSD,2024,,,11943408,,
Spain,ESP,1990,2861.0151,19174.771,38867320,111.2,
Spain,ESP,1991,2853.7424,19612.977,38966376,111.2,
Spain,ESP,1992,2839.8,19698.512,39157684,111.2,
Spain,ESP,1993,2825.1125,19394.492,39361264,111.2,
Spain,ESP,1994,2811.6943,19762.389,39549108,111.2,
Spain,ESP,1995,2799.3118,20217.902,39724050,111.2,-0.435
Spain,ESP,1996,2787.6765,20658.84,39889852,111.2,-0.467
Spain,ESP,1997,2776.017,21310.432,40057388,111.2,-0.453
Spain,ESP,1998,2764.5525,22135.404,40223508,111.2,-0.432
Spain,ESP,1999,2753.3699,23017.838,40386876,111.2,-0.418
Spain,ESP,2000,2741.086,24106.883,40567864,111.2,-0.42
Spain,ESP,2001,2722.1267,24878.379,40850412,111.2,-0.475
Spain,ESP,2002,2683.9443,25205.316,41431560,111.2,-0.672
Spain,ESP,2003,2635.8428,25481.166,42187644,111.2,-0.949
Spain,ESP,2004,2590.7524,25825.31,42921896,111.2,-1.21
Spain,ESP,2005,2547.353,26294.447,43653156,111.2,-1.455
Spain,ESP,2006,2504.6558,26899.092,44397320,111.2,-1.651
Spain,ESP,2007,2458.719,27338.795,45226804,111.2,-1.738
Spain,ESP,2008,2419.8054,27112.525,45954104,111.2,-1.696
Spain,ESP,2009,2398.467,25860.814,46362944,111.2,-1.531
Spain,ESP,2010,2387.4497,25766.252,46576896,111.2,-1.288
Spain,ESP,2011,2378.9812,25510.559,46742696,111.2,-1.024
Spain,ESP,2012,2377.4373,24763.568,46773056,111.2,-0.67
Spain,ESP,2013,2386.0513,24498.557,46604196,111.2,-0.281
Spain,ESP,2014,2393.419,24947.852,46460732,111.2,-0.042
Spain,ESP,2015,2395.4004,25982.441,46422304,111.2,0.067
Spain,ESP,2016,2393.5527,26719.244,46458140,111.2,0.122
Spain,ESP,2017,2387.7402,27426.281,46571230,111.2,0.087
Spain,ESP,2018,2376.982,27956.723,46782012,111.2,-0.076
Spain,ESP,2019,2360.007,28301.44,47118500,111.2,-0.281
Spain,ESP,2020,2348.0015,25077.02,47359424,111.2,-0.399
Spain,ESP,2021,2343.8247,26705.363,47443820,111.2,-0.419
Spain,ESP,2022,2327.0364,28203.11,47786104,111.2,-0.514
Spain,ESP,2023,,28558.633,48352530,,
Spain,ESP,2024,,29245.219,48848840,,
Sri Lanka,LKA,1990,3228.8723,1388.5895,16352458,52.8,
Sri Lanka,LKA,1991,3204.7869,1441.63,16475354,52.8,
Sri Lanka,LKA,1992,3154.2568,1481.331,16739284,52.8,
Sri Lanka,LKA,1993,3101.1543,1556.8846,17025918,52.8,
Sri Lanka,LKA,1994,3056.3032,1620.2913,17275772,52.8,
Sri Lanka,LKA,1995,3006.1372,1681.3506,17564068,52.8,-1.419
Sri Lanka,LKA,1996,2948.894,1712.0082,17905018,52.8,-1.651
Sri Lanka,LKA,1997,2893.436,1787.4102,18248200,52.8,-1.711
Sri Lanka,LKA,1998,2839.3198,1836.3894,18596004,52.8,-1.749
Sri Lanka,LKA,1999,2787.0547,1880.1068,18944732,52.8,-1.828
Sri Lanka,LKA,2000,2736.7363,1956.9331,19293054,52.8,-1.86
Sri Lanka,LKA,2001,2693.828,1896.4825,19600362,52.8,-1.793
Sri Lanka,LKA,2002,2665.892,1951.2252,19805752,52.8,-1.625
Sri Lanka,LKA,2003,2646.4148,2052.0305,19951520,52.8,-1.397
Sri Lanka,LKA,2004,2628.4866,2149.1062,20087604,52.8,-1.165
Sri Lanka,LKA,2005,2611.7249,2268.688,20216524,52.8,-0.931
Sri Lanka,LKA,2006,2594.2874,2426.3486,20352412,52.8,-0.75
Sri Lanka,LKA,2007,2576.5466,2573.5437,20492544,52.8,-0.679
Sri Lanka,LKA,2008,2559.4568,2708.586,20629378,52.8,-0.666
Sri Lanka,LKA,2009,2543.7896,2787.2734,20756436,52.8,-0.653
Sri Lanka,LKA,2010,2528.846,2993.0142,20879088,52.8,-0.643
Sri Lanka,LKA,2011,2513.203,3232.3735,21009048,52.8,-0.633
Sri Lanka,LKA,2012,2494.1592,3484.7905,21169458,52.8,-0.648
Sri Lanka,LKA,2013,2564.9746,3728.9358,20585000,52.8,0.043
Sri Lanka,LKA,2014,2541.1494,3929.9207,20778000,52.8,-0.021
Sri Lanka,LKA,2015,2517.8826,4057.7158,20970000,52.8,-0.087
Sri Lanka,LKA,2016,2489.5093,4214.741,21209000,52.8,-0.189
Sri Lanka,LKA,2017,2461.1943,4436.008,21453000,52.8,-0.266
Sri Lanka,LKA,2018,2436.5483,4493.0356,21670000,52.8,-1.022
Sri Lanka,LKA,2019,2421.685,4455.7817,21803000,52.8,-0.958
Sri Lanka,LKA,2020,2408.869,4227.233,21919000,52.8,-0.881
Sri Lanka,LKA,2021,2383.1016,4357.972,22156000,52.8,-0.87
Sri Lanka,LKA,2022,2380.4158,4033.1455,22181000,52.8,-0.665
Sri Lanka,LKA,2023,,3964.92,22037000,,
Sri Lanka,LKA,2024,,4186.4985,21916000,,
St. Kitts and Nevis,KNA,1990,593.58923,10136.986,40432,0.024,
St. Kitts and Nevis,KNA,1991,594.6776,9966.204,40358,0.024,
St. Kitts and Nevis,KNA,1992,589.4633,10300.542,40715,0.024,
St. Kitts and Nevis,KNA,1993,581.931,10860.604,41242,0.024,
St. Kitts and Nevis,KNA,1994,574.49255,11290.217,41776,0.024,
St. Kitts and Nevis,KNA,1995,567.02734,11743.378,42326,0.024,-0.911
St. Kitts and Nevis,KNA,1996,559.74066,12269.797,42877,0.024,-1.204
St. Kitts and Nevis,KNA,1997,552.63885,12940.785,43428,0.024,-1.282
St. Kitts and Nevis,KNA,1998,545.4794,12710.963,43998,0.024,-1.285
St. Kitts and Nevis,KNA,1999,538.10455,12942.857,44601,0.024,-1.3
St. Kitts and Nevis,KNA,2000,530.41016,14039.028,45248,0.024,-1.326
St. Kitts and Nevis,KNA,2001,524.46405,14610.91,45761,0.024,-1.293
St. Kitts and Nevis,KNA,2002,521.5124,14727.391,46020,0.024,-1.153
St. Kitts and Nevis,KNA,2003,519.75055,14100.307,46176,0.024,-0.962
St. Kitts and Nevis,KNA,2004,518.1907,14619.795,46315,0.024,-0.751
St. Kitts and Nevis,KNA,2005,516.8292,16000.565,46437,0.024,-0.517
St. Kitts and Nevis,KNA,2006,515.3643,16457.861,46569,0.024,-0.349
St. Kitts and Nevis,KNA,2007,513.8526,16508.145,46706,0.024,-0.295
St. Kitts and Nevis,KNA,2008,512.43726,18325.762,46835,0.024,-0.283
St. Kitts and Nevis,KNA,2009,511.55255,17671.254,46916,0.024,-0.258
St. Kitts and Nevis,KNA,2010,512.31696,17688.068,46846,0.024,-0.175
St. Kitts and Nevis,KNA,2011,511.87988,17958.682,46886,0.024,-0.136
St. Kitts and Nevis,KNA,2012,510.28003,17770.496,47033,0.024,-0.139
St. Kitts and Nevis,KNA,2013,509.88974,18773.893,47069,0.024,-0.1
St. Kitts and Nevis,KNA,2014,509.6732,20187.807,47089,0.024,-0.074
St. Kitts and Nevis,KNA,2015,509.69482,20328.8,47087,0.024,-0.103
St. Kitts and Nevis,KNA,2016,509.82474,21133.658,47075,0.024,-0.08
St. Kitts and Nevis,KNA,2017,510.09564,21191.605,47050,0.024,-0.007
St. Kitts and Nevis,KNA,2018,510.5514,21635.498,47008,0.024,0.026
St. Kitts and Nevis,KNA,2019,511.16034,22297.764,46952,0.024,0.058
St. Kitts and Nevis,KNA,2020,512.0546,18918.826,46870,0.024,0.092
St. Kitts and Nevis,KNA,2021,513.22626,19031.82,46763,0.024,0.133
St. Kitts and Nevis,KNA,2022,513.8196,21050.758,46709,0.024,0.146
St. Kitts and Nevis,KNA,2023,,21664.033,46758,,
St. Kitts and Nevis,KNA,2024,,21692.24,46843,,
St. Lucia,LCA,1990,2176.168,8418.432,137857,0.3,
St. Lucia,LCA,1991,2150.2292,8349.338,139520,0.3,
St. Lucia,LCA,1992,2118.3896,8879.9,141617,0.3,
St. Lucia,LCA,1993,2087.305,8800.627,143726,0.3,
St. Lucia,LCA,1994,2056.3438,8808.683,145890,0.3,
St. Lucia,LCA,1995,2024.1823,8822.501,148208,0.3,-1.438
St. Lucia,LCA,1996,1994.2035,8945.863,150436,0.3,-1.495
St. Lucia,LCA,1997,1966.3235,8759.567,152569,0.3,-1.479
St. Lucia,LCA,1998,1939.5256,9183.352,154677,0.3,-1.458
St. Lucia,LCA,1999,1914.4618,9306.761,156702,0.3,-1.42
St. Lucia,LCA,2000,1891.3602,9198.938,158616,0.3,-1.348
St. Lucia,LCA,2001,1872.2268,8795.546,160237,0.3,-1.254
St. Lucia,LCA,2002,1855.9647,8755.459,161641,0.3,-1.149
St. Lucia,LCA,2003,1840.7618,9054.067,162976,0.3,-1.04
St. Lucia,LCA,2004,1826.6063,9637.378,164239,0.3,-0.935
St. Lucia,LCA,2005,1813.2366,9527.585,165450,0.3,-0.84
St. Lucia,LCA,2006,1800.2988,10045.65,166639,0.3,-0.78
St. Lucia,LCA,2007,1788.2903,10147.443,167758,0.3,-0.74
St. Lucia,LCA,2008,1777.167,10583.431,168808,0.3,-0.701
St. Lucia,LCA,2009,1766.0668,10219.803,169869,0.3,-0.672
St. Lucia,LCA,2010,1755.351,10191.314,170906,0.3,-0.647
St. Lucia,LCA,2011,1746.2064,10576.898,171801,0.3,-0.608
St. Lucia,LCA,2012,1738.2538,10517.277,172587,0.3,-0.566
St. Lucia,LCA,2013,1730.4132,10279.415,173369,0.3,-0.532
St. Lucia,LCA,2014,1722.7716,10369.938,174138,0.3,-0.495
St. Lucia,LCA,2015,1715.2168,10334.986,174905,0.3,-0.462
St. Lucia,LCA,2016,1707.9808,10644.161,175646,0.3,-0.442
St. Lucia,LCA,2017,1701.2396,10960.484,176342,0.3,-0.43
St. Lucia,LCA,2018,1694.7524,11233.889,177017,0.3,-0.416
St. Lucia,LCA,2019,1688.6093,11114.778,177661,0.3,-0.4
St. Lucia,LCA,2020,1683.0294,8379.275,178250,0.3,-0.378
St. Lucia,LCA,2021,1680.4652,9336.921,178522,0.3,-0.324
St. Lucia,LCA,2022,1678.0306,11224.29,178781,0.3,-0.274
St. Lucia,LCA,2023,,11440.083,179285,,
St. Lucia,LCA,2024,,11854.952,179744,,
St. Martin (French part),MAF,1990,,,28224,,
St. Martin (French part),MAF,1991,,,28800,,
St. Martin (French part),MAF,1992,,,29081,,
St. Martin (French part),MAF,1993,,,29282,,
St. Martin (French part),MAF,1994,,,29413,,
St. Martin (French part),MAF,1995,,,29470,,
St. Martin (French part),MAF,1996,,,29443,,
St. Martin (French part),MAF,1997,,,29323,,
St. Martin (French part),MAF,1998,,,29107,,
St. Martin (French part),MAF,1999,,,29284,,
St. Martin (French part),MAF,2000,,,29996,,
St. Martin (French part),MAF,2001,,,30803,,
St. Martin (French part),MAF,2002,,,31604,,
St. Martin (French part),MAF,2003,,,32395,,
St. Martin (French part),MAF,2004,,,33171,,
St. Martin (French part),MAF,2005,,,33928,,
St. Martin (French part),MAF,2006,,,34658,,
St. Martin (French part),MAF,2007,,,35337,,
St. Martin (French part),MAF,2008,,,35958,,
St. Martin (French part),MAF,2009,,,36502,,
St. Martin (French part),MAF,2010,,,36856,,
St. Martin (French part),MAF,2011,,,37069,,
St. Martin (French part),MAF,2012,,,37276,,
St. Martin (French part),MAF,2013,,,37419,,
St. Martin (French part),MAF,2014,,,37450,,
St. Martin (French part),MAF,2015,,,37369,,
St. Martin (French part),MAF,2016,,,37175,,
St. Martin (French part),MAF,2017,,,36837,,
St. Martin (French part),MAF,2018,,,36012,,
St. Martin (French part),MAF,2019,,,34267,,
St. Martin (French part),MAF,2020,,,31786,,
St. Martin (French part),MAF,2021,,,29961,,
St. Martin (French part),MAF,2022,,,28870,,
St. Martin (French part),MAF,2023,,,27515,,
St. Martin (French part),MAF,2024,,,26129,,
St. Vincent and the Grenadines,VCT,1990,894.3584,3784.7993,111812,0.1,
St. Vincent and the Grenadines,VCT,1991,891.0909,3813.794,112222,0.1,
St. Vincent and the Grenadines,VCT,1992,888.8178,4046.6863,112509,0.1,
St. Vincent and the Grenadines,VCT,1993,887.03595,4210.2427,112735,0.1,
St. Vincent and the Grenadines,VCT,1994,885.5984,4150.9766,112918,0.1,
St. Vincent and the Grenadines,VCT,1995,884.5878,4468.264,113047,0.1,-0.219
St. Vincent and the Grenadines,VCT,1996,884.0248,4522.9307,113119,0.1,-0.159
St. Vincent and the Grenadines,VCT,1997,883.8529,4680.5557,113141,0.1,-0.112
St. Vincent and the Grenadines,VCT,1998,883.54834,4870.321,113180,0.1,-0.079
St. Vincent and the Grenadines,VCT,1999,882.0987,4994.1143,113366,0.1,-0.079
St. Vincent and the Grenadines,VCT,2000,880.70807,5067.9673,113545,0.1,-0.088
St. Vincent and the Grenadines,VCT,2001,881.0495,5158.5664,113501,0.1,-0.067
St. Vincent and the Grenadines,VCT,2002,882.2466,5441.5264,113347,0.1,-0.036
St. Vincent and the Grenadines,VCT,2003,883.8529,5816.208,113141,0.1,0.007
St. Vincent and the Grenadines,VCT,2004,886.2498,6071.949,112835,0.1,0.094
St. Vincent and the Grenadines,VCT,2005,889.2841,6244.3594,112450,0.1,0.194
St. Vincent and the Grenadines,VCT,2006,892.74554,6707.279,112014,0.1,0.264
St. Vincent and the Grenadines,VCT,2007,896.6117,6960.1714,111531,0.1,0.324
St. Vincent and the Grenadines,VCT,2008,900.6737,7019.995,111028,0.1,0.378
St. Vincent and the Grenadines,VCT,2009,904.91187,6955.8237,110508,0.1,0.418
St. Vincent and the Grenadines,VCT,2010,909.4299,6678.042,109959,0.1,0.449
St. Vincent and the Grenadines,VCT,2011,914.5031,6674.582,109349,0.1,0.483
St. Vincent and the Grenadines,VCT,2012,919.6586,6790.683,108736,0.1,0.509
St. Vincent and the Grenadines,VCT,2013,924.76996,6996.5737,108135,0.1,0.529
St. Vincent and the Grenadines,VCT,2014,929.9298,7116.2207,107535,0.1,0.547
St. Vincent and the Grenadines,VCT,2015,934.92896,7353.7354,106960,0.1,0.555
St. Vincent and the Grenadines,VCT,2016,940.30035,7702.894,106349,0.1,0.558
St. Vincent and the Grenadines,VCT,2017,946.4051,7872.927,105663,0.1,0.575
St. Vincent and the Grenadines,VCT,2018,953.0526,8179.996,104926,0.1,0.604
St. Vincent and the Grenadines,VCT,2019,959.99695,8294.675,104167,0.1,0.638
St. Vincent and the Grenadines,VCT,2020,965.9409,7989.7466,103526,0.1,0.655
St. Vincent and the Grenadines,VCT,2021,972.3748,8211.336,102841,0.1,0.673
St. Vincent and the Grenadines,VCT,2022,979.9502,8532.738,102046,0.1,0.699
St. Vincent and the Grenadines,VCT,2023,,9051.353,101323,,
St. Vincent and the Grenadines,VCT,2024,,9485.1875,100616,,
Sub-Saharan Africa,SSF,1990,8382.634,1279.1858,521314720,3728.961,
Sub-Saharan Africa,SSF,1991,8166.6733,1249.8427,535621660,3728.961,
Sub-Saharan Africa,SSF,1992,7955.7324,1210.5679,550274100,3728.961,
Sub-Saharan Africa,SSF,1993,7175.1685,1165.5552,565570750,3853.761,
Sub-Saharan Africa,SSF,1994,6986.3545,1146.6438,580801900,3853.761,
Sub-Saharan Africa,SSF,1995,6803.8486,1153.8447,596382300,3853.761,-4.088
Sub-Saharan Africa,SSF,1996,6622.844,1181.1719,612554000,3853.761,-4.104
Sub-Saharan Africa,SSF,1997,6450.1597,1197.3895,628853800,3853.761,-4.109
Sub-Saharan Africa,SSF,1998,6280.108,1195.3247,645803600,3853.761,-2.63
Sub-Saharan Africa,SSF,1999,6114.416,1189.2268,663257200,3853.761,-2.631
Sub-Saharan Africa,SSF,2000,5954.5596,1197.8329,681125100,3853.761,-2.631
Sub-Saharan Africa,SSF,2001,5797.9,1215.3601,699588600,3853.761,-2.626
Sub-Saharan Africa,SSF,2002,5644.445,1258.7466,718662140,3853.761,-2.633
Sub-Saharan Africa,SSF,2003,5494.116,1275.727,738316160,3853.761,-2.639
Sub-Saharan Africa,SSF,2004,5346.6465,1324.5186,758653100,3853.761,-2.648
Sub-Saharan Africa,SSF,2005,5202.6553,1366.2743,779665100,3853.761,-2.664
Sub-Saharan Africa,SSF,2006,5062.639,1409.8589,801269400,3853.761,-2.676
Sub-Saharan Africa,SSF,2007,4926.024,1456.1661,823564860,3853.761,-2.686
Sub-Saharan Africa,SSF,2008,4792.47,1490.0938,846656900,3853.761,-2.696
Sub-Saharan Africa,SSF,2009,4663.045,1495.1589,870347260,3853.761,-2.699
Sub-Saharan Africa,SSF,2010,4536.9507,1542.5321,894666700,3853.761,-2.701
Sub-Saharan Africa,SSF,2011,4414.3286,1567.6376,919528100,3853.761,-2.703
Sub-Saharan Africa,SSF,2012,4110.313,1576.3141,944970300,3883.761,-3.556
Sub-Saharan Africa,SSF,2013,3999.165,1612.2424,971232900,3883.761,-3.554
Sub-Saharan Africa,SSF,2014,3892.0522,1643.2678,997961000,3883.761,-3.55
Sub-Saharan Africa,SSF,2015,3788.4524,1646.4495,1025251140,3883.761,-3.542
Sub-Saharan Africa,SSF,2016,3689.23,1623.1771,1052824100,3883.761,-3.525
Sub-Saharan Africa,SSF,2017,3593.261,1620.5365,1080941700,3883.761,-2.653
Sub-Saharan Africa,SSF,2018,3499.1982,1622.2413,1109997000,3883.761,-2.636
Sub-Saharan Africa,SSF,2019,3409.1465,1621.5953,1139315600,3883.761,-2.615
Sub-Saharan Africa,SSF,2020,3322.5293,1529.2489,1169015400,3883.761,-2.59
Sub-Saharan Africa,SSF,2021,3239.4028,1545.4521,1199012000,3883.761,-2.567
Sub-Saharan Africa,SSF,2022,3159.8704,1568.7119,1229208600,,-2.538
Sub-Saharan Africa,SSF,2023,,1572.0785,1259889900,,
Sub-Saharan Africa,SSF,2024,,1589.3298,1291045000,,
Sub-Saharan Africa (IDA & IBRD countries),TSS,1990,8382.634,1279.1858,521314720,3728.961,
Sub-Saharan Africa (IDA & IBRD countries),TSS,1991,8166.6733,1249.8427,535621660,3728.961,
Sub-Saharan Africa (IDA & IBRD countries),TSS,1992,7955.7324,1210.5679,550274100,3728.961,
Sub-Saharan Africa (IDA & IBRD countries),TSS,1993,7175.1685,1165.5552,565570750,3853.761,
Sub-Saharan Africa (IDA & IBRD countries),TSS,1994,6986.3545,1146.6438,580801900,3853.761,
Sub-Saharan Africa (IDA & IBRD countries),TSS,1995,6803.8486,1153.8447,596382300,3853.761,-4.088
Sub-Saharan Africa (IDA & IBRD countries),TSS,1996,6622.844,1181.1719,612554000,3853.761,-4.104
Sub-Saharan Africa (IDA & IBRD countries),TSS,1997,6450.1597,1197.3895,628853800,3853.761,-4.109
Sub-Saharan Africa (IDA & IBRD countries),TSS,1998,6280.108,1195.3247,645803600,3853.761,-2.63
Sub-Saharan Africa (IDA & IBRD countries),TSS,1999,6114.416,1189.2268,663257200,3853.761,-2.631
Sub-Saharan Africa (IDA & IBRD countries),TSS,2000,5954.5596,1197.8329,681125100,3853.761,-2.631
Sub-Saharan Africa (IDA & IBRD countries),TSS,2001,5797.9,1215.3601,699588600,3853.761,-2.626
Sub-Saharan Africa (IDA & IBRD countries),TSS,2002,5644.445,1258.7466,718662140,3853.761,-2.633
Sub-Saharan Africa (IDA & IBRD countries),TSS,2003,5494.116,1275.727,738316160,3853.761,-2.639
Sub-Saharan Africa (IDA & IBRD countries),TSS,2004,5346.6465,1324.5186,758653100,3853.761,-2.648
Sub-Saharan Africa (IDA & IBRD countries),TSS,2005,5202.6553,1366.2743,779665100,3853.761,-2.664
Sub-Saharan Africa (IDA & IBRD countries),TSS,2006,5062.639,1409.8589,801269400,3853.761,-2.676
Sub-Saharan Africa (IDA & IBRD countries),TSS,2007,4926.024,1456.1661,823564860,3853.761,-2.686
Sub-Saharan Africa (IDA & IBRD countries),TSS,2008,4792.47,1490.0938,846656900,3853.761,-2.696
Sub-Saharan Africa (IDA & IBRD countries),TSS,2009,4663.045,1495.1589,870347260,3853.761,-2.699
Sub-Saharan Africa (IDA & IBRD countries),TSS,2010,4536.9507,1542.5321,894666700,3853.761,-2.701
Sub-Saharan Africa (IDA & IBRD countries),TSS,2011,4414.3286,1567.6376,919528100,3853.761,-2.703
Sub-Saharan Africa (IDA & IBRD countries),TSS,2012,4110.313,1576.3141,944970300,3883.761,-3.556
Sub-Saharan Africa (IDA & IBRD countries),TSS,2013,3999.165,1612.2424,971232900,3883.761,-3.554
Sub-Saharan Africa (IDA & IBRD countries),TSS,2014,3892.0522,1643.2678,997961000,3883.761,-3.55
Sub-Saharan Africa (IDA & IBRD countries),TSS,2015,3788.4524,1646.4495,1025251140,3883.761,-3.542
Sub-Saharan Africa (IDA & IBRD countries),TSS,2016,3689.23,1623.1771,1052824100,3883.761,-3.525
Sub-Saharan Africa (IDA & IBRD countries),TSS,2017,3593.261,1620.5365,1080941700,3883.761,-2.653
Sub-Saharan Africa (IDA & IBRD countries),TSS,2018,3499.1982,1622.2413,1109997000,3883.761,-2.636
Sub-Saharan Africa (IDA & IBRD countries),TSS,2019,3409.1465,1621.5953,1139315600,3883.761,-2.615
Sub-Saharan Africa (IDA & IBRD countries),TSS,2020,3322.5293,1529.2489,1169015400,3883.761,-2.59
Sub-Saharan Africa (IDA & IBRD countries),TSS,2021,3239.4028,1545.4521,1199012000,3883.761,-2.567
Sub-Saharan Africa (IDA & IBRD countries),TSS,2022,3159.8704,1568.7119,1229208600,,-2.538
Sub-Saharan Africa (IDA & IBRD countries),TSS,2023,,1572.0785,1259889900,,
Sub-Saharan Africa (IDA & IBRD countries),TSS,2024,,1589.3298,1291045000,,
Sub-Saharan Africa (excluding high income),SSA,1990,8382.634,1379.9464,473635460,3728.961,
Sub-Saharan Africa (excluding high income),SSA,1991,8166.6733,1352.4873,485834050,3728.961,
Sub-Saharan Africa (excluding high income),SSA,1992,7955.7324,1313.8998,498349570,3728.961,
Sub-Saharan Africa (excluding high income),SSA,1993,7720.011,1262.9161,511789630,3731.761,
Sub-Saharan Africa (excluding high income),SSA,1994,7523.6953,1243.0417,525116200,3731.761,
Sub-Saharan Africa (excluding high income),SSA,1995,7333.4033,1251.2261,538769600,3731.761,-2.639
Sub-Saharan Africa (excluding high income),SSA,1996,7143.2,1279.8628,553009900,3731.761,-2.642
Sub-Saharan Africa (excluding high income),SSA,1997,6961.4224,1298.3824,567371970,3731.761,-2.635
Sub-Saharan Africa (excluding high income),SSA,1998,6781.541,1298.4358,582361200,3731.761,-2.559
Sub-Saharan Africa (excluding high income),SSA,1999,6606.0557,1291.7017,597802240,3731.761,-2.568
Sub-Saharan Africa (excluding high income),SSA,2000,6436.4736,1300.9315,613632500,3731.761,-2.575
Sub-Saharan Africa (excluding high income),SSA,2001,6269.818,1319.4833,630019650,3731.761,-2.575
Sub-Saharan Africa (excluding high income),SSA,2002,6106.4556,1368.5833,646942900,3731.761,-2.587
Sub-Saharan Africa (excluding high income),SSA,2003,5946.0674,1389.443,664400700,3731.761,-2.595
Sub-Saharan Africa (excluding high income),SSA,2004,5788.3345,1441.3077,682493440,3731.761,-2.608
Sub-Saharan Africa (excluding high income),SSA,2005,5634.0186,1485.3755,701214800,3731.761,-2.628
Sub-Saharan Africa (excluding high income),SSA,2006,5483.7524,1531.5248,720481300,3731.761,-2.644
Sub-Saharan Africa (excluding high income),SSA,2007,5337.006,1580.2776,740376640,3731.761,-2.658
Sub-Saharan Africa (excluding high income),SSA,2008,5193.2104,1615.3458,761026240,3731.761,-2.671
Sub-Saharan Africa (excluding high income),SSA,2009,5053.5757,1618.8013,782252350,3731.761,-2.678
Sub-Saharan Africa (excluding high income),SSA,2010,4917.4717,1667.5182,804038400,3731.761,-2.684
Sub-Saharan Africa (excluding high income),SSA,2011,4785.1567,1691.6666,826290700,3731.761,-2.689
Sub-Saharan Africa (excluding high income),SSA,2012,4430.3794,1698.5159,849083260,3761.761,-3.655
Sub-Saharan Africa (excluding high income),SSA,2013,4310.465,1734.3514,872704200,3761.761,-3.658
Sub-Saharan Africa (excluding high income),SSA,2014,4194.864,1764.5251,896754050,3761.761,-3.656
Sub-Saharan Africa (excluding high income),SSA,2015,4083.1428,1763.2747,921290560,3761.761,-3.65
Sub-Saharan Africa (excluding high income),SSA,2016,3976.444,1732.9097,946011300,3761.761,-3.635
Sub-Saharan Africa (excluding high income),SSA,2017,3873.3948,1725.2487,971179300,3761.761,-2.651
Sub-Saharan Africa (excluding high income),SSA,2018,3772.187,1724.1085,997236100,3761.761,-2.633
Sub-Saharan Africa (excluding high income),SSA,2019,3675.459,1719.0527,1023480640,3761.761,-2.609
Sub-Saharan Africa (excluding high income),SSA,2020,3582.6318,1613.9291,1049999300,3761.761,-2.581
Sub-Saharan Africa (excluding high income),SSA,2021,3493.547,1629.6436,1076774000,3761.761,-2.556
Sub-Saharan Africa (excluding high income),SSA,2022,3408.3047,1653.2169,1103704400,,-2.526
Sub-Saharan Africa (excluding high income),SSA,2023,,1653.5409,1131078500,,
Sub-Saharan Africa (excluding high income),SSA,2024,,1668.1978,1158863900,,
Sudan,SDN,1990,,764.45044,22021480,,
Sudan,SDN,1991,,805.3673,22470676,,
Sudan,SDN,1992,,842.0086,22927356,,
Sudan,SDN,1993,,862.97815,23445592,,
Sudan,SDN,1994,,850.29944,24043948,,
Sudan,SDN,1995,,877.6933,24672144,,
Sudan,SDN,1996,,908.66016,25231528,,
Sudan,SDN,1997,,1050.32,25799820,,
Sudan,SDN,1998,,1069.272,26459000,,
Sudan,SDN,1999,,1074.881,27130612,,
Sudan,SDN,2000,,1111.1187,27816744,,
Sudan,SDN,2001,,1150.1763,28516770,,
Sudan,SDN,2002,,1185.2153,29228728,,
Sudan,SDN,2003,,1226.4208,29896036,,
Sudan,SDN,2004,,1255.6711,30556636,,
Sudan,SDN,2005,,1290.2444,31262444,,
Sudan,SDN,2006,,1336.124,31992436,,
Sudan,SDN,2007,,1372.1096,32764136,,
Sudan,SDN,2008,,1381.6256,33623980,,
Sudan,SDN,2009,,1301.3473,34569110,,
Sudan,SDN,2010,,1311.2231,35414400,,
Sudan,SDN,2011,,1388.2181,36140810,,
Sudan,SDN,2012,108.33304,1288.2585,36923176,4,
Sudan,SDN,2013,105.85973,1283.4592,37785850,4,
Sudan,SDN,2014,103.03086,1307.3896,38823320,4,
Sudan,SDN,2015,99.93896,1292.3796,40024430,4,
Sudan,SDN,2016,96.94645,1297.1545,41259892,4,
Sudan,SDN,2017,93.64544,1261.8735,42714304,4,-2.872
Sudan,SDN,2018,90.435135,1185.9445,44230596,4,-3.101
Sudan,SDN,2019,87.81911,1126.553,45548176,4,-3.144
Sudan,SDN,2020,85.48975,1056.8647,46789230,4,-3.075
Sudan,SDN,2021,83.21731,1009.5489,48066924,4,-3.008
Sudan,SDN,2022,80.99897,973.2253,49383344,4,-2.86
Sudan,SDN,2023,,677.7232,50042790,,
Sudan,SDN,2024,,578.38916,50448964,,
Suriname,SUR,1990,240004.08,6474.9556,412493,99,
Suriname,SUR,1991,238546.75,6609.4014,415013,99,
Suriname,SUR,1992,237075.2,6594.9043,417589,99,
Suriname,SUR,1993,236078.52,6127.1777,419352,99,
Suriname,SUR,1994,234388.88,6290.1577,422375,99,
Suriname,SUR,1995,230443.7,6184.283,429606,99,-0.81
Suriname,SUR,1996,225599.89,6114.836,438830,99,-1.11
Suriname,SUR,1997,220949.1,6330.137,448067,99,-1.399
Suriname,SUR,1998,216437.9,6343.5137,457406,99,-1.722
Suriname,SUR,1999,212029.58,6127.3105,466916,99,-1.985
Suriname,SUR,2000,207702.62,6128.316,476643,99,-2.057
Suriname,SUR,2001,203469.25,6255.5527,486560,99,-2.044
Suriname,SUR,2002,199375.3,6301.3174,496551,99,-2.034
Suriname,SUR,2003,195492.22,6567.8433,506414,99,-2.015
Suriname,SUR,2004,192635.86,7021.9893,513923,99,-1.9
Suriname,SUR,2005,190636.47,7261.817,519313,99,-1.7
Suriname,SUR,2006,188572.5,7599.357,524997,99,-1.509
Suriname,SUR,2007,186435.06,7897.2563,531016,99,-1.333
Suriname,SUR,2008,184273.47,8129.1147,537245,99,-1.175
Suriname,SUR,2009,182129.92,8276.69,543568,99,-1.115
Suriname,SUR,2010,180025.2,8603.908,549923,99,-1.139
Suriname,SUR,2011,177971.45,9003.286,556269,99,-1.151
Suriname,SUR,2012,175958.39,9140.929,562633,99,-1.15
Suriname,SUR,2013,173983.34,9303.46,569020,99,-1.143
Suriname,SUR,2014,172062.3,9224.244,575373,99,-1.131
Suriname,SUR,2015,170212.19,8813.617,581627,99,-1.115
Suriname,SUR,2016,168436.95,8293.315,587757,99,-1.095
Suriname,SUR,2017,166747.23,8338.692,593713,99,-1.07
Suriname,SUR,2018,165134.03,8666.648,599513,99,-1.039
Suriname,SUR,2019,163428.9,8677.306,605768,99,-1.024
Suriname,SUR,2020,161680.95,7213.108,612317,99,-1.023
Suriname,SUR,2021,160221.14,6973.8994,617896,99,-0.995
Suriname,SUR,2022,158866.69,7081.3335,623164,99,-0.964
Suriname,SUR,2023,,7186.473,628886,,
Suriname,SUR,2024,,7246.258,634431,,
Sweden,SWE,1990,19979.355,34903.348,8558835,171,
Sweden,SWE,1991,19843.629,34268.973,8617375,171,
Sweden,SWE,1992,19727.582,33673.848,8668067,171,
Sweden,SWE,1993,19613.328,32787.28,8718561,171,
Sweden,SWE,1994,19474.43,33862.42,8780745,171,
Sweden,SWE,1995,19372.514,35064.414,8826939,171,-0.615
Sweden,SWE,1996,19341.707,35605.453,8840998,171,-0.511
Sweden,SWE,1997,19330.635,36675.75,8846062,171,-0.406
Sweden,SWE,1998,19319.908,38211.723,8850974,171,-0.301
Sweden,SWE,1999,19304.857,39786.027,8857874,171,-0.175
Sweden,SWE,2000,19273.885,41561.773,8872109,171,-0.102
Sweden,SWE,2001,19222.209,42014.402,8895960,171,-0.124
Sweden,SWE,2002,19159.754,42831.758,8924958,171,-0.177
Sweden,SWE,2003,19088.594,43475.367,8958229,171,-0.241
Sweden,SWE,2004,19013.666,45114.67,8993531,171,-0.304
Sweden,SWE,2005,18937.775,46189.684,9029572,171,-0.351
Sweden,SWE,2006,18831.553,48078.35,9080505,171,-0.41
Sweden,SWE,2007,18692.422,49262.152,9148092,171,-0.493
Sweden,SWE,2008,18547.367,48428.66,9219637,171,-0.574
Sweden,SWE,2009,18390.033,45974.39,9298515,171,-0.665
Sweden,SWE,2010,18233.92,48205.55,9378126,171,-0.755
Sweden,SWE,2011,18096.746,49356.59,9449213,171,-0.793
Sweden,SWE,2012,17963.365,48789.79,9519374,171,-0.793
Sweden,SWE,2013,17811.797,48928.5,9600379,171,-0.806
Sweden,SWE,2014,17635.94,49557.617,9696110,171,-0.834
Sweden,SWE,2015,17450.43,51188.164,9799186,171,-0.875
Sweden,SWE,2016,17232.545,51626.324,9923085,171,-0.974
Sweden,SWE,2017,17001.902,51894.375,10057698,171,-1.094
Sweden,SWE,2018,16805.543,52203.086,10175214,171,-1.156
Sweden,SWE,2019,16636.043,53024.41,10278887,171,-1.161
Sweden,SWE,2020,16516.246,51624.582,10353442,171,-1.094
Sweden,SWE,2021,16417.348,53997.133,10415811,171,-0.965
Sweden,SWE,2022,16305.994,54304.188,10486941,171,-0.832
Sweden,SWE,2023,,53937.797,10536632,,
Sweden,SWE,2024,,54209.95,10569709,,
Switzerland,CHE,1990,6015.9165,70063.85,6715519,40.4,
Switzerland,CHE,1991,5941.196,68559.94,6799978,40.4,
Switzerland,CHE,1992,5876.0527,67778.55,6875364,40.4,
Switzerland,CHE,1993,5822.7812,67079.46,6938265,40.4,
Switzerland,CHE,1994,5776.549,67391.84,6993795,40.4,
Switzerland,CHE,1995,5738.076,67264.914,7040687,40.4,-0.941
Switzerland,CHE,1996,5712.791,67284.11,7071850,40.4,-0.781
Switzerland,CHE,1997,5699.046,68640.08,7088906,40.4,-0.61
Switzerland,CHE,1998,5682.137,70510.02,7110001,40.4,-0.488
Switzerland,CHE,1999,5655.1025,71341.34,7143991,40.4,-0.424
Switzerland,CHE,2000,5623.412,73749.94,7184250,40.4,-0.403
Switzerland,CHE,2001,5587.9414,74439.46,7229854,40.4,-0.441
Switzerland,CHE,2002,5545.8296,73824.38,7284753,40.4,-0.544
Switzerland,CHE,2003,5504.8364,73254.95,7339001,40.4,-0.632
Switzerland,CHE,2004,5467.1245,74718.69,7389625,40.4,-0.674
Switzerland,CHE,2005,5432.214,76282.984,7437115,40.4,-0.689
Switzerland,CHE,2006,5398.2305,78893.805,7483934,40.4,-0.688
Switzerland,CHE,2007,5350.2017,81254.17,7551117,40.4,-0.716
Switzerland,CHE,2008,5282.6514,82481.07,7647675,40.4,-0.821
Switzerland,CHE,2009,5217.056,79585.52,7743831,40.4,-0.932
Switzerland,CHE,2010,5162.9995,81315.42,7824909,40.4,-1.011
Switzerland,CHE,2011,5105.911,81874.336,7912398,40.4,-1.107
Switzerland,CHE,2012,5051.9824,81964.88,7996861,40.4,-1.141
Switzerland,CHE,2013,4994.223,82479.92,8089346,40.4,-1.117
Switzerland,CHE,2014,4933.6587,83394.375,8188649,40.4,-1.111
Switzerland,CHE,2015,4877.8154,83806.445,8282396,40.4,-1.13
Switzerland,CHE,2016,4824.838,84611.1,8373338,40.4,-1.126
Switzerland,CHE,2017,4780.0244,84967.586,8451840,40.4,-1.101
Switzerland,CHE,2018,4744.9424,86756.6,8514329,40.4,-1.019
Switzerland,CHE,2019,4711.2163,87123.664,8575280,40.4,-0.918
Switzerland,CHE,2020,4676.918,84637.016,8638167,40.4,-0.838
Switzerland,CHE,2021,4641.253,88661.2,8704546,40.4,-0.773
Switzerland,CHE,2022,4602.8936,90605.016,8777088,40.4,-0.752
Switzerland,CHE,2023,,90077.445,8888822,,
Switzerland,CHE,2024,,90067.46,9005582,,
Syrian Arab Republic,SYR,1990,566.96735,931.8851,12579208,7.132,
Syrian Arab Republic,SYR,1991,549.42596,972.2858,12980821,7.132,
Syrian Arab Republic,SYR,1992,532.81256,1065.2047,13385571,7.132,
Syrian Arab Republic,SYR,1993,516.9732,1097.1104,13795686,7.132,
Syrian Arab Republic,SYR,1994,501.95013,1142.064,14208583,7.132,
Syrian Arab Republic,SYR,1995,487.93167,1188.1754,14616801,7.132,-2.958
Syrian Arab Republic,SYR,1996,474.8935,1270.0513,15018104,7.132,-2.874
Syrian Arab Republic,SYR,1997,462.58997,1299.2986,15417542,7.132,-2.787
Syrian Arab Republic,SYR,1998,450.80997,1352.1279,15820413,7.132,-2.702
Syrian Arab Republic,SYR,1999,439.48566,1271.3223,16228061,7.132,-2.623
Syrian Arab Republic,SYR,2000,428.6602,1248.3849,16637888,7.132,-2.557
Syrian Arab Republic,SYR,2001,418.2663,1230.872,17051338,7.132,-2.507
Syrian Arab Republic,SYR,2002,408.28168,1249.0062,17468332,7.132,-2.467
Syrian Arab Republic,SYR,2003,398.67416,1307.4814,17889296,7.132,-2.428
Syrian Arab Republic,SYR,2004,388.94305,1363.6195,18336876,7.132,-2.414
Syrian Arab Republic,SYR,2005,379.07758,1411.6318,18814092,7.132,-2.429
Syrian Arab Republic,SYR,2006,363.19153,1420.7229,19637022,7.132,-2.784
Syrian Arab Republic,SYR,2007,341.50342,1411.69,20884124,7.132,-3.509
Syrian Arab Republic,SYR,2008,329.6272,1423.5956,21636564,7.132,-3.732
Syrian Arab Republic,SYR,2009,324.52155,1484.4053,21976968,7.132,-3.557
Syrian Arab Republic,SYR,2010,317.22562,1526.3689,22482420,7.132,-3.5
Syrian Arab Republic,SYR,2011,311.7392,1542.7196,22878098,7.132,-3.009
Syrian Arab Republic,SYR,2012,313.36002,1142.2908,22759764,7.132,-1.705
Syrian Arab Republic,SYR,2013,329.16544,884.32983,21666916,7.132,-0.028
Syrian Arab Republic,SYR,2014,351.78653,847.65985,20273660,7.132,1.627
Syrian Arab Republic,SYR,2015,367.16293,847.7316,19424618,7.132,2.967
Syrian Arab Republic,SYR,2016,371.57767,802.9695,19193834,7.132,3.574
Syrian Arab Republic,SYR,2017,370.9817,795.88324,19224668,7.132,3.434
Syrian Arab Republic,SYR,2018,364.28934,792.4138,19577844,7.132,2.048
Syrian Arab Republic,SYR,2019,350.40598,771.5187,20353534,7.132,-0.079
Syrian Arab Republic,SYR,2020,338.82153,740.8114,21049428,7.132,-1.594
Syrian Arab Republic,SYR,2021,329.74493,734.3342,21628840,7.132,-2.36
Syrian Arab Republic,SYR,2022,317.51157,712.2723,22462172,7.132,-3.065
Syrian Arab Republic,SYR,2023,,,23594624,,
Syrian Arab Republic,SYR,2024,,,24672760,,
Tajikistan,TJK,1990,,1312.947,5398768,,
Tajikistan,TJK,1991,,1188.3746,5541205,,
Tajikistan,TJK,1992,11233.052,827.5869,5649400,63.46,
Tajikistan,TJK,1993,11084.7295,682.72723,5724993,63.46,
Tajikistan,TJK,1994,10893.732,528.0482,5825368,63.46,
Tajikistan,TJK,1995,10668.085,452.9044,5948584,63.46,
Tajikistan,TJK,1996,10460.6875,369.93488,6066523,63.46,
Tajikistan,TJK,1997,10335.793,371.66125,6139829,63.46,-1.651
Tajikistan,TJK,1998,10274.599,389.08975,6176397,63.46,-1.506
Tajikistan,TJK,1999,10221.685,401.40637,6208370,63.46,-1.265
Tajikistan,TJK,2000,10097.482,429.5373,6284735,63.46,-1.093
Tajikistan,TJK,2001,9904.209,461.68118,6407377,63.46,-1.087
Tajikistan,TJK,2002,9715.74,501.80856,6531669,63.46,-1.23
Tajikistan,TJK,2003,9530.567,546.3915,6658575,63.46,-1.492
Tajikistan,TJK,2004,9345.345,590.9571,6790547,63.46,-1.777
Tajikistan,TJK,2005,9164.27,618.3337,6924720,63.46,-1.921
Tajikistan,TJK,2006,8991.769,649.1633,7057566,63.46,-1.914
Tajikistan,TJK,2007,8820.655,686.4809,7194477,63.46,-1.914
Tajikistan,TJK,2008,8647.658,726.1855,7338403,63.46,-1.926
Tajikistan,TJK,2009,8472.37,739.2129,7490230,63.46,-1.942
Tajikistan,TJK,2010,8293.104,770.6041,7652141,63.46,-1.978
Tajikistan,TJK,2011,8110.127,809.3682,7824785,63.46,-2.043
Tajikistan,TJK,2012,7918.5596,849.5191,8014084,63.46,-2.135
Tajikistan,TJK,2013,7723.2725,889.8824,8216724,63.46,-2.236
Tajikistan,TJK,2014,7531.8506,925.97095,8425552,63.46,-2.326
Tajikistan,TJK,2015,7341.6445,956.9163,8643840,63.46,-2.408
Tajikistan,TJK,2016,7157.979,997.3526,8865631,63.46,-2.467
Tajikistan,TJK,2017,6984.413,1042.2639,9085946,63.46,-2.479
Tajikistan,TJK,2018,6818.28,1094.8002,9307333,63.46,-2.462
Tajikistan,TJK,2019,6658.9956,1148.3468,9529966,63.46,-2.433
Tajikistan,TJK,2020,6509.1787,1171.9012,9749310,63.46,-2.378
Tajikistan,TJK,2021,6367.07,1254.07,9966908,63.46,-2.315
Tajikistan,TJK,2022,6232.431,1325.7555,10182222,63.46,-2.253
Tajikistan,TJK,2023,,1407.1075,10389799,,
Tajikistan,TJK,2024,,1496.3381,10590927,,
Tanzania,TZA,1990,3217.1326,541.5448,26110208,84,
Tanzania,TZA,1991,3136.6182,538.967,26780436,84,
Tanzania,TZA,1992,3059.2637,528.78156,27457588,84,
Tanzania,TZA,1993,2964.773,518.6626,28332692,84,
Tanzania,TZA,1994,2853.0325,506.9725,29442356,84,
Tanzania,TZA,1995,2764.6587,508.84042,30383496,84,-2.986
Tanzania,TZA,1996,2714.4265,522.33325,30945762,84,-2.85
Tanzania,TZA,1997,2660.0723,529.9542,31578088,84,-2.758
Tanzania,TZA,1998,2590.9565,535.36316,32420458,84,-2.659
Tanzania,TZA,1999,2522.4976,546.6055,33300330,84,-2.433
Tanzania,TZA,2000,2451.8289,555.3481,34260140,84,-2.373
Tanzania,TZA,2001,2386.479,573.40015,35198300,84,-2.542
Tanzania,TZA,2002,2325.4976,598.4216,36121304,84,-2.653
Tanzania,TZA,2003,2264.7886,621.7207,37089556,84,-2.655
Tanzania,TZA,2004,2204.165,650.51654,38109668,84,-2.662
Tanzania,TZA,2005,2143.8374,680.0512,39182076,84,-2.649
Tanzania,TZA,2006,2084.6309,704.50275,40294904,84,-2.668
Tanzania,TZA,2007,2027.2466,731.52,41435510,84,-2.708
Tanzania,TZA,2008,1973.1869,752.54047,42570730,84,-2.719
Tanzania,TZA,2009,1925.1051,772.92957,43633984,84,-2.671
Tanzania,TZA,2010,1876.739,801.2993,44758490,84,-2.626
Tanzania,TZA,2011,1824.9219,838.99927,46029370,84,-2.626
Tanzania,TZA,2012,1773.1147,851.9107,47374260,84,-2.643
Tanzania,TZA,2013,1720.4608,882.8115,48824130,84,-2.704
Tanzania,TZA,2014,1668.2716,913.8112,50351510,84,-2.823
Tanzania,TZA,2015,1614.7336,939.1273,52020960,84,-2.963
Tanzania,TZA,2016,1560.6417,970.1561,53824012,84,-3.08
Tanzania,TZA,2017,1509.3556,1001.55896,55652890,84,-3.17
Tanzania,TZA,2018,1462.4683,1024.0153,57437144,84,-3.197
Tanzania,TZA,2019,1419.521,1051.7666,59174892,84,-3.178
Tanzania,TZA,2020,1377.6636,1041.2596,60972800,84,-3.126
Tanzania,TZA,2021,1336.9321,1054.3173,62830412,84,-3.047
Tanzania,TZA,2022,1298.0627,1070.5853,64711820,84,-2.971
Tanzania,TZA,2023,,1092.8641,66617610,,
Tanzania,TZA,2024,,1120.7742,68560160,,
Thailand,THA,1990,4101.5137,2631.5198,54738330,224.51,
Thailand,THA,1991,4035.233,2810.5671,55637430,224.51,
Thailand,THA,1992,3971.6016,2989.8538,56528830,224.51,
Thailand,THA,1993,3910.7654,3186.997,57408200,224.51,
Thailand,THA,1994,3853.5308,3391.4897,58260856,224.51,
Thailand,THA,1995,3798.9292,3614.9324,59098230,224.51,-1.521
Thailand,THA,1996,3746.8252,3766.8635,59920064,224.51,-1.472
Thailand,THA,1997,3697.1846,3614.6084,60724584,224.51,-1.422
Thailand,THA,1998,3649.2263,3295.36,61522630,224.51,-1.375
Thailand,THA,1999,3603.747,3403.0874,62299044,224.51,-1.331
Thailand,THA,2000,3563.2087,3514.7166,63007816,224.51,-1.273
Thailand,THA,2001,3527.1953,3599.0251,63651140,224.51,-1.201
Thailand,THA,2002,3493.4253,3783.7542,64266436,224.51,-1.127
Thailand,THA,2003,3461.0198,4018.1553,64868170,224.51,-1.053
Thailand,THA,2004,3430.1448,4232.7715,65452050,224.51,-0.983
Thailand,THA,2005,3400.769,4372.2573,66017420,224.51,-0.929
Thailand,THA,2006,3372.6575,4551.525,66567690,224.51,-0.892
Thailand,THA,2007,3345.7822,4760.667,67102390,224.51,-0.86
Thailand,THA,2008,3320.18,4805.764,67619830,224.51,-0.827
Thailand,THA,2009,3295.7493,4737.457,68121080,224.51,-0.796
Thailand,THA,2010,3273.7214,5059.3574,68579450,224.51,-0.759
Thailand,THA,2011,3253.4282,5070.2373,69007210,224.51,-0.717
Thailand,THA,2012,3233.3325,5403.8784,69436100,224.51,-0.681
Thailand,THA,2013,3214.3982,5516.612,69845110,224.51,-0.645
Thailand,THA,2014,3197.4026,5541.466,70216370,224.51,-0.604
Thailand,THA,2015,3182.6973,5688.8535,70540790,224.51,-0.562
Thailand,THA,2016,3168.3672,5857.781,70859840,224.51,-0.528
Thailand,THA,2017,3154.9946,6076.743,71160184,224.51,-0.489
Thailand,THA,2018,3145.4517,6314.1997,71376080,224.51,-0.433
Thailand,THA,2019,3139.0222,6434.5376,71522270,224.51,-0.368
Thailand,THA,2020,3133.7988,6035.186,71641490,224.51,-0.309
Thailand,THA,2021,3130.048,6121.527,71727330,224.51,-0.243
Thailand,THA,2022,3129.6992,6278.7856,71735330,224.51,-0.161
Thailand,THA,2023,,6408.4146,71702430,,
Thailand,THA,2024,,6574.461,71668010,,
Timor-Leste,TLS,1990,10804.306,633.1825,760345,8.215,
Timor-Leste,TLS,1991,10555.3545,684.87054,778278,8.215,
Timor-Leste,TLS,1992,10277.512,736.5916,799318,8.215,
Timor-Leste,TLS,1993,10000.767,789.9007,821437,8.215,
Timor-Leste,TLS,1994,9727.73,823.06244,844493,8.215,
Timor-Leste,TLS,1995,9462.694,854.1305,868146,8.215,-2.617
Timor-Leste,TLS,1996,9206.73,897.36053,892282,8.215,-2.697
Timor-Leste,TLS,1997,8956.764,907.91656,917184,8.215,-2.713
Timor-Leste,TLS,1998,8715.903,865.83136,942530,8.215,-2.713
Timor-Leste,TLS,1999,9841.895,631.07294,834697,8.215,0.234
Timor-Leste,TLS,2000,11025.543,1117.5643,745088,8.215,3.104
Timor-Leste,TLS,2001,10113.894,1192.7479,812249,8.215,1.897
Timor-Leste,TLS,2002,9344.157,1028.132,879159,8.215,0.85
Timor-Leste,TLS,2003,8959.753,964.3226,916878,8.215,0.553
Timor-Leste,TLS,2004,8842.138,955.47046,929074,8.215,-2.12
Timor-Leste,TLS,2005,8662.77,964.0267,948311,8.215,-4.709
Timor-Leste,TLS,2006,8411.863,897.5738,976597,8.215,-3.618
Timor-Leste,TLS,2007,8175.032,961.8484,1004889,8.215,-2.638
Timor-Leste,TLS,2008,7956.964,1042.8683,1032429,8.215,-2.346
Timor-Leste,TLS,2009,7758.9155,1120.0969,1058782,8.215,-2.58
Timor-Leste,TLS,2010,7573.6694,1195.3806,1084679,8.215,-2.651
Timor-Leste,TLS,2011,7399.521,1237.4838,1110207,8.215,-2.532
Timor-Leste,TLS,2012,7238.6187,1269.4163,1134885,8.215,-2.404
Timor-Leste,TLS,2013,7089.8726,1281.9286,1158695,8.215,-2.281
Timor-Leste,TLS,2014,6950.655,1312.965,1181903,8.215,-2.176
Timor-Leste,TLS,2015,6816.6865,1319.5929,1205131,8.215,-2.084
Timor-Leste,TLS,2016,6688.04,1333.6586,1228312,8.215,-2.002
Timor-Leste,TLS,2017,6563.0586,1267.0867,1251703,8.215,-1.94
Timor-Leste,TLS,2018,6438.2944,1237.2007,1275959,8.215,-1.91
Timor-Leste,TLS,2019,6314.6406,1507.2474,1300945,8.215,-1.901
Timor-Leste,TLS,2020,6195.0767,1947.84,1326053,8.215,-1.894
Timor-Leste,TLS,2021,6084.5586,2015.8203,1350139,8.215,-1.874
Timor-Leste,TLS,2022,5999.4375,1579.7108,1369295,8.215,-1.78
Timor-Leste,TLS,2023,,1279.2112,1384286,,
Timor-Leste,TLS,2024,,1149.2189,1400638,,
Togo,TGO,1990,2875.8909,703.62396,3998761,11.5,
Togo,TGO,1991,2794.2734,678.8698,4115560,11.5,
Togo,TGO,1992,2716.3535,633.669,4233617,11.5,
Togo,TGO,1993,2733.245,541.35706,4207453,11.5,
Togo,TGO,1994,2723.2212,620.1826,4222940,11.5,
Togo,TGO,1995,2607.2178,640.3499,4410832,11.5,-1.942
Togo,TGO,1996,2512.0908,671.5043,4577860,11.5,-2.107
Togo,TGO,1997,2433.847,744.12665,4725030,11.5,-2.172
Togo,TGO,1998,2365.8108,706.6896,4860913,11.5,-2.846
Togo,TGO,1999,2299.8762,704.0438,5000269,11.5,-3.323
Togo,TGO,2000,2237.338,679.53345,5140037,11.5,-3.014
Togo,TGO,2001,2179.1108,667.29834,5277382,11.5,-2.804
Togo,TGO,2002,2124.4075,675.4408,5413274,11.5,-2.683
Togo,TGO,2003,2071.2634,702.79926,5552167,11.5,-2.624
Togo,TGO,2004,2018.7806,678.2876,5696508,11.5,-2.574
Togo,TGO,2005,1967.6178,630.24866,5844631,11.5,-2.537
Togo,TGO,2006,1913.2649,629.0799,6010668,11.5,-2.569
Togo,TGO,2007,1858.3324,603.8378,6188344,11.5,-2.641
Togo,TGO,2008,1805.6743,610.4054,6368812,11.5,-2.707
Togo,TGO,2009,1755.2255,625.7115,6551865,11.5,-2.759
Togo,TGO,2010,1708.1094,644.5633,6732590,11.5,-2.789
Togo,TGO,2011,1662.6969,663.9633,6916474,11.5,-2.768
Togo,TGO,2012,1619.5504,687.4955,7100736,11.5,-2.713
Togo,TGO,2013,1578.4904,709.09186,7285442,11.5,-2.653
Togo,TGO,2014,1538.9866,730.2911,7472450,11.5,-2.595
Togo,TGO,2015,1500.6796,751.052,7663195,11.5,-2.556
Togo,TGO,2016,1463.4229,763.2762,7858289,11.5,-2.521
Togo,TGO,2017,1427.3054,774.2749,8057140,11.5,-2.496
Togo,TGO,2018,1392.4578,791.5924,8258778,11.5,-2.477
Togo,TGO,2019,1358.8453,810.51227,8463068,11.5,-2.459
Togo,TGO,2020,1326.4558,808.3007,8669720,11.5,-2.438
Togo,TGO,2021,1295.2815,829.7867,8878379,11.5,-2.411
Togo,TGO,2022,1265.163,861.508,9089738,11.5,-2.383
Togo,TGO,2023,,893.75305,9304337,,
Togo,TGO,2024,,931.02997,9515236,,
Tonga,TON,1990,,2987.6367,99700,,
Tonga,TON,1991,,3173.0862,99895,,
Tonga,TON,1992,,3177.0425,100022,,
Tonga,TON,1993,,3293.1353,100103,,
Tonga,TON,1994,,3454.0547,100166,,
Tonga,TON,1995,,3667.0188,100225,,
Tonga,TON,1996,,3668.596,100275,,
Tonga,TON,1997,,3632.1123,100674,,
Tonga,TON,1998,,3689.2166,101388,,
Tonga,TON,1999,,3749.8232,102046,,
Tonga,TON,2000,,3866.6858,102677,,
Tonga,TON,2001,,3901.1807,103288,,
Tonga,TON,2002,,4050.9895,103874,,
Tonga,TON,2003,,4030.1968,104464,,
Tonga,TON,2004,,3928.06,105071,,
Tonga,TON,2005,,3880.0703,105671,,
Tonga,TON,2006,,3775.2483,106253,,
Tonga,TON,2007,,3665.8953,106726,,
Tonga,TON,2008,,3833.6016,107020,,
Tonga,TON,2009,,3630.7607,107203,,
Tonga,TON,2010,,3653.978,107400,,
Tonga,TON,2011,,3892.7678,107570,,
Tonga,TON,2012,,3932.5935,107460,,
Tonga,TON,2013,,3962.1697,107078,,
Tonga,TON,2014,,4058.8157,106609,,
Tonga,TON,2015,,4123.9033,106095,,
Tonga,TON,2016,,4419.815,105524,,
Tonga,TON,2017,,4568.6245,105356,,
Tonga,TON,2018,,4583.5596,105567,,
Tonga,TON,2019,,4566.075,105669,,
Tonga,TON,2020,,4647.008,105704,,
Tonga,TON,2021,,4612.9004,105490,,
Tonga,TON,2022,,4533.968,105042,,
Tonga,TON,2023,,4680.3,104597,,
Tonga,TON,2024,,,104175,,
Trinidad and Tobago,TTO,1990,3066.5833,6058.2153,1252208,3.84,
Trinidad and Tobago,TTO,1991,3042.377,6197.4624,1262171,3.84,
Trinidad and Tobago,TTO,1992,3019.6418,6771.9844,1271674,3.84,
Trinidad and Tobago,TTO,1993,2998.9082,6680.485,1280466,3.84,
Trinidad and Tobago,TTO,1994,2980.5774,6876.4985,1288341,3.84,
Trinidad and Tobago,TTO,1995,2964.864,7100.854,1295169,3.84,-0.672
Trinidad and Tobago,TTO,1996,2951.739,7573.7856,1300928,3.84,-0.603
Trinidad and Tobago,TTO,1997,2940.645,8112.943,1305836,3.84,-0.529
Trinidad and Tobago,TTO,1998,2930.7944,8742.699,1310225,3.84,-0.458
Trinidad and Tobago,TTO,1999,2920.8008,9412.081,1314708,3.84,-0.404
Trinidad and Tobago,TTO,2000,2909.589,10023.0205,1319774,3.84,-0.376
Trinidad and Tobago,TTO,2001,2896.8735,10395.204,1325567,3.84,-0.375
Trinidad and Tobago,TTO,2002,2882.8591,11165.96,1332011,3.84,-0.396
Trinidad and Tobago,TTO,2003,2868.4353,12714.5,1338709,3.84,-0.429
Trinidad and Tobago,TTO,2004,2854.2122,13657.254,1345380,3.84,-0.46
Trinidad and Tobago,TTO,2005,2966.4102,15075.418,1294494,3.84,0.388
Trinidad and Tobago,TTO,2006,2958.5251,17021.225,1297944,3.84,0.422
Trinidad and Tobago,TTO,2007,2946.62,17758.7,1303188,3.84,0.438
Trinidad and Tobago,TTO,2008,2934.463,18285.273,1308587,3.84,0.456
Trinidad and Tobago,TTO,2009,2931.0605,17461.965,1310106,3.84,0.533
Trinidad and Tobago,TTO,2010,2914.1377,17938.096,1317714,3.84,-0.355
Trinidad and Tobago,TTO,2011,2891.525,17746.51,1328019,3.84,-0.457
Trinidad and Tobago,TTO,2012,2875.9866,18835.668,1335194,3.84,-0.484
Trinidad and Tobago,TTO,2013,2864.481,19392.197,1340557,3.84,-0.482
Trinidad and Tobago,TTO,2014,2854.2908,20032.541,1345343,3.84,-0.529
Trinidad and Tobago,TTO,2015,2845.1462,19887.232,1349667,3.84,-0.478
Trinidad and Tobago,TTO,2016,2836.2612,18331.035,1353895,3.84,-0.385
Trinidad and Tobago,TTO,2017,2830.537,17402.615,1356633,3.84,-0.318
Trinidad and Tobago,TTO,2018,2825.2058,17205.615,1359193,3.84,-0.276
Trinidad and Tobago,TTO,2019,2815.2803,17225.361,1363985,3.84,-0.275
Trinidad and Tobago,TTO,2020,2809.6362,15679.961,1366725,3.84,-0.251
Trinidad and Tobago,TTO,2021,2807.9248,15558.094,1367558,3.84,-0.201
Trinidad and Tobago,TTO,2022,2811.5288,15712.23,1365805,3.84,-0.135
Trinidad and Tobago,TTO,2023,,15922.767,1367510,,
Trinidad and Tobago,TTO,2024,,16312.485,1368333,,
Tunisia,TUN,1990,503.93362,2114.4705,8324509,4.195,
Tunisia,TUN,1991,493.42334,2151.2085,8501827,4.195,
Tunisia,TUN,1992,483.1551,2270.8645,8682512,4.195,
Tunisia,TUN,1993,473.588,2274.6418,8857910,4.195,
Tunisia,TUN,1994,465.15765,2305.1614,9018448,4.195,
Tunisia,TUN,1995,457.90656,2322.592,9161258,4.195,-1.897
Tunisia,TUN,1996,451.3455,2452.9092,9294432,4.195,-1.767
Tunisia,TUN,1997,445.26904,2551.5505,9421270,4.195,-1.62
Tunisia,TUN,1998,439.65063,2639.875,9541667,4.195,-1.476
Tunisia,TUN,1999,434.44656,2766.57,9655963,4.195,-1.357
Tunisia,TUN,2000,429.59836,2864.547,9764935,4.195,-1.268
Tunisia,TUN,2001,425.03925,2941.739,9869677,4.195,-1.194
Tunisia,TUN,2002,420.69836,2950.204,9971515,4.195,-1.129
Tunisia,TUN,2003,416.51642,3058.229,10071632,4.195,-1.075
Tunisia,TUN,2004,412.6434,3218.7231,10166163,4.195,-1.024
Tunisia,TUN,2005,409.04993,3301.9382,10255472,4.195,-0.975
Tunisia,TUN,2006,405.45465,3444.5513,10346410,4.195,-0.939
Tunisia,TUN,2007,401.75443,3642.1199,10441702,4.195,-0.917
Tunisia,TUN,2008,397.9081,3760.1182,10542635,4.195,-0.91
Tunisia,TUN,2009,393.87152,3835.25,10650681,4.195,-0.927
Tunisia,TUN,2010,389.65332,3906.9062,10765980,4.195,-0.967
Tunisia,TUN,2011,385.3561,3784.7412,10886035,4.195,-1.012
Tunisia,TUN,2012,381.02948,3900.0461,11009647,4.195,-1.054
Tunisia,TUN,2013,376.5249,3947.5876,11141361,4.195,-1.099
Tunisia,TUN,2014,372.08557,4021.5996,11274288,4.195,-1.132
Tunisia,TUN,2015,367.9094,4014.9478,11402264,4.195,-1.142
Tunisia,TUN,2016,363.87534,4015.2888,11528674,4.195,-1.141
Tunisia,TUN,2017,360.07043,4062.8062,11650498,4.195,-1.125
Tunisia,TUN,2018,356.5505,4127.97,11765514,4.195,-1.084
Tunisia,TUN,2019,353.26074,4153.28,11875081,4.195,-1.033
Tunisia,TUN,2020,350.34073,3749.2683,11974057,4.195,-0.974
Tunisia,TUN,2021,348.1726,3902.5332,12048622,4.195,-0.878
Tunisia,TUN,2022,346.14114,3986.5457,12119334,4.195,-0.786
Tunisia,TUN,2023,,3967.334,12200431,,
Tunisia,TUN,2024,,4006.2058,12277109,,
Turkiye,TUR,1990,4052.4404,5188.1826,56015628,227,
Turkiye,TUR,1991,3981.7654,5134.4175,57009890,227,
Turkiye,TUR,1992,3914.46,5301.8086,57990120,227,
Turkiye,TUR,1993,3847.512,5609.8506,58999170,227,
Turkiye,TUR,1994,3781.201,5255.803,60033836,227,
Turkiye,TUR,1995,3719.8174,5577.825,61024504,227,-1.698
Turkiye,TUR,1996,3664.1782,5887.6733,61951136,227,-1.649
Turkiye,TUR,1997,3611.6035,6230.186,62852970,227,-1.598
Turkiye,TUR,1998,3561.6567,6261.2886,63734384,227,-1.532
Turkiye,TUR,1999,3514.3713,5989.557,64591924,227,-1.453
Turkiye,TUR,2000,3469.5708,6326.2573,65425960,227,-1.383
Turkiye,TUR,2001,3426.667,5906.9233,66245130,227,-1.331
Turkiye,TUR,2002,3385.594,6211.7056,67048796,227,-1.284
Turkiye,TUR,2003,3346.5164,6496.0728,67831730,227,-1.238
Turkiye,TUR,2004,3309.394,7061.622,68592616,227,-1.195
Turkiye,TUR,2005,3274.2168,7623.1465,69329560,227,-1.152
Turkiye,TUR,2006,3240.7576,8078.515,70045350,227,-1.109
Turkiye,TUR,2007,3235.5488,8477.533,70158110,227,-0.903
Turkiye,TUR,2008,3194.8577,8447.939,71051680,227,-0.923
Turkiye,TUR,2009,3151.062,7925.3013,72039210,227,-0.976
Turkiye,TUR,2010,3103.5457,8472.578,73142150,227,-1.065
Turkiye,TUR,2011,3058.3252,9265.859,74223630,227,-1.152
Turkiye,TUR,2012,3019.5876,9588.32,75175820,227,-1.372
Turkiye,TUR,2013,2981.0518,10269.449,76147624,227,-1.376
Turkiye,TUR,2014,2941.1047,10597.98,77181890,227,-1.37
Turkiye,TUR,2015,2902.1274,11064.649,78218480,227,-1.333
Turkiye,TUR,2016,2863.343,11279.617,79277960,227,-1.309
Turkiye,TUR,2017,2826.4521,12005.6455,80312696,227,-1.313
Turkiye,TUR,2018,2788.451,12255.008,81407200,227,-1.327
Turkiye,TUR,2019,2748.8682,12238.295,82579440,227,-1.343
Turkiye,TUR,2020,2722.3225,12338.644,83384680,227,-1.271
Turkiye,TUR,2021,2697.65,13670.938,84147320,227,-1.185
Turkiye,TUR,2022,2671.2195,14273.575,84979910,227,-1.123
Turkiye,TUR,2023,,14932.885,85325970,,
Turkiye,TUR,2024,,15395.028,85518664,,
Turkmenistan,TKM,1990,,3495.7483,3760562,,
Turkmenistan,TKM,1991,,3252.3123,3855894,,
Turkmenistan,TKM,1992,356.1751,2703.3186,3944689,1.405,
Turkmenistan,TKM,1993,348.42712,2684.1804,4032407,1.405,
Turkmenistan,TKM,1994,341.29593,2174.3882,4116662,1.405,
Turkmenistan,TKM,1995,335.22595,1981.944,4191203,1.405,
Turkmenistan,TKM,1996,329.5168,2078.7185,4263819,1.405,
Turkmenistan,TKM,1997,323.9768,1810.7805,4336730,1.405,-1.877
Turkmenistan,TKM,1998,318.5575,1906.9054,4410507,1.405,-1.777
Turkmenistan,TKM,1999,312.76645,2181.1594,4492170,1.405,-1.731
Turkmenistan,TKM,2000,306.58936,2255.015,4582677,1.405,-1.77
Turkmenistan,TKM,2001,300.50848,2306.3005,4675409,1.405,-1.826
Turkmenistan,TKM,2002,294.5823,2266.6335,4769465,1.405,-1.884
Turkmenistan,TKM,2003,288.86493,2295.2961,4863865,1.405,-1.938
Turkmenistan,TKM,2004,283.3751,2364.2673,4958093,1.405,-1.954
Turkmenistan,TKM,2005,278.09354,2622.618,5052257,1.405,-1.932
Turkmenistan,TKM,2006,272.969,2856.7747,5147105,1.405,-1.904
Turkmenistan,TKM,2007,267.9229,3114.0632,5244046,1.405,-1.879
Turkmenistan,TKM,2008,262.86105,3504.3484,5345029,1.405,-1.869
Turkmenistan,TKM,2009,257.72287,3645.4353,5451592,1.405,-1.88
Turkmenistan,TKM,2010,252.50002,3900.1423,5564356,1.405,-1.912
Turkmenistan,TKM,2011,247.21043,4379.7495,5683417,1.405,-1.963
Turkmenistan,TKM,2012,241.88498,4761.079,5808546,1.405,-2.024
Turkmenistan,TKM,2013,236.55823,5131.1675,5939341,1.405,-2.087
Turkmenistan,TKM,2014,231.26495,5533.035,6075283,1.405,-2.143
Turkmenistan,TKM,2015,226.03796,5759.498,6215770,1.405,-2.19
Turkmenistan,TKM,2016,220.91052,5977.8384,6360041,1.405,-2.225
Turkmenistan,TKM,2017,215.9193,6222.5557,6507061,1.405,-2.246
Turkmenistan,TKM,2018,211.10284,6460.9434,6655524,1.405,-2.251
Turkmenistan,TKM,2019,206.49788,6718.166,6803944,1.405,-2.24
Turkmenistan,TKM,2020,202.16083,6965.1123,6949912,1.405,-2.208
Turkmenistan,TKM,2021,198.10934,7248.7075,7092043,1.405,-2.155
Turkmenistan,TKM,2022,194.32399,7551.0366,7230193,1.405,-2.086
Turkmenistan,TKM,2023,,7880.4453,7364438,,
Turkmenistan,TKM,2024,,8231.495,7494498,,
Turks and Caicos Islands,TCA,1990,,,11688,,
Turks and Caicos Islands,TCA,1991,,,12305,,
Turks and Caicos Islands,TCA,1992,,,12970,,
Turks and Caicos Islands,TCA,1993,,,13648,,
Turks and Caicos Islands,TCA,1994,,,14344,,
Turks and Caicos Islands,TCA,1995,,,15052,,
Turks and Caicos Islands,TCA,1996,,,15765,,
Turks and Caicos Islands,TCA,1997,,,16482,,
Turks and Caicos Islands,TCA,1998,,,17212,,
Turks and Caicos Islands,TCA,1999,,,17959,,
Turks and Caicos Islands,TCA,2000,,,18730,,
Turks and Caicos Islands,TCA,2001,,,19576,,
Turks and Caicos Islands,TCA,2002,,,20597,,
Turks and Caicos Islands,TCA,2003,,,21727,,
Turks and Caicos Islands,TCA,2004,,,22856,,
Turks and Caicos Islands,TCA,2005,,,23988,,
Turks and Caicos Islands,TCA,2006,,,25123,,
Turks and Caicos Islands,TCA,2007,,37466.184,26270,,
Turks and Caicos Islands,TCA,2008,,38854.11,27427,,
Turks and Caicos Islands,TCA,2009,,29988.6,28588,,
Turks and Caicos Islands,TCA,2010,,29111.873,29739,,
Turks and Caicos Islands,TCA,2011,,29363.947,30846,,
Turks and Caicos Islands,TCA,2012,,27441.334,32127,,
Turks and Caicos Islands,TCA,2013,,26477.541,33653,,
Turks and Caicos Islands,TCA,2014,,27636.82,35050,,
Turks and Caicos Islands,TCA,2015,,29457.014,36605,,
Turks and Caicos Islands,TCA,2016,,30183,38315,,
Turks and Caicos Islands,TCA,2017,,50586.1,39913,,
Turks and Caicos Islands,TCA,2018,,51863.184,41559,,
Turks and Caicos Islands,TCA,2019,,52419.887,43166,,
Turks and Caicos Islands,TCA,2020,,33739.426,44386,,
Turks and Caicos Islands,TCA,2021,,42907.75,45243,,
Turks and Caicos Islands,TCA,2022,,48307.31,45847,,
Turks and Caicos Islands,TCA,2023,,54523.03,46198,,
Turks and Caicos Islands,TCA,2024,,57179.297,46535,,
Tuvalu,TUV,1990,,2450.7974,8798,,
Tuvalu,TUV,1991,,2502.277,8928,,
Tuvalu,TUV,1992,,2540.7563,9038,,
Tuvalu,TUV,1993,,2619.695,9126,,
Tuvalu,TUV,1994,,2863.6711,9207,,
Tuvalu,TUV,1995,,2698.9607,9280,,
Tuvalu,TUV,1996,,2521.2212,9342,,
Tuvalu,TUV,1997,,2756.314,9400,,
Tuvalu,TUV,1998,,3166.3955,9451,,
Tuvalu,TUV,1999,,3102.1067,9496,,
Tuvalu,TUV,2000,,3056.551,9544,,
Tuvalu,TUV,2001,,3043.1592,9586,,
Tuvalu,TUV,2002,,3320.1687,9623,,
Tuvalu,TUV,2003,,3152.2283,9695,,
Tuvalu,TUV,2004,,3042.6128,9816,,
Tuvalu,TUV,2005,,2864.9053,9940,,
Tuvalu,TUV,2006,,2900.927,10056,,
Tuvalu,TUV,2007,,3069.6736,10182,,
Tuvalu,TUV,2008,,3230.2212,10321,,
Tuvalu,TUV,2009,,2987.804,10461,,
Tuvalu,TUV,2010,,2879.2964,10614,,
Tuvalu,TUV,2011,,3028.2512,10780,,
Tuvalu,TUV,2012,,2922.0764,10934,,
Tuvalu,TUV,2013,,3030.5527,11001,,
Tuvalu,TUV,2014,,3035.2432,10984,,
Tuvalu,TUV,2015,,3357.8342,10963,,
Tuvalu,TUV,2016,,3558.612,10930,,
Tuvalu,TUV,2017,,3666.202,10869,,
Tuvalu,TUV,2018,,3757.8599,10751,,
Tuvalu,TUV,2019,,4345.996,10581,,
Tuvalu,TUV,2020,,4233.0186,10399,,
Tuvalu,TUV,2021,,4396.049,10194,,
Tuvalu,TUV,2022,,4515.297,9992,,
Tuvalu,TUV,2023,,4773.341,9816,,
Tuvalu,TUV,2024,,,9646,,
Uganda,UGA,1990,2219.7056,369.8393,17569896,39,
Uganda,UGA,1991,2148.062,377.78052,18155900,39,
Uganda,UGA,1992,2076.121,377.60962,18785032,39,
Uganda,UGA,1993,2005.6404,395.16394,19445160,39,
Uganda,UGA,1994,1939.4493,406.59232,20108800,39,
Uganda,UGA,1995,1887.1881,441.2262,20665668,39,-3.194
Uganda,UGA,1996,1836.8889,468.4279,21231550,39,-3.081
Uganda,UGA,1997,1784.4033,478.25067,21856046,39,-2.983
Uganda,UGA,1998,1732.1166,487.00897,22515806,39,-2.89
Uganda,UGA,1999,1676.8942,509.45538,23257280,39,-2.867
Uganda,UGA,2000,1624.9899,509.19754,24000150,39,-2.947
Uganda,UGA,2001,1576.033,519.45654,24745676,39,-3.017
Uganda,UGA,2002,1527.4429,547.40533,25532870,39,-3.062
Uganda,UGA,2003,1479.9567,564.7205,26352124,39,-3.098
Uganda,UGA,2004,1436.2252,585.3395,27154516,39,-3.051
Uganda,UGA,2005,1394.6857,604.4048,27963288,39,-3.01
Uganda,UGA,2006,1354.4487,650.27057,28794004,39,-2.985
Uganda,UGA,2007,1315.1936,684.54224,29653430,39,-2.948
Uganda,UGA,2008,1277.0325,722.5652,30539552,39,-2.906
Uganda,UGA,2009,1240.0182,749.3429,31451152,39,-2.895
Uganda,UGA,2010,1204.0455,768.6241,32390802,39,-2.897
Uganda,UGA,2011,1169.256,816.51636,33354544,39,-2.898
Uganda,UGA,2012,1135.7865,823.58044,34337440,39,-2.891
Uganda,UGA,2013,1103.6577,828.98865,35337040,39,-2.876
Uganda,UGA,2014,1071.5599,845.97864,36395540,39,-2.878
Uganda,UGA,2015,1039.1287,862.93463,37531450,39,-2.903
Uganda,UGA,2016,1005.17664,874.6484,38799150,39,-2.979
Uganda,UGA,2017,970.69525,871.0939,40177388,39,-3.093
Uganda,UGA,2018,938.2707,895.07513,41565830,39,-3.195
Uganda,UGA,2019,906.9844,920.9391,42999636,39,-3.28
Uganda,UGA,2020,877.2492,917.03503,44457150,39,-3.33
Uganda,UGA,2021,849.47095,919.4017,45910930,39,-3.31
Uganda,UGA,2022,824.3027,933.09406,47312720,39,-3.217
Uganda,UGA,2023,,955.7458,48656600,,
Uganda,UGA,2024,,986.09015,50015092,,
Ukraine,UKR,1990,,3102.3105,52054092,,
Ukraine,UKR,1991,,2826.0647,52170960,,
Ukraine,UKR,1992,1053.0607,2538.8528,52323670,55.1,
Ukraine,UKR,1993,1052.5286,2177.2349,52350130,55.1,
Ukraine,UKR,1994,1058.069,1687.4845,52076000,55.1,
Ukraine,UKR,1995,1066.4749,1493.3821,51665540,55.1,
Ukraine,UKR,1996,1075.6234,1355.5734,51226108,55.1,
Ukraine,UKR,1997,1084.9258,1326.278,50786884,55.1,0.598
Ukraine,UKR,1998,1093.6938,1311.5936,50379732,55.1,0.77
Ukraine,UKR,1999,1102.5194,1319.5332,49976450,55.1,0.826
Ukraine,UKR,2000,1111.8586,1409.2227,49556660,55.1,0.837
Ukraine,UKR,2001,1122.043,1547.2783,49106856,55.1,0.849
Ukraine,UKR,2002,1131.945,1644.2812,48677280,55.1,0.852
Ukraine,UKR,2003,1140.4293,1814.2585,48315136,55.1,0.84
Ukraine,UKR,2004,1148.407,2042.445,47979508,55.1,0.819
Ukraine,UKR,2005,1157.9144,2122.6016,47585556,55.1,0.815
Ukraine,UKR,2006,1165.4298,2298.1323,47278696,55.1,0.762
Ukraine,UKR,2007,1170.7761,2498.352,47062800,55.1,0.677
Ukraine,UKR,2008,1176.8683,2567.694,46819176,55.1,0.631
Ukraine,UKR,2009,1181.8016,2188.1702,46623732,55.1,0.575
Ukraine,UKR,2010,1186.0685,2285.9338,46456004,55.1,0.482
Ukraine,UKR,2011,1189.863,2418.1208,46307852,55.1,0.416
Ukraine,UKR,2012,1192.3811,2426.9294,46210056,55.1,0.366
Ukraine,UKR,2013,1194.534,2432.4163,46126770,55.1,0.298
Ukraine,UKR,2014,1198.5458,2308.6436,45972380,55.1,0.282
Ukraine,UKR,2015,1203.4536,2094.4739,45784896,55.1,0.291
Ukraine,UKR,2016,1207.8875,2156.083,45616830,55.1,0.301
Ukraine,UKR,2017,1212.6937,2217.753,45436040,55.1,0.338
Ukraine,UKR,2018,1218.7864,2308.667,45208908,55.1,0.403
Ukraine,UKR,2019,1225.6031,2398.0784,44957456,55.1,0.447
Ukraine,UKR,2020,1233.2136,2324.1074,44680016,55.1,0.49
Ukraine,UKR,2021,1243.8306,2426.6123,44298640,55.1,0.588
Ukraine,UKR,2022,1342.3059,1874.663,41048770,55.1,2.052
Ukraine,UKR,2023,,2164.2612,37732836,,
Ukraine,UKR,2024,,2219.0425,37860220,,
United Arab Emirates,ARE,1990,79.0214,66481.62,1898220,0.15,
United Arab Emirates,ARE,1991,74.75234,63430.914,2006626,0.15,
United Arab Emirates,ARE,1992,70.93104,62201.625,2114730,0.15,
United Arab Emirates,ARE,1993,67.50393,59942.86,2222093,0.15,
United Arab Emirates,ARE,1994,64.42779,61156.652,2328188,0.15,
United Arab Emirates,ARE,1995,61.610195,62393.332,2434662,0.15,-4.856
United Arab Emirates,ARE,1996,57.74641,61871.367,2597564,0.15,-5.031
United Arab Emirates,ARE,1997,53.240387,61715.555,2817410,0.15,-5.576
United Arab Emirates,ARE,1998,49.335274,57355.785,3040421,0.15,-6.078
United Arab Emirates,ARE,1999,45.927612,54943.75,3266009,0.15,-6.546
United Arab Emirates,ARE,2000,42.935963,56939.27,3493575,0.15,-6.968
United Arab Emirates,ARE,2001,40.283703,54169.414,3723590,0.15,-6.949
United Arab Emirates,ARE,2002,37.909172,52216.875,3956826,0.15,-6.567
United Arab Emirates,ARE,2003,35.77854,53619.19,4192457,0.15,-6.224
United Arab Emirates,ARE,2004,33.867943,55611.418,4428967,0.15,-5.91
United Arab Emirates,ARE,2005,32.15579,55363.566,4664790,0.15,-5.618
United Arab Emirates,ARE,2006,29.9455,56629.977,5009100,0.15,-5.759
United Arab Emirates,ARE,2007,26.668398,52038.617,5624635,0.15,-6.793
United Arab Emirates,ARE,2008,23.79946,47922.7,6302664,0.15,-7.83
United Arab Emirates,ARE,2009,22.3645,42672.2,6707058,0.15,-7.965
United Arab Emirates,ARE,2010,21.834576,42328.85,6869838,0.15,-7.45
United Arab Emirates,ARE,2011,21.113266,43687.777,7104538,0.15,-6.751
United Arab Emirates,ARE,2012,20.293724,43958.566,7391448,0.15,-5.317
United Arab Emirates,ARE,2013,19.498167,44312.633,7693031,0.15,-3.908
United Arab Emirates,ARE,2014,18.611715,44257.652,8059440,0.15,-3.607
United Arab Emirates,ARE,2015,17.636192,44910.336,8505237,0.15,-4.181
United Arab Emirates,ARE,2016,16.787735,45168.5,8935095,0.15,-4.482
United Arab Emirates,ARE,2017,16.263292,43293.02,9223225,0.15,-4.331
United Arab Emirates,ARE,2018,16.048443,43377.785,9346701,0.15,-3.819
United Arab Emirates,ARE,2019,15.880099,43468.457,9445785,0.15,-3.125
United Arab Emirates,ARE,2020,15.955685,39878.473,9401038,0.15,-1.983
United Arab Emirates,ARE,2021,15.665547,40935.895,9575152,0.15,-1.374
United Arab Emirates,ARE,2022,14.888371,41828.555,10074977,0.15,-1.751
United Arab Emirates,ARE,2023,,41926.582,10483751,,
United Arab Emirates,ARE,2024,,41605.418,10986400,,
United Kingdom,GBR,1990,2532.858,30071.209,57247584,145,
United Kingdom,GBR,1991,2525.037,29590.906,57424896,145,
United Kingdom,GBR,1992,2518.218,29893.078,57580400,145,
United Kingdom,GBR,1993,2512.1877,30862.412,57718616,145,
United Kingdom,GBR,1994,2505.8003,32308.795,57865744,145,
United Kingdom,GBR,1995,2499.18,33362.016,58019030,145,-0.267
United Kingdom,GBR,1996,2492.8245,34147.348,58166950,145,-0.256
United Kingdom,GBR,1997,2486.4124,35721.61,58316950,145,-0.254
United Kingdom,GBR,1998,2479.1775,36773.93,58487140,145,-0.264
United Kingdom,GBR,1999,2470.9255,37730.715,58682464,145,-0.28
United Kingdom,GBR,2000,2462.1125,39297.137,58892510,145,-0.298
United Kingdom,GBR,2001,2452.6523,40082.137,59119670,145,-0.324
United Kingdom,GBR,2002,2442.2913,40594.934,59370480,145,-0.357
United Kingdom,GBR,2003,2430.9453,41706.832,59647576,145,-0.392
United Kingdom,GBR,2004,2417.1538,42434.82,59987904,145,-0.439
United Kingdom,GBR,2005,2400.6143,43320.562,60401210,145,-0.505
United Kingdom,GBR,2006,2383.0334,43945,60846820,145,-0.574
United Kingdom,GBR,2007,2364.5496,44882.14,61322464,145,-0.645
United Kingdom,GBR,2008,2346.0127,44508.29,61806996,145,-0.709
United Kingdom,GBR,2009,2328.3347,42146.508,62276270,145,-0.746
United Kingdom,GBR,2010,2310.1545,42762.723,62766364,145,-0.765
United Kingdom,GBR,2011,2292.171,42791.094,63258810,145,-0.774
United Kingdom,GBR,2012,2275.902,43136.7,63711000,145,-0.761
United Kingdom,GBR,2013,2260.715,43585.195,64139000,145,-0.738
United Kingdom,GBR,2014,2243.8875,44627.883,64620000,145,-0.736
United Kingdom,GBR,2015,2227.7532,45255.344,65088000,145,-0.724
United Kingdom,GBR,2016,2210.1301,45888.01,65607000,145,-0.726
United Kingdom,GBR,2017,2198.102,47018.027,65966000,145,-0.693
United Kingdom,GBR,2018,2187.3916,47514.777,66289000,145,-0.657
United Kingdom,GBR,2019,2176.1643,47864.758,66631000,145,-0.611
United Kingdom,GBR,2020,2172.48,42982.465,66744000,145,-0.501
United Kingdom,GBR,2021,2164.696,46487.344,66984000,145,-0.415
United Kingdom,GBR,2022,2144.8435,48433.01,67604000,145,-0.489
United Kingdom,GBR,2023,,47934.938,68492000,,
United Kingdom,GBR,2024,,47960.91,69226000,,
United States,USA,1990,11289.023,39009.37,249623000,2818,
United States,USA,1991,11139.177,38449.883,252981000,2818,
United States,USA,1992,10985.755,39256.047,256514000,2818,
United States,USA,1993,10841.839,39807.88,259919000,2818,
United States,USA,1994,10709.698,40907.02,263126000,2818,
United States,USA,1995,10582.925,41507.914,266278000,2818,-1.283
United States,USA,1996,10460.515,42575.69,269394000,2818,-1.249
United States,USA,1997,10335.33,43936.906,272657000,2818,-1.213
United States,USA,1998,10215.549,45374.62,275854000,2818,-1.183
United States,USA,1999,10098.91,47004.47,279040000,2818,-1.168
United States,USA,2000,9987.156,48379.754,282162400,2818,-1.152
United States,USA,2001,9888.797,48361.016,284968960,2818,-1.118
United States,USA,2002,9797.473,48729.16,287625180,2818,-1.063
United States,USA,2003,9713.626,49662.754,290107940,2818,-1.003
United States,USA,2004,9624.143,51098.56,292805300,2818,-0.958
United States,USA,2005,9535.844,52393.453,295516600,2818,-0.921
United States,USA,2006,9444.336,53335.59,298379900,2818,-0.916
United States,USA,2007,9354.94,53889.4,301231200,2818,-0.92
United States,USA,2008,9266.872,53442.715,304093950,2818,-0.937
United States,USA,2009,9185.989,51611.32,306771520,2818,-0.928
United States,USA,2010,9108.592,52555.77,309378240,2818,-0.913
United States,USA,2011,9036.701,52956.664,311839460,2818,-0.879
United States,USA,2012,8964.841,53738.15,314339100,2818,-0.848
United States,USA,2013,8897.272,54462.625,316726270,2818,-0.811
United States,USA,2014,8826.7295,55394.45,319257570,2818,-0.795
United States,USA,2015,8756.58,56572.918,321815140,2818,-0.785
United States,USA,2016,8688.056,57151.473,324353340,2818,-0.784
United States,USA,2017,8628.064,58151.703,326608600,2818,-0.763
United States,USA,2018,8577.614,59526.664,328529570,2818,-0.729
United States,USA,2019,8533.544,60750.99,330226240,2818,-0.673
United States,USA,2020,8498.762,59194.668,331577730,2818,-0.596
United States,USA,2021,8485.402,62680.25,332099780,2818,-0.471
United States,USA,2022,8436.688,63886.133,334017300,2818,-0.448
United States,USA,2023,,65186.598,336806240,,
United States,USA,2024,,66356.17,340110980,,
Uruguay,URY,1990,29699.752,8320.355,3104403,92.2,
Uruguay,URY,1991,29529.002,8565.27,3122354,92.2,
Uruguay,URY,1992,29365.844,9193.551,3139702,92.2,
Uruguay,URY,1993,29211.002,9388.109,3156345,92.2,
Uruguay,URY,1994,29059.195,10019.348,3172834,92.2,
Uruguay,URY,1995,28907.896,9822.896,3189440,92.2,-0.539
Uruguay,URY,1996,28755.672,10316.203,3206324,92.2,-0.529
Uruguay,URY,1997,28603.826,11138.867,3223345,92.2,-0.524
Uruguay,URY,1998,28463.115,11584.949,3239280,92.2,-0.517
Uruguay,URY,1999,28334.227,11357.087,3254015,92.2,-0.504
Uruguay,URY,2000,28228.47,11096.331,3266206,92.2,-0.475
Uruguay,URY,2001,28159.111,10643.558,3274251,92.2,-0.418
Uruguay,URY,2002,28119.469,9806.771,3278867,92.2,-0.341
Uruguay,URY,2003,28099.596,9878.757,3281186,92.2,-0.257
Uruguay,URY,2004,28082.803,10366.907,3283148,92.2,-0.178
Uruguay,URY,2005,28060.385,11131.398,3285771,92.2,-0.119
Uruguay,URY,2006,28028.525,11574.471,3289506,92.2,-0.093
Uruguay,URY,2007,27980.492,12310.482,3295153,92.2,-0.099
Uruguay,URY,2008,27920.975,13165.836,3302177,92.2,-0.127
Uruguay,URY,2009,27854.219,13691.714,3310091,92.2,-0.163
Uruguay,URY,2010,27782.967,14722.378,3318580,92.2,-0.199
Uruguay,URY,2011,27714.111,15443.996,3326825,92.2,-0.225
Uruguay,URY,2012,27642.854,15949.317,3335401,92.2,-0.243
Uruguay,URY,2013,27560.752,16639.406,3345337,92.2,-0.259
Uruguay,URY,2014,27470.45,17122.037,3356334,92.2,-0.277
Uruguay,URY,2015,27375.158,17125.902,3368017,92.2,-0.295
Uruguay,URY,2016,27283.895,17357.234,3379283,92.2,-0.312
Uruguay,URY,2017,27210.178,17611.604,3388438,92.2,-0.315
Uruguay,URY,2018,27161.312,17608.943,3394534,92.2,-0.292
Uruguay,URY,2019,27139.95,17758.438,3397206,92.2,-0.242
Uruguay,URY,2020,27125.88,16443.363,3398968,92.2,-0.183
Uruguay,URY,2021,27144.033,17416.006,3396695,92.2,-0.103
Uruguay,URY,2022,27190.316,18228.355,3390913,92.2,-0.015
Uruguay,URY,2023,,18378.982,3388081,,
Uruguay,URY,2024,,18958.604,3386588,,
Uzbekistan,UZB,1990,,1569.0107,20464956,,
Uzbekistan,UZB,1991,,1524.2042,20962910,,
Uzbekistan,UZB,1992,760.5274,1320.5977,21485090,16.34,
Uzbekistan,UZB,1993,743.13416,1260.7166,21987956,16.34,
Uzbekistan,UZB,1994,727.409,1169.869,22463292,16.34,
Uzbekistan,UZB,1995,712.9895,1136.3584,22917588,16.34,
Uzbekistan,UZB,1996,699.7265,1134.1787,23351980,16.34,
Uzbekistan,UZB,1997,687.74054,1172.7179,23758960,16.34,-1.992
Uzbekistan,UZB,1998,677.02704,1204.0908,24134928,16.34,-1.846
Uzbekistan,UZB,1999,667.5925,1238.366,24476008,16.34,-1.702
Uzbekistan,UZB,2000,659.2151,1269.7214,24787054,16.34,-1.556
Uzbekistan,UZB,2001,651.2481,1306.6063,25090284,16.34,-1.426
Uzbekistan,UZB,2002,643.3076,1341.96,25399980,16.34,-1.327
Uzbekistan,UZB,2003,635.5192,1381.8257,25711260,16.34,-1.257
Uzbekistan,UZB,2004,627.7529,1466.6135,26029350,16.34,-1.223
Uzbekistan,UZB,2005,619.94977,1549.0458,26356976,16.34,-1.221
Uzbekistan,UZB,2006,612.00696,1643.1465,26699044,16.34,-1.235
Uzbekistan,UZB,2007,603.4863,1773.758,27076008,16.34,-1.27
Uzbekistan,UZB,2008,594.29474,1904.4585,27494774,16.34,-1.332
Uzbekistan,UZB,2009,584.8387,2025.043,27939328,16.34,-1.406
Uzbekistan,UZB,2010,575.6459,2144.64,28385506,16.34,-1.472
Uzbekistan,UZB,2011,566.90454,2271.0093,28823196,16.34,-1.519
Uzbekistan,UZB,2012,558.4052,2395.8403,29261904,16.34,-1.541
Uzbekistan,UZB,2013,549.7229,2530.6846,29724064,16.34,-1.547
Uzbekistan,UZB,2014,540.64795,2659.9907,30222994,16.34,-1.559
Uzbekistan,UZB,2015,531.39343,2803.1902,30749346,16.34,-1.587
Uzbekistan,UZB,2016,522.30225,2918.6772,31284568,16.34,-1.626
Uzbekistan,UZB,2017,513.5268,2995.7676,31819178,16.34,-1.662
Uzbekistan,UZB,2018,504.73398,3108.1619,32373490,16.34,-1.693
Uzbekistan,UZB,2019,495.68173,3259.3696,32964700,16.34,-1.722
Uzbekistan,UZB,2020,486.50684,3249.052,33586372,16.34,-1.75
Uzbekistan,UZB,2021,477.16812,3442.7249,34243696,16.34,-1.791
Uzbekistan,UZB,2022,467.67282,3576.7156,34938956,16.34,-1.853
Uzbekistan,UZB,2023,,3725.674,35652308,,
Uzbekistan,UZB,2024,,3890.416,36361860,,
Vanuatu,VUT,1990,67538.82,2637.2607,148063,10,
Vanuatu,VUT,1991,65879.19,2653.4272,151793,10,
Vanuatu,VUT,1992,64264.047,2655.294,155608,10,
Vanuatu,VUT,1993,62710.473,2610.1587,159463,10,
Vanuatu,VUT,1994,61231.74,2780.0615,163314,10,
Vanuatu,VUT,1995,59831.156,2743.744,167137,10,-2.394
Vanuatu,VUT,1996,58509.984,2745.6035,170911,10,-2.345
Vanuatu,VUT,1997,57265.242,2819.0488,174626,10,-2.28
Vanuatu,VUT,1998,56081.16,2793.2493,178313,10,-2.21
Vanuatu,VUT,1999,54930.566,2745.1694,182048,10,-2.148
Vanuatu,VUT,2000,53682.34,2841.739,186281,10,-2.145
Vanuatu,VUT,2001,52347.523,2676.9294,191031,10,-2.201
Vanuatu,VUT,2002,51056.094,2475.1663,195863,10,-2.269
Vanuatu,VUT,2003,49814.19,2518.5212,200746,10,-2.342
Vanuatu,VUT,2004,48611.887,2555.7344,205711,10,-2.414
Vanuatu,VUT,2005,47447.332,2626.8506,210760,10,-2.439
Vanuatu,VUT,2006,46312.805,2780.9749,215923,10,-2.42
Vanuatu,VUT,2007,45192.43,2791.742,221276,10,-2.41
Vanuatu,VUT,2008,44073.055,2875.0852,226896,10,-2.419
Vanuatu,VUT,2009,42968.062,2888.1372,232731,10,-2.438
Vanuatu,VUT,2010,41973.07,2856.7737,238248,10,-2.422
Vanuatu,VUT,2011,41072.15,2883.2268,243474,10,-2.373
Vanuatu,VUT,2012,40179.523,2849.0544,248883,10,-2.324
Vanuatu,VUT,2013,39295.51,2799.2827,254482,10,-2.269
Vanuatu,VUT,2014,38426.066,2807.8342,260240,10,-2.21
Vanuatu,VUT,2015,37579.715,2854.894,266101,10,-2.187
Vanuatu,VUT,2016,36752.95,2889.0142,272087,10,-2.198
Vanuatu,VUT,2017,35905.742,2946.962,278507,10,-2.224
Vanuatu,VUT,2018,35055.863,2960.6538,285259,10,-2.257
Vanuatu,VUT,2019,34248.336,2986.2036,291985,10,-2.276
Vanuatu,VUT,2020,33460.707,2771.871,298858,10,-2.295
Vanuatu,VUT,2021,32693.842,2666.3027,305868,10,-2.313
Vanuatu,VUT,2022,31944.188,2740.2754,313046,10,-2.311
Vanuatu,VUT,2023,,2733.3599,320409,,
Vanuatu,VUT,2024,,2697.0918,327777,,
"Venezuela, RB",VEN,1990,40601.18,3762.2751,19827010,805,
"Venezuela, RB",VEN,1991,39645.61,4031.1785,20304896,805,
"Venezuela, RB",VEN,1992,38737.406,4177.5386,20780948,805,
"Venezuela, RB",VEN,1993,37874.297,4095.708,21254520,805,
"Venezuela, RB",VEN,1994,37053.766,3912.8389,21725188,805,
"Venezuela, RB",VEN,1995,36271.355,3981.5728,22193820,805,-2.23
"Venezuela, RB",VEN,1996,35521.844,3891.5793,22662112,805,-2.173
"Venezuela, RB",VEN,1997,34800.75,4055.4802,23131684,805,-2.121
"Venezuela, RB",VEN,1998,34108.24,3986.4666,23601336,805,-2.073
"Venezuela, RB",VEN,1999,33448.855,3675.991,24066592,805,-2.026
"Venezuela, RB",VEN,2000,32821.363,3740.0195,24526708,805,-1.979
"Venezuela, RB",VEN,2001,32225.88,3796.806,24979922,805,-1.929
"Venezuela, RB",VEN,2002,31648.467,3398.5686,25435672,805,-1.881
"Venezuela, RB",VEN,2003,31089.84,3079.6636,25892704,805,-1.836
"Venezuela, RB",VEN,2004,30560.91,3580.8542,26340838,805,-1.79
"Venezuela, RB",VEN,2005,30053.232,3884.701,26785804,805,-1.747
"Venezuela, RB",VEN,2006,29568.752,4199.3975,27224686,805,-1.706
"Venezuela, RB",VEN,2007,29114.596,4496.849,27649364,805,-1.655
"Venezuela, RB",VEN,2008,28694.97,4665.953,28053696,805,-1.59
"Venezuela, RB",VEN,2009,28306.898,4455.453,28438298,805,-1.521
"Venezuela, RB",VEN,2010,27938.68,4332.027,28813100,805,-1.449
"Venezuela, RB",VEN,2011,27582.463,4455.4106,29185212,805,-1.381
"Venezuela, RB",VEN,2012,27238.436,4647.373,29553826,805,-1.323
"Venezuela, RB",VEN,2013,26912.098,4653.3647,29912198,805,-1.275
"Venezuela, RB",VEN,2014,26607.982,4421.608,30254080,805,-1.23
"Venezuela, RB",VEN,2015,26329.586,4103.1387,30573972,805,-1.179
"Venezuela, RB",VEN,2016,26165.486,3382.7349,30765720,805,-1.049
"Venezuela, RB",VEN,2017,26337.035,2871.3154,30565324,805,-0.671
"Venezuela, RB",VEN,2018,27006.543,2365.5928,29807592,805,0.07
"Venezuela, RB",VEN,2019,27818,1762.7373,28938098,805,0.893
"Venezuela, RB",VEN,2020,28301.146,1255.3727,28444076,805,1.455
"Venezuela, RB",VEN,2021,28507.86,1276.6238,28237826,805,1.73
"Venezuela, RB",VEN,2022,28532.928,1379.9778,28213016,805,1.615
"Venezuela, RB",VEN,2023,,1430.7457,28300854,,
"Venezuela, RB",VEN,2024,,1501.0228,28405544,,
Viet Nam,VNM,1990,5486.947,687.8603,65504550,359.42,
Viet Nam,VNM,1991,5373.1567,713.7472,66891776,359.42,
Viet Nam,VNM,1992,5265.4297,759.9108,68260340,359.42,
Viet Nam,VNM,1993,5165.091,805.60645,69586380,359.42,
Viet Nam,VNM,1994,5072.6567,861.12244,70854390,359.42,
Viet Nam,VNM,1995,4988.4844,927.6255,72049940,359.42,-1.887
Viet Nam,VNM,1996,4913.0327,998.9249,73156450,359.42,-1.775
Viet Nam,VNM,1997,4842.1807,1064.7781,74226890,359.42,-1.662
Viet Nam,VNM,1998,4773.1953,1110.1127,75299660,359.42,-1.566
Viet Nam,VNM,1999,4711.3906,1148.0447,76287460,359.42,-1.467
Viet Nam,VNM,2000,4658.4746,1212.1965,77154010,359.42,-1.36
Viet Nam,VNM,2001,4609.7593,1273.8053,77969360,359.42,-1.266
Viet Nam,VNM,2002,4562.776,1340.5167,78772220,359.42,-1.182
Viet Nam,VNM,2003,4517.3823,1418.7434,79563780,359.42,-1.096
Viet Nam,VNM,2004,4473.794,1510.9445,80338970,359.42,-1.03
Viet Nam,VNM,2005,4432.451,1609.9626,81088310,359.42,-0.99
Viet Nam,VNM,2006,4374.2144,1699.6761,82167896,359.42,-1.043
Viet Nam,VNM,2007,4297.5664,1788.9485,83633380,359.42,-1.191
Viet Nam,VNM,2008,4219.7437,1856.0052,85175790,359.42,-1.354
Viet Nam,VNM,2009,4157.066,1927.1343,86460020,359.42,-1.458
Viet Nam,VNM,2010,4109.7637,2027.5818,87455150,359.42,-1.5
Viet Nam,VNM,2011,4062.6975,2132.9045,88468310,359.42,-1.467
Viet Nam,VNM,2012,4015.4014,2224.114,89510350,359.42,-1.349
Viet Nam,VNM,2013,3968.2861,2320.0842,90573100,359.42,-1.221
Viet Nam,VNM,2014,3920.3933,2439.2866,91679576,359.42,-1.166
Viet Nam,VNM,2015,3872.09,2577.5688,92823256,359.42,-1.184
Viet Nam,VNM,2016,3823.6123,2715.5789,94000120,359.42,-1.206
Viet Nam,VNM,2017,3776.3335,2868.1367,95176980,359.42,-1.22
Viet Nam,VNM,2018,3734.7258,3048.2832,96237320,359.42,-1.206
Viet Nam,VNM,2019,3698.7346,3241.0764,97173780,359.42,-1.157
Viet Nam,VNM,2020,3664.5898,3303.1694,98079190,359.42,-1.096
Viet Nam,VNM,2021,3632.8867,3358.2173,98935096,359.42,-1.018
Viet Nam,VNM,2022,3605.7146,3617.663,99680660,359.42,-0.92
Viet Nam,VNM,2023,,3775.4639,100352190,,
Viet Nam,VNM,2024,,4017.746,100987690,,
Virgin Islands (U.S.),VIR,1990,,,103963,,
Virgin Islands (U.S.),VIR,1991,,,104807,,
Virgin Islands (U.S.),VIR,1992,,,105712,,
Virgin Islands (U.S.),VIR,1993,,,106578,,
Virgin Islands (U.S.),VIR,1994,,,107318,,
Virgin Islands (U.S.),VIR,1995,,,107818,,
Virgin Islands (U.S.),VIR,1996,,,108095,,
Virgin Islands (U.S.),VIR,1997,,,108357,,
Virgin Islands (U.S.),VIR,1998,,,108537,,
Virgin Islands (U.S.),VIR,1999,,,108599,,
Virgin Islands (U.S.),VIR,2000,,,108642,,
Virgin Islands (U.S.),VIR,2001,,,108549,,
Virgin Islands (U.S.),VIR,2002,,43205.727,108509,,
Virgin Islands (U.S.),VIR,2003,,43036.18,108505,,
Virgin Islands (U.S.),VIR,2004,,44466.29,108466,,
Virgin Islands (U.S.),VIR,2005,,46021.59,108453,,
Virgin Islands (U.S.),VIR,2006,,47671.566,108369,,
Virgin Islands (U.S.),VIR,2007,,49598.125,108337,,
Virgin Islands (U.S.),VIR,2008,,50174.754,108397,,
Virgin Islands (U.S.),VIR,2009,,46862.81,108404,,
Virgin Islands (U.S.),VIR,2010,,47162.74,108357,,
Virgin Islands (U.S.),VIR,2011,,43320.176,108290,,
Virgin Islands (U.S.),VIR,2012,,36938.168,108188,,
Virgin Islands (U.S.),VIR,2013,,34663.645,108041,,
Virgin Islands (U.S.),VIR,2014,,34098.71,107882,,
Virgin Islands (U.S.),VIR,2015,,34007.35,107712,,
Virgin Islands (U.S.),VIR,2016,,34614.75,107516,,
Virgin Islands (U.S.),VIR,2017,,34435.496,107281,,
Virgin Islands (U.S.),VIR,2018,,35174.1,107001,,
Virgin Islands (U.S.),VIR,2019,,36309.742,106669,,
Virgin Islands (U.S.),VIR,2020,,35850.742,106290,,
Virgin Islands (U.S.),VIR,2021,,37313.047,105870,,
Virgin Islands (U.S.),VIR,2022,,36983.43,105413,,
Virgin Islands (U.S.),VIR,2023,,,104917,,
Virgin Islands (U.S.),VIR,2024,,,104377,,
West Bank and Gaza,PSE,1990,410.4642,,1978248,0.812,
West Bank and Gaza,PSE,1991,392.48953,,2068845,0.812,
West Bank and Gaza,PSE,1992,375.30197,,2163591,0.812,
West Bank and Gaza,PSE,1993,358.86713,,2262676,0.812,
West Bank and Gaza,PSE,1994,343.15204,2137.3894,2366298,0.812,
West Bank and Gaza,PSE,1995,328.1251,2189.2651,2474666,0.812,-4.379
West Bank and Gaza,PSE,1996,313.75616,2118.82,2587997,0.812,-4.379
West Bank and Gaza,PSE,1997,300.01648,2323.2065,2706518,0.812,-4.379
West Bank and Gaza,PSE,1998,292.44736,2589.2036,2776568,0.812,-4.011
West Bank and Gaza,PSE,1999,285.0692,2732.873,2848431,0.812,-3.641
West Bank and Gaza,PSE,2000,277.87732,2436.012,2922153,0.812,-3.27
West Bank and Gaza,PSE,2001,270.86676,2153.4573,2997784,0.812,-2.897
West Bank and Gaza,PSE,2002,264.03302,1836.9805,3075373,0.812,-2.523
West Bank and Gaza,PSE,2003,257.3718,2041.6049,3154969,0.812,-2.523
West Bank and Gaza,PSE,2004,250.87854,2426.4158,3236626,0.812,-2.523
West Bank and Gaza,PSE,2005,244.54915,2632.2463,3320396,0.812,-2.523
West Bank and Gaza,PSE,2006,238.37944,2540.2676,3406334,0.812,-2.523
West Bank and Gaza,PSE,2007,232.36542,2569.9844,3494496,0.812,-2.523
West Bank and Gaza,PSE,2008,226.05936,2685.986,3591977,0.812,-2.561
West Bank and Gaza,PSE,2009,220.10794,2840.0159,3689099,0.812,-2.583
West Bank and Gaza,PSE,2010,214.46526,2927.081,3786161,0.812,-2.591
West Bank and Gaza,PSE,2011,209.11742,3128.1082,3882986,0.812,-2.585
West Bank and Gaza,PSE,2012,204.0202,3237.9163,3979998,0.812,-2.568
West Bank and Gaza,PSE,2013,199.18031,3309.631,4076708,0.812,-2.5
West Bank and Gaza,PSE,2014,194.56567,3227.8494,4173398,0.812,-2.437
West Bank and Gaza,PSE,2015,190.15984,3272.1543,4270092,0.812,-2.377
West Bank and Gaza,PSE,2016,185.93626,3483.099,4367088,0.812,-2.322
West Bank and Gaza,PSE,2017,182.2751,3462.98,4454805,0.812,-2.229
West Bank and Gaza,PSE,2018,177.71603,3417.7944,4569087,0.812,-2.255
West Bank and Gaza,PSE,2019,173.30779,3378.4346,4685306,0.812,-2.287
West Bank and Gaza,PSE,2020,169.05153,2922.468,4803269,0.812,-2.326
West Bank and Gaza,PSE,2021,164.94849,3051.486,4922749,0.812,-2.367
West Bank and Gaza,PSE,2022,,3099.961,5043612,,
West Bank and Gaza,PSE,2023,,2888.763,5165775,,
West Bank and Gaza,PSE,2024,,2072.09,5289152,,
World,WLD,1990,7771.1743,6783.2056,5299246600,,
World,WLD,1991,7637.631,6753.438,5388496400,,
World,WLD,1992,7983.2754,6782.575,5477124000,42636.645,
World,WLD,1993,7784.111,6801.908,5564778500,42787.195,
World,WLD,1994,7663.1465,6925.6616,5650853400,42773.195,
World,WLD,1995,7548.8765,7038.151,5736505300,42773.195,-0.579
World,WLD,1996,7437.262,7183.1807,5822614500,42772.297,-0.53
World,WLD,1997,7329.2666,7359.524,5908466700,42773.195,-1.695
World,WLD,1998,7224.4966,7459.9106,5994040300,42773.195,-1.481
World,WLD,1999,7124.0107,7619.7573,6078404000,42773.195,-1.448
World,WLD,2000,7027.5864,7858.908,6161884700,42773.195,-1.421
World,WLD,2001,6934.157,7912.246,6245113000,42773.195,-1.391
World,WLD,2002,6843.9985,7989.629,6327557600,42773.195,-1.361
World,WLD,2003,6756.295,8131.193,6409750500,42773.195,-1.331
World,WLD,2004,6669.5654,8388.598,6492770000,42770.195,-1.31
World,WLD,2005,6585.479,8618.447,6575841300,42770.195,-1.291
World,WLD,2006,6496.4673,8890.474,6659977000,42778.6,-1.296
World,WLD,2007,6415.461,9166.565,6744489500,42778.6,-1.285
World,WLD,2008,6335.1147,9240.506,6830513700,42778.6,-1.279
World,WLD,2009,6256.72,9005.176,6916589000,42778.6,-1.27
World,WLD,2010,6181.5063,9298.75,7001266700,42778.6,-1.258
World,WLD,2011,6106.972,9492.829,7087120000,42778.6,-1.229
World,WLD,2012,5994.8447,9630.064,7176929300,42808.6,-1.347
World,WLD,2013,5921.2153,9786.879,7265892400,42808.6,-1.342
World,WLD,2014,5849.9814,9972.482,7354068000,42808.6,-1.335
World,WLD,2015,5780.886,10161.944,7441677300,42808.6,-1.331
World,WLD,2016,5713.6816,10324.84,7528880000,42808.6,-1.323
World,WLD,2017,5649.1963,10561.101,7614523400,42808.6,-1.181
World,WLD,2018,5588.281,10789.667,7697234000,42808.6,-1.151
World,WLD,2019,5530.03,10963.682,7778008600,42808.6,-1.119
World,WLD,2020,5475.7373,10541.812,7854748700,42808.6,-1.079
World,WLD,2021,5429.9443,11124.75,7920515000,42808.6,-1.014
World,WLD,2022,5392.2686,11403.941,7989545500,,-0.927
World,WLD,2023,,11631.717,8064058000,,
World,WLD,2024,,11851.505,8141809000,,
"Yemen, Rep.",YEM,1990,151.21118,1722.2244,13887862,2.1,
"Yemen, Rep.",YEM,1991,145.52812,1761.8114,14430201,2.1,
"Yemen, Rep.",YEM,1992,140.09813,1835.2811,14989494,2.1,
"Yemen, Rep.",YEM,1993,134.9275,1838.2827,15563914,2.1,
"Yemen, Rep.",YEM,1994,130.03783,1890.7551,16149147,2.1,
"Yemen, Rep.",YEM,1995,125.44759,1927.423,16740058,2.1,-3.667
"Yemen, Rep.",YEM,1996,121.2949,1949.9976,17313176,2.1,-3.577
"Yemen, Rep.",YEM,1997,117.48951,1987.6266,17873936,2.1,-3.459
"Yemen, Rep.",YEM,1998,113.84574,2041.671,18446012,2.1,-3.341
"Yemen, Rep.",YEM,1999,110.35544,2053.7979,19029420,2.1,-3.229
"Yemen, Rep.",YEM,2000,107.011055,2114.6726,19624140,2.1,-3.129
"Yemen, Rep.",YEM,2001,103.826004,2129.7727,20226148,2.1,-3.062
"Yemen, Rep.",YEM,2002,100.79152,2148.8887,20835086,2.1,-3.019
"Yemen, Rep.",YEM,2003,97.87299,2164.8608,21456380,2.1,-2.978
"Yemen, Rep.",YEM,2004,95.04341,2185.79,22095168,2.1,-2.943
"Yemen, Rep.",YEM,2005,92.14533,2237.6377,22790084,2.1,-2.947
"Yemen, Rep.",YEM,2006,89.19817,2234.7427,23543084,2.1,-2.991
"Yemen, Rep.",YEM,2007,86.35549,2235.7507,24318082,2.1,-3.044
"Yemen, Rep.",YEM,2008,83.62556,2244.045,25111940,2.1,-3.097
"Yemen, Rep.",YEM,2009,80.994385,2257.469,25927724,2.1,-3.148
"Yemen, Rep.",YEM,2010,78.4918,2356.1997,26754388,2.1,-3.157
"Yemen, Rep.",YEM,2011,76.13413,1994.8367,27582896,2.1,-3.118
"Yemen, Rep.",YEM,2012,73.85616,1981.458,28433648,2.1,-3.079
"Yemen, Rep.",YEM,2013,71.640686,2014.7289,29312952,2.1,-3.046
"Yemen, Rep.",YEM,2014,69.4759,1950.1626,30226308,2.1,-3.021
"Yemen, Rep.",YEM,2015,67.39544,1362.1738,31159380,2.1,-3.002
"Yemen, Rep.",YEM,2016,65.40221,1197.9586,32109010,2.1,-2.993
"Yemen, Rep.",YEM,2017,63.461517,1103.4563,33090920,2.1,-2.988
"Yemen, Rep.",YEM,2018,61.61035,1079.3293,34085184,2.1,-2.972
"Yemen, Rep.",YEM,2019,59.80962,,35111410,2.1,-2.952
"Yemen, Rep.",YEM,2020,58.11562,,36134864,2.1,-2.919
"Yemen, Rep.",YEM,2021,56.54246,,37140230,2.1,-2.869
"Yemen, Rep.",YEM,2022,54.94092,,38222876,2.1,-2.842
"Yemen, Rep.",YEM,2023,,,39390800,,
"Yemen, Rep.",YEM,2024,,,40583164,,
Zambia,ZMB,1990,10300.315,878.58923,7786169,80.2,
Zambia,ZMB,1991,10048.048,856.7617,7981650,80.2,
Zambia,ZMB,1992,9808.382,821.8501,8176680,80.2,
Zambia,ZMB,1993,9577.354,857.0397,8373921,80.2,
Zambia,ZMB,1994,9351.386,764.6394,8576269,80.2,
Zambia,ZMB,1995,9128.404,768.0352,8785763,80.2,-2.387
Zambia,ZMB,1996,8907.1,796.01807,9004053,80.2,-2.382
Zambia,ZMB,1997,8682.413,805.5324,9237063,80.2,-2.409
Zambia,ZMB,1998,8457.768,781.6634,9482408,80.2,-2.456
Zambia,ZMB,1999,8234.082,796.378,9740005,80.2,-2.513
Zambia,ZMB,2000,8005.885,804.4846,10017631,80.2,-2.59
Zambia,ZMB,2001,7767.4155,822.02094,10325185,80.2,-2.701
Zambia,ZMB,2002,7531.967,833.0212,10647949,80.2,-2.803
Zambia,ZMB,2003,7301.799,863.6502,10983595,80.2,-2.897
Zambia,ZMB,2004,7073.4346,895.4753,11338198,80.2,-2.993
Zambia,ZMB,2005,6843.693,929.0793,11718819,80.2,-3.088
Zambia,ZMB,2006,6611.95,968.56354,12129553,80.2,-3.17
Zambia,ZMB,2007,6382.766,1013.0857,12565085,80.2,-3.257
Zambia,ZMB,2008,6159.128,1053.5862,13021324,80.2,-3.346
Zambia,ZMB,2009,5944.973,1110.7192,13490389,80.2,-3.416
Zambia,ZMB,2010,5742.6846,1183.4171,13965594,80.2,-3.447
Zambia,ZMB,2011,5554.8643,1208.4642,14437796,80.2,-3.424
Zambia,ZMB,2012,5377.6313,1258.7894,14913629,80.2,-3.369
Zambia,ZMB,2013,5208.1313,1280.7701,15398997,80.2,-3.299
Zambia,ZMB,2014,5045.5117,1299.0125,15895315,80.2,-3.228
Zambia,ZMB,2015,4890.5156,1295.8779,16399089,80.2,-3.162
Zambia,ZMB,2016,4741.5156,1303.5752,16914424,80.2,-3.117
Zambia,ZMB,2017,4598.276,1308.7683,17441320,80.2,-3.083
Zambia,ZMB,2018,4462.1074,1321.2505,17973568,80.2,-3.045
Zambia,ZMB,2019,4331.8945,1301.1813,18513840,80.2,-3.004
Zambia,ZMB,2020,4207.8984,1228.735,19059396,80.2,-2.962
Zambia,ZMB,2021,4091.0837,1269.1083,19603608,80.2,-2.908
Zambia,ZMB,2022,3979.5686,1298.848,20152938,80.2,-2.849
Zambia,ZMB,2023,,1330.86,20723964,,
Zambia,ZMB,2024,,1343.3896,21314956,,
Zimbabwe,ZWE,1990,1209.3972,1653.5652,10137281,12.26,
Zimbabwe,ZWE,1991,1178.3005,1700.1675,10404816,12.26,
Zimbabwe,ZWE,1992,1145.5054,1503.8339,10702700,12.26,
Zimbabwe,ZWE,1993,1128.8835,1497.594,10860288,12.26,
Zimbabwe,ZWE,1994,1127.5483,1633.9655,10873148,12.26,
Zimbabwe,ZWE,1995,1117.1251,1621.4192,10974599,12.26,-1.575
Zimbabwe,ZWE,1996,1098.7278,1759.9414,11158360,12.26,-1.389
Zimbabwe,ZWE,1997,1078.2926,1773.507,11369827,12.26,-1.202
Zimbabwe,ZWE,1998,1057.4164,1789.3513,11594297,12.26,-1.299
Zimbabwe,ZWE,1999,1040.4417,1746.2267,11783458,12.26,-1.595
Zimbabwe,ZWE,2000,1030.9404,1677.349,11892055,12.26,-1.593
Zimbabwe,ZWE,2001,1024.0646,1690.1466,11971901,12.26,-1.398
Zimbabwe,ZWE,2002,1014.2581,1525.0793,12087653,12.26,-1.217
Zimbabwe,ZWE,2003,1002.26263,1250.9194,12232323,12.26,-1.066
Zimbabwe,ZWE,2004,991.43646,1165.5444,12365896,12.26,-0.96
Zimbabwe,ZWE,2005,982.10175,1088.6315,12483432,12.26,-0.966
Zimbabwe,ZWE,2006,970.2096,1038.2238,12636445,12.26,-1.075
Zimbabwe,ZWE,2007,957.5089,987.2004,12804058,12.26,-1.145
Zimbabwe,ZWE,2008,946.0498,803.0449,12959149,12.26,-1.148
Zimbabwe,ZWE,2009,932.8309,896.9155,13142790,12.26,-1.211
Zimbabwe,ZWE,2010,917.90186,1056.2089,13356548,12.26,-1.343
Zimbabwe,ZWE,2011,901.774,1184.9342,13595424,12.26,-1.452
Zimbabwe,ZWE,2012,887.2558,1360.1523,13817887,12.26,-1.512
Zimbabwe,ZWE,2013,874.85144,1367.8184,14013808,12.26,-1.553
Zimbabwe,ZWE,2014,862.9331,1381.254,14207359,12.26,-1.546
Zimbabwe,ZWE,2015,851.44727,1387.1263,14399013,12.26,-1.492
Zimbabwe,ZWE,2016,839.7091,1378.3425,14600294,12.26,-1.416
Zimbabwe,ZWE,2017,827.68036,1422.9194,14812482,12.26,-1.381
Zimbabwe,ZWE,2018,815.4604,1472.146,15034452,12.26,-1.396
Zimbabwe,ZWE,2019,802.8096,1357.5309,15271368,12.26,-1.434
Zimbabwe,ZWE,2020,789.598,1230.8193,15526888,12.26,-1.497
Zimbabwe,ZWE,2021,776.0864,1312.2001,15797210,12.26,-1.563
Zimbabwe,ZWE,2022,762.9571,1369.1976,16069056,12.26,-1.615
Zimbabwe,ZWE,2023,,1418.4718,16340822,,
Zimbabwe,ZWE,2024,,1417.719,16634373,,
